{
  "image_filename": "000009235161180361",
  "objects": [
    {
      "shape": "Cube",
      "size": 1.5,
      "material": "data/materials/PoliigonBricksPaintedWhite001.blend",
      "3d_coords": [
        2.6985108852386475,
        1.868666172027588,
        1.5
      ],
      "rotation": 0.0,
      "pixel_coords": [
        109,
        51,
        9.89975357055664
      ]
    },
    {
      "shape": "Cube",
      "size": 1.5,
      "material": "data/materials/PoliigonBricksPaintedWhite001.blend",
      "3d_coords": [
        -0.567033052444458,
        -2.8731067180633545,
        1.5
      ],
      "rotation": 0.0,
      "pixel_coords": [
        26,
        54,
        9.456382751464844
      ]
    }
  ],
  "ground_material": "data/materials/PoliigonBricksPaintedWhite001.blend",
  "Lamp_Key": [
    6.20106315612793,
    -2.5352957248687744,
    4.2838544845581055
  ],
  "Lamp_Back": [
    -2.0050487518310547,
    2.1830623149871826,
    5.289003849029541
  ],
  "Lamp_Fill": [
    -5.118417739868164,
    -4.349567413330078,
    2.98577618598938
  ],
  "Camera": [
    7.7528510093688965,
    -6.404231548309326,
    5.349667072296143
  ]
}