{
  "image_filename": "000007710633168556",
  "objects": [
    {
      "shape": "Cone",
      "size": 1.0,
      "material": "data/materials/PoliigonFabricFleece001.blend",
      "3d_coords": [
        2.759934186935425,
        -0.5432212352752686,
        1.0
      ],
      "rotation": 0.0,
      "pixel_coords": [
        86,
        71,
        8.559464454650879
      ]
    },
    {
      "shape": "NewellTeapot",
      "size": 1.5,
      "material": "data/materials/PoliigonRoofTilesTerracotta004.blend",
      "3d_coords": [
        0.058074284344911575,
        1.1492657661437988,
        1.5
      ],
      "rotation": 0.0,
      "pixel_coords": [
        76,
        43,
        11.010735511779785
      ]
    }
  ],
  "ground_material": "data/materials/PoliigonFabricFleece001.blend",
  "Lamp_Key": [
    7.273298740386963,
    -2.5162229537963867,
    4.739159107208252
  ],
  "Lamp_Back": [
    -1.0456546545028687,
    3.3587453365325928,
    5.229448318481445
  ],
  "Lamp_Fill": [
    -4.410721778869629,
    -3.564375400543213,
    2.6031887531280518
  ],
  "Camera": [
    7.373745918273926,
    -6.138250827789307,
    5.760414123535156
  ]
}