{
  "objects": [
    {
      "material": "Rubber",
      "color": [
        1.0,
        0.0,
        0.0,
        1.0
      ],
      "3d_coords": [
        -2.3168745040893555,
        -2.5330774784088135,
        1.0
      ],
      "size": 1.0,
      "shape": "SmoothCube_v2",
      "rotation": 0.0,
      "pixel_coords": [
        18,
        52,
        10.541299819946289
      ]
    },
    {
      "material": "Rubber",
      "color": [
        0.0,
        0.0,
        1.0,
        1.0
      ],
      "3d_coords": [
        0.918369710445404,
        1.3002513647079468,
        2.0
      ],
      "size": 2.0,
      "shape": "SmoothCylinder",
      "rotation": 0.0,
      "pixel_coords": [
        86,
        38,
        10.144607543945312
      ]
    }
  ],
  "Lamp_Key": [
    5.665916442871094,
    -3.516005039215088,
    4.249578952789307
  ],
  "image_filename": "000015050512839057",
  "Lamp_Back": [
    -0.18613797426223755,
    3.123633861541748,
    6.015423774719238
  ],
  "Lamp_Fill": [
    -5.070691108703613,
    -4.684068202972412,
    3.3721747398376465
  ],
  "Camera": [
    7.366622447967529,
    -6.369377613067627,
    4.909371376037598
  ]
}