{
  "objects": [
    {
      "pixel_coords": [
        41,
        38,
        12.482588768005371
      ],
      "material": "Rubber",
      "3d_coords": [
        -2.930847644805908,
        -0.06575480848550797,
        1.5
      ],
      "rotation": 0.0,
      "size": 1.5,
      "color": [
        1.0,
        0.0,
        0.0,
        1.0
      ],
      "shape": "SmoothCylinder"
    },
    {
      "pixel_coords": [
        80,
        35,
        12.997491836547852
      ],
      "material": "MyMetal",
      "3d_coords": [
        -1.029019832611084,
        2.9204282760620117,
        1.5
      ],
      "rotation": 0.0,
      "size": 1.5,
      "color": [
        0.0,
        1.0,
        1.0,
        1.0
      ],
      "shape": "SmoothCube_v2"
    }
  ],
  "Lamp_Back": [
    -0.9062319993972778,
    3.0457489490509033,
    6.503268241882324
  ],
  "Lamp_Fill": [
    -4.779525279998779,
    -4.531951904296875,
    3.7227187156677246
  ],
  "Camera": [
    7.329011917114258,
    -6.629140377044678,
    5.634119987487793
  ],
  "image_filename": "000003820823706269",
  "Lamp_Key": [
    5.5606689453125,
    -3.0489120483398438,
    3.5368552207946777
  ]
}