{
  "objects": [
    {
      "rotation": 0.0,
      "color": [
        0.0,
        1.0,
        1.0,
        1.0
      ],
      "shape": "SmoothCube_v2",
      "size": 2.0,
      "3d_coords": [
        -1.3470567464828491,
        1.6859252452850342,
        2.0
      ],
      "material": "MyMetal",
      "pixel_coords": [
        68,
        34,
        12.496479034423828
      ]
    },
    {
      "rotation": 0.0,
      "color": [
        1.0,
        0.0,
        0.0,
        1.0
      ],
      "shape": "SmoothCube_v2",
      "size": 1.5,
      "3d_coords": [
        2.0326757431030273,
        2.911231517791748,
        1.5
      ],
      "material": "Rubber",
      "pixel_coords": [
        108,
        45,
        11.153958320617676
      ]
    }
  ],
  "Lamp_Key": [
    5.882802963256836,
    -2.8712010383605957,
    4.355958938598633
  ],
  "Camera": [
    7.744933128356934,
    -6.834758758544922,
    4.902255058288574
  ],
  "Lamp_Fill": [
    -5.563154697418213,
    -4.488993167877197,
    2.182856559753418
  ],
  "image_filename": "000000026351349225",
  "Lamp_Back": [
    -0.41702011227607727,
    2.4587981700897217,
    6.577198028564453
  ]
}