{
  "Camera": [
    7.250495433807373,
    -6.731247425079346,
    5.709290981292725
  ],
  "Lamp_Fill": [
    -5.0371856689453125,
    -3.76593017578125,
    3.400601863861084
  ],
  "image_filename": "000005401869552899",
  "Lamp_Key": [
    6.92490816116333,
    -2.659731864929199,
    3.7990572452545166
  ],
  "Lamp_Back": [
    -1.2865145206451416,
    2.67608642578125,
    5.290951251983643
  ],
  "objects": [
    {
      "size": 2.0,
      "color": [
        0.0,
        0.0,
        1.0,
        1.0
      ],
      "shape": "SmoothCylinder",
      "material": "Rubber",
      "pixel_coords": [
        65,
        28,
        13.287185668945312
      ],
      "rotation": 0.0,
      "3d_coords": [
        -2.3295371532440186,
        2.351254463195801,
        2.0
      ]
    },
    {
      "size": 1.0,
      "color": [
        1.0,
        0.0,
        0.0,
        1.0
      ],
      "shape": "SmoothCube_v2",
      "material": "Rubber",
      "pixel_coords": [
        95,
        49,
        11.596053123474121
      ],
      "rotation": 0.0,
      "3d_coords": [
        1.153808355331421,
        2.385361671447754,
        1.0
      ]
    }
  ]
}