{
  "Camera": [
    7.6096062660217285,
    -6.568726539611816,
    5.4849371910095215
  ],
  "Lamp_Key": [
    5.5845136642456055,
    -2.500053644180298,
    3.878753662109375
  ],
  "Lamp_Back": [
    -0.746172308921814,
    3.5267481803894043,
    5.202630519866943
  ],
  "objects": [
    {
      "3d_coords": [
        1.0905691385269165,
        -2.951752185821533,
        1.5
      ],
      "shape": "Sphere",
      "rotation": 0.0,
      "size": 1.5,
      "pixel_coords": [
        38,
        64,
        8.315298080444336
      ],
      "color": [
        0.0,
        1.0,
        0.0,
        1.0
      ],
      "material": "MyMetal"
    },
    {
      "3d_coords": [
        0.4620310068130493,
        0.23548313975334167,
        1.5
      ],
      "shape": "SmoothCylinder",
      "rotation": 0.0,
      "size": 1.5,
      "pixel_coords": [
        70,
        48,
        10.561187744140625
      ],
      "color": [
        0.0,
        1.0,
        0.0,
        1.0
      ],
      "material": "Rubber"
    }
  ],
  "image_filename": "000008402731116950",
  "Lamp_Fill": [
    -4.8002495765686035,
    -5.01000452041626,
    2.513622283935547
  ]
}