{
  "image_filename": "000001858632591983",
  "objects": [
    {
      "shape": "Cone",
      "size": 2.0,
      "material": "data/materials/PoliigonBricksFlemishRed001.blend",
      "3d_coords": [
        -2.195573568344116,
        0.22157052159309387,
        2.0
      ],
      "rotation": 0.0,
      "pixel_coords": [
        50,
        33,
        12.088241577148438
      ]
    },
    {
      "shape": "Icosahedron",
      "size": 1.0,
      "material": "data/materials/PoliigonFabricDenim003.blend",
      "3d_coords": [
        -1.7292283773422241,
        -2.8436176776885986,
        1.0
      ],
      "rotation": 0.0,
      "pixel_coords": [
        20,
        55,
        10.597685813903809
      ]
    }
  ],
  "ground_material": "data/materials/PoliigonChainmailCopperRoundedThin001.blend",
  "Lamp_Key": [
    7.289748191833496,
    -3.3182120323181152,
    4.085237979888916
  ],
  "Lamp_Back": [
    -0.32199347019195557,
    2.225841999053955,
    4.9058918952941895
  ],
  "Lamp_Fill": [
    -4.590233325958252,
    -4.9025068283081055,
    2.369418144226074
  ],
  "Camera": [
    7.806212902069092,
    -6.215865135192871,
    5.621550559997559
  ]
}