{
  "Lamp_Fill": [
    -5.246169090270996,
    -4.661995887756348,
    2.0800485610961914
  ],
  "objects": [
    {
      "pixel_coords": [
        59,
        29,
        12.65640640258789
      ],
      "rotation": 0.0,
      "color": [
        0.0,
        0.0,
        1.0,
        1.0
      ],
      "material": "MyMetal",
      "3d_coords": [
        -2.5688869953155518,
        1.4407109022140503,
        2.0
      ],
      "shape": "SmoothCube_v2",
      "size": 2.0
    },
    {
      "pixel_coords": [
        44,
        63,
        7.967114448547363
      ],
      "rotation": 0.0,
      "color": [
        1.0,
        0.0,
        0.0,
        1.0
      ],
      "material": "MyMetal",
      "3d_coords": [
        1.382390022277832,
        -2.5925896167755127,
        1.5
      ],
      "shape": "SmoothCylinder",
      "size": 1.5
    }
  ],
  "image_filename": "000008382516040212",
  "Lamp_Back": [
    -1.7998534440994263,
    2.9918973445892334,
    6.473261833190918
  ],
  "Lamp_Key": [
    7.160119533538818,
    -2.7582716941833496,
    4.523459434509277
  ],
  "Camera": [
    7.58388614654541,
    -6.077481746673584,
    5.270325183868408
  ]
}