{
  "image_filename": "000004954579855019",
  "objects": [
    {
      "shape": "Sphere",
      "size": 2.0,
      "material": "data/materials/PoliigonMetalSpottyDiscoloration001.blend",
      "3d_coords": [
        -1.4949514865875244,
        -2.4731805324554443,
        2.0
      ],
      "rotation": 0.0,
      "pixel_coords": [
        25,
        44,
        10.086965560913086
      ]
    },
    {
      "shape": "NewellTeapot",
      "size": 1.5,
      "material": "data/materials/PoliigonWoodFlooring061.blend",
      "3d_coords": [
        -0.6213882565498352,
        1.0492275953292847,
        1.5
      ],
      "rotation": 0.0,
      "pixel_coords": [
        68,
        42,
        11.866165161132812
      ]
    }
  ],
  "ground_material": "data/materials/PoliigonFabricFleece001.blend",
  "Lamp_Key": [
    6.5612993240356445,
    -2.291872024536133,
    5.0606489181518555
  ],
  "Lamp_Back": [
    -1.5167754888534546,
    2.3849480152130127,
    6.3185715675354
  ],
  "Lamp_Fill": [
    -4.26785135269165,
    -5.0022172927856445,
    2.862825393676758
  ],
  "Camera": [
    7.331106662750244,
    -6.8533782958984375,
    5.833930015563965
  ]
}