{
  "image_filename": "000012970009507533",
  "objects": [
    {
      "shape": "Suzanne",
      "size": 2.0,
      "material": "data/materials/PoliigonRoofTilesTerracotta004.blend",
      "3d_coords": [
        2.542013645172119,
        -0.9323047995567322,
        2.0
      ],
      "rotation": 0.0,
      "pixel_coords": [
        81,
        52,
        8.4291353225708
      ]
    },
    {
      "shape": "NewellTeapot",
      "size": 2.0,
      "material": "data/materials/PoliigonFabricDenim003.blend",
      "3d_coords": [
        -2.737919807434082,
        0.34140366315841675,
        2.0
      ],
      "rotation": 0.0,
      "pixel_coords": [
        47,
        33,
        12.726847648620605
      ]
    }
  ],
  "ground_material": "data/materials/PoliigonFabricFleece001.blend",
  "Lamp_Key": [
    6.110245227813721,
    -3.8232944011688232,
    3.410670757293701
  ],
  "Lamp_Back": [
    -1.8554188013076782,
    2.6512906551361084,
    5.582415580749512
  ],
  "Lamp_Fill": [
    -3.901655435562134,
    -4.4554314613342285,
    3.5291953086853027
  ],
  "Camera": [
    7.729898929595947,
    -6.968461990356445,
    5.036227703094482
  ]
}