{
  "image_filename": "000004580295231781",
  "objects": [
    {
      "shape": "Icosahedron",
      "size": 1.5,
      "material": "data/materials/PoliigonFabricFleece001.blend",
      "3d_coords": [
        2.7482078075408936,
        -1.0925017595291138,
        1.5
      ],
      "rotation": 0.0,
      "pixel_coords": [
        80,
        65,
        7.722817897796631
      ]
    },
    {
      "shape": "NewellTeapot",
      "size": 1.0,
      "material": "data/materials/PoliigonMetalSpottyDiscoloration001.blend",
      "3d_coords": [
        -2.767979383468628,
        -2.9123032093048096,
        1.0
      ],
      "rotation": 0.0,
      "pixel_coords": [
        12,
        51,
        10.692450523376465
      ]
    }
  ],
  "ground_material": "data/materials/PoliigonRoofTilesTerracotta004.blend",
  "Lamp_Key": [
    6.222951889038086,
    -2.476644277572632,
    5.179362773895264
  ],
  "Lamp_Back": [
    -2.0473859310150146,
    2.675636053085327,
    5.633565902709961
  ],
  "Lamp_Fill": [
    -5.170085906982422,
    -4.769558429718018,
    2.056758165359497
  ],
  "Camera": [
    7.387411117553711,
    -6.037187576293945,
    5.30406379699707
  ]
}