{
  "image_filename": "000013436869081413",
  "objects": [
    {
      "rotation": 0.0,
      "size": 1.5,
      "shape": "SmoothCube_v2",
      "pixel_coords": [
        100,
        42,
        11.33420181274414
      ],
      "color": [
        0.0,
        1.0,
        0.0,
        1.0
      ],
      "material": "Rubber",
      "3d_coords": [
        1.1573506593704224,
        2.84496808052063,
        1.5
      ]
    },
    {
      "rotation": 0.0,
      "size": 2.0,
      "shape": "SmoothCube_v2",
      "pixel_coords": [
        54,
        38,
        10.7091064453125
      ],
      "color": [
        0.0,
        1.0,
        1.0,
        1.0
      ],
      "material": "Rubber",
      "3d_coords": [
        -0.8798959851264954,
        -0.2441507875919342,
        2.0
      ]
    }
  ],
  "Lamp_Back": [
    -1.9161955118179321,
    1.7491320371627808,
    5.835470199584961
  ],
  "Camera": [
    7.58416223526001,
    -6.44305419921875,
    5.041802883148193
  ],
  "Lamp_Key": [
    6.9220733642578125,
    -2.205312967300415,
    4.462074279785156
  ],
  "Lamp_Fill": [
    -3.923015832901001,
    -4.586676120758057,
    3.6314914226531982
  ]
}