{
  "image_filename": "000009096083071175",
  "objects": [
    {
      "shape": "Torus",
      "size": 2.0,
      "material": "data/materials/PoliigonChainmailCopperRoundedThin001.blend",
      "3d_coords": [
        -0.6156636476516724,
        -1.7234184741973877,
        2.0
      ],
      "rotation": 0.0,
      "pixel_coords": [
        39,
        43,
        9.544296264648438
      ]
    },
    {
      "shape": "Cone",
      "size": 1.0,
      "material": "data/materials/PoliigonChainmailCopperRoundedThin001.blend",
      "3d_coords": [
        -0.058858342468738556,
        2.181225538253784,
        1.0
      ],
      "rotation": 0.0,
      "pixel_coords": [
        84,
        45,
        11.812500953674316
      ]
    }
  ],
  "ground_material": "data/materials/PoliigonFabricFleece001.blend",
  "Lamp_Key": [
    5.783646106719971,
    -2.9846625328063965,
    3.944774627685547
  ],
  "Lamp_Back": [
    -1.2230892181396484,
    2.604567766189575,
    5.453200340270996
  ],
  "Lamp_Fill": [
    -3.8806796073913574,
    -4.542275905609131,
    3.620041608810425
  ],
  "Camera": [
    7.426047325134277,
    -6.075971603393555,
    5.533092498779297
  ]
}