{
  "image_filename": "00000044",
  "objects": [
    {
      "shape": "circle",
      "size": 0.425,
      "rotation": 0.0,
      "2d_coords": [
        0.4361239018100498,
        0.5878209245007691
      ],
      "color": [
        0,
        127,
        255
      ]
    },
    {
      "shape": "square",
      "size": 0.125,
      "rotation": 0.0,
      "2d_coords": [
        0.8515875284601857,
        0.43934572138737743
      ],
      "color": [
        0,
        127,
        255
      ]
    }
  ]
}