{
  "Lamp_Back": [
    -1.9990228414535522,
    2.751115322113037,
    6.6385579109191895
  ],
  "Camera": [
    7.043062686920166,
    -6.463703155517578,
    4.982913017272949
  ],
  "image_filename": "000010871358455100",
  "Lamp_Key": [
    7.006969451904297,
    -2.1723392009735107,
    4.890458583831787
  ],
  "objects": [
    {
      "shape": "Sphere",
      "size": 1.0,
      "3d_coords": [
        2.1070938110351562,
        2.5317654609680176,
        1.0
      ],
      "color": [
        0.0,
        1.0,
        1.0,
        1.0
      ],
      "pixel_coords": [
        108,
        51,
        10.459403038024902
      ],
      "material": "Rubber",
      "rotation": 0.0
    },
    {
      "shape": "Sphere",
      "size": 2.0,
      "3d_coords": [
        -2.6115822792053223,
        1.289065957069397,
        2.0
      ],
      "color": [
        0.0,
        1.0,
        0.0,
        1.0
      ],
      "pixel_coords": [
        55,
        29,
        12.334924697875977
      ],
      "material": "MyMetal",
      "rotation": 0.0
    }
  ],
  "Lamp_Fill": [
    -4.585293292999268,
    -3.2786521911621094,
    3.303905963897705
  ]
}