{
  "Lamp_Fill": [
    -3.8850369453430176,
    -4.122518539428711,
    2.964470624923706
  ],
  "objects": [
    {
      "3d_coords": [
        1.6396433115005493,
        -1.9682894945144653,
        2.0
      ],
      "rotation": 0.0,
      "pixel_coords": [
        57,
        54,
        8.108528137207031
      ],
      "material": "MyMetal",
      "color": [
        0.0,
        1.0,
        1.0,
        1.0
      ],
      "size": 2.0,
      "shape": "Suzanne"
    },
    {
      "3d_coords": [
        2.49432635307312,
        1.938973307609558,
        2.0
      ],
      "rotation": 0.0,
      "pixel_coords": [
        108,
        43,
        9.772005081176758
      ],
      "material": "Rubber",
      "color": [
        1.0,
        0.0,
        0.0,
        1.0
      ],
      "size": 2.0,
      "shape": "SmoothCube_v2"
    }
  ],
  "Lamp_Key": [
    6.241569995880127,
    -3.4347121715545654,
    5.197360038757324
  ],
  "Camera": [
    7.566381454467773,
    -6.45659875869751,
    5.315692901611328
  ],
  "Lamp_Back": [
    -1.3341946601867676,
    3.2290518283843994,
    6.53056001663208
  ],
  "image_filename": "000012473496372442"
}