{
  "Camera": [
    7.159587860107422,
    -6.407641887664795,
    4.909624099731445
  ],
  "Lamp_Fill": [
    -5.357197284698486,
    -3.955456495285034,
    2.30564546585083
  ],
  "objects": [
    {
      "material": "MyMetal",
      "size": 1.5,
      "shape": "SmoothCube_v2",
      "pixel_coords": [
        45,
        58,
        8.206024169921875
      ],
      "color": [
        1.0,
        1.0,
        0.0,
        1.0
      ],
      "3d_coords": [
        0.8510212302207947,
        -2.2508108615875244,
        1.5
      ],
      "rotation": 0.0
    },
    {
      "material": "MyMetal",
      "size": 1.5,
      "shape": "SmoothCube_v2",
      "pixel_coords": [
        45,
        37,
        12.0934419631958
      ],
      "color": [
        1.0,
        1.0,
        0.0,
        1.0
      ],
      "3d_coords": [
        -2.7737741470336914,
        0.24508701264858246,
        1.5
      ],
      "rotation": 0.0
    }
  ],
  "image_filename": "000008410988885512",
  "Lamp_Back": [
    -0.42286452651023865,
    3.458458423614502,
    6.21899938583374
  ],
  "Lamp_Key": [
    6.690122604370117,
    -2.0511527061462402,
    4.314826011657715
  ]
}