{
  "image_filename": "000000107718927928",
  "Lamp_Fill": [
    -4.595284938812256,
    -4.046351432800293,
    2.1023805141448975
  ],
  "objects": [
    {
      "color": [
        0.0,
        1.0,
        1.0,
        1.0
      ],
      "pixel_coords": [
        78,
        44,
        9.573075294494629
      ],
      "size": 2.0,
      "3d_coords": [
        1.388931393623352,
        -0.009844368323683739,
        2.0
      ],
      "shape": "Suzanne",
      "material": "Rubber",
      "rotation": 0.0
    },
    {
      "color": [
        0.0,
        1.0,
        0.0,
        1.0
      ],
      "pixel_coords": [
        69,
        30,
        13.528277397155762
      ],
      "size": 2.0,
      "3d_coords": [
        -2.1106655597686768,
        2.7143044471740723,
        2.0
      ],
      "shape": "SmoothCube_v2",
      "material": "MyMetal",
      "rotation": 0.0
    }
  ],
  "Camera": [
    7.410962104797363,
    -6.991738796234131,
    5.053208827972412
  ],
  "Lamp_Back": [
    -1.4166789054870605,
    3.0893242359161377,
    5.422645568847656
  ],
  "Lamp_Key": [
    5.88746976852417,
    -3.293506145477295,
    3.3042333126068115
  ]
}