{
  "objects": [
    {
      "pixel_coords": [
        39,
        49,
        8.686796188354492
      ],
      "3d_coords": [
        0.4919585883617401,
        -2.4103496074676514,
        2.0
      ],
      "size": 2.0,
      "rotation": 0.0,
      "shape": "SmoothCylinder",
      "color": [
        0.0,
        0.0,
        1.0,
        1.0
      ],
      "material": "Rubber"
    },
    {
      "pixel_coords": [
        64,
        38,
        12.736403465270996
      ],
      "3d_coords": [
        -1.7838211059570312,
        1.5387319326400757,
        1.5
      ],
      "size": 1.5,
      "rotation": 0.0,
      "shape": "Sphere",
      "color": [
        0.0,
        1.0,
        0.0,
        1.0
      ],
      "material": "MyMetal"
    }
  ],
  "Camera": [
    7.746184825897217,
    -6.485788822174072,
    5.070718765258789
  ],
  "image_filename": "000004702436532108",
  "Lamp_Back": [
    -0.29049134254455566,
    2.2220520973205566,
    5.042632579803467
  ],
  "Lamp_Key": [
    6.1981706619262695,
    -2.976013422012329,
    5.254390716552734
  ],
  "Lamp_Fill": [
    -5.557147026062012,
    -4.649587631225586,
    2.8556673526763916
  ]
}