{
  "image_filename": "000007866636195979",
  "objects": [
    {
      "shape": "Sphere",
      "size": 2.0,
      "material": "data/materials/PoliigonBricksFlemishRed001.blend",
      "3d_coords": [
        -2.893617868423462,
        2.401465654373169,
        2.0
      ],
      "rotation": 0.0,
      "pixel_coords": [
        61,
        27,
        13.523131370544434
      ]
    },
    {
      "shape": "Suzanne",
      "size": 1.0,
      "material": "data/materials/PoliigonFabricDenim003.blend",
      "3d_coords": [
        -2.767369031906128,
        -0.8070070147514343,
        1.0
      ],
      "rotation": 0.0,
      "pixel_coords": [
        34,
        46,
        11.947539329528809
      ]
    }
  ],
  "ground_material": "data/materials/PoliigonBricksPaintedWhite001.blend",
  "Lamp_Key": [
    6.726622104644775,
    -2.383932590484619,
    4.82279634475708
  ],
  "Lamp_Back": [
    -0.7843417525291443,
    2.2332563400268555,
    5.729413986206055
  ],
  "Lamp_Fill": [
    -5.0081071853637695,
    -3.0173654556274414,
    2.4705941677093506
  ],
  "Camera": [
    6.994982719421387,
    -6.896384239196777,
    5.3707427978515625
  ]
}