{
  "image_filename": "00000098",
  "objects": [
    {
      "shape": "circle",
      "size": 0.225,
      "rotation": 0.0,
      "2d_coords": [
        0.5603599925127887,
        0.873138278425152
      ],
      "color": [
        0,
        255,
        0
      ]
    },
    {
      "shape": "star_4",
      "size": 0.425,
      "rotation": 0.0,
      "2d_coords": [
        0.8163289711928571,
        0.7386500361908719
      ],
      "color": [
        255,
        0,
        255
      ]
    }
  ]
}