{
  "Lamp_Fill": [
    -3.847268581390381,
    -3.2980058193206787,
    2.1538054943084717
  ],
  "Camera": [
    7.0168657302856445,
    -6.401913166046143,
    5.630975723266602
  ],
  "Lamp_Key": [
    6.475859642028809,
    -3.402515411376953,
    3.734691858291626
  ],
  "objects": [
    {
      "3d_coords": [
        -2.898482084274292,
        2.2645299434661865,
        2.0
      ],
      "color": [
        1.0,
        0.0,
        0.0,
        1.0
      ],
      "rotation": 0.0,
      "pixel_coords": [
        61,
        26,
        13.177013397216797
      ],
      "shape": "Suzanne",
      "material": "MyMetal",
      "size": 2.0
    },
    {
      "3d_coords": [
        1.4174185991287231,
        -1.9892170429229736,
        1.0
      ],
      "color": [
        0.0,
        1.0,
        1.0,
        1.0
      ],
      "rotation": 0.0,
      "pixel_coords": [
        56,
        70,
        8.478174209594727
      ],
      "shape": "Sphere",
      "material": "MyMetal",
      "size": 1.0
    }
  ],
  "Lamp_Back": [
    -0.7141402959823608,
    3.135838031768799,
    5.743411064147949
  ],
  "image_filename": "000015083764813678"
}