{
  "Lamp_Back": [
    -1.0311635732650757,
    3.522763252258301,
    5.5420074462890625
  ],
  "Lamp_Key": [
    6.036750316619873,
    -3.101619243621826,
    4.729272842407227
  ],
  "image_filename": "000012181480277438",
  "Lamp_Fill": [
    -3.9244585037231445,
    -4.312382221221924,
    3.594601631164551
  ],
  "objects": [
    {
      "material": "MyMetal",
      "rotation": 0.0,
      "pixel_coords": [
        99,
        43,
        10.968438148498535
      ],
      "3d_coords": [
        1.4066600799560547,
        2.4626832008361816,
        1.5
      ],
      "shape": "SmoothCylinder",
      "color": [
        0.0,
        0.0,
        1.0,
        1.0
      ],
      "size": 1.5
    },
    {
      "material": "MyMetal",
      "rotation": 0.0,
      "pixel_coords": [
        47,
        30,
        12.446921348571777
      ],
      "3d_coords": [
        -2.975034713745117,
        0.6405051946640015,
        2.0
      ],
      "shape": "Sphere",
      "color": [
        1.0,
        0.0,
        0.0,
        1.0
      ],
      "size": 2.0
    }
  ],
  "Camera": [
    7.128961086273193,
    -6.519602298736572,
    5.63844633102417
  ]
}