{
  "Lamp_Key": [
    7.07685661315918,
    -3.5283849239349365,
    3.8548359870910645
  ],
  "Camera": [
    7.624996662139893,
    -6.547772407531738,
    5.047141075134277
  ],
  "objects": [
    {
      "pixel_coords": [
        43,
        46,
        12.208724021911621
      ],
      "3d_coords": [
        -2.409868001937866,
        -0.38305753469467163,
        1.0
      ],
      "color": [
        1.0,
        0.0,
        0.0,
        1.0
      ],
      "rotation": 0.0,
      "shape": "SmoothCube_v2",
      "material": "Rubber",
      "size": 1.0
    },
    {
      "pixel_coords": [
        104,
        50,
        11.294811248779297
      ],
      "3d_coords": [
        1.694146752357483,
        2.826373815536499,
        1.0
      ],
      "color": [
        1.0,
        0.0,
        0.0,
        1.0
      ],
      "rotation": 0.0,
      "shape": "SmoothCube_v2",
      "material": "Rubber",
      "size": 1.0
    }
  ],
  "Lamp_Fill": [
    -4.9592084884643555,
    -4.0599188804626465,
    3.616774082183838
  ],
  "image_filename": "000004941842788392",
  "Lamp_Back": [
    -2.049248218536377,
    1.8405342102050781,
    6.250348091125488
  ]
}