{
  "image_filename": "000004684911717189",
  "objects": [
    {
      "shape": "Icosahedron",
      "size": 1.0,
      "material": "data/materials/PoliigonBricksPaintedWhite001.blend",
      "3d_coords": [
        1.9616079330444336,
        1.5872637033462524,
        1.0
      ],
      "rotation": 0.0,
      "pixel_coords": [
        97,
        54,
        10.550135612487793
      ]
    },
    {
      "shape": "Suzanne",
      "size": 1.0,
      "material": "data/materials/PoliigonFabricDenim003.blend",
      "3d_coords": [
        -1.9645284414291382,
        -2.4140729904174805,
        1.0
      ],
      "rotation": 0.0,
      "pixel_coords": [
        23,
        54,
        10.655447959899902
      ]
    }
  ],
  "ground_material": "data/materials/PoliigonMetalSpottyDiscoloration001.blend",
  "Lamp_Key": [
    6.227309703826904,
    -2.756408452987671,
    4.081704139709473
  ],
  "Lamp_Back": [
    -0.3961866497993469,
    2.255873203277588,
    5.347007751464844
  ],
  "Lamp_Fill": [
    -5.468527793884277,
    -3.300102472305298,
    2.167850971221924
  ],
  "Camera": [
    7.314849376678467,
    -6.879601001739502,
    5.212397575378418
  ]
}