{
  "Lamp_Back": [
    -1.9868526458740234,
    2.8604464530944824,
    4.870316982269287
  ],
  "image_filename": "000008839001247508",
  "Lamp_Key": [
    6.119823932647705,
    -1.9330381155014038,
    4.631474018096924
  ],
  "Lamp_Fill": [
    -3.8553569316864014,
    -4.187171936035156,
    3.5436336994171143
  ],
  "objects": [
    {
      "size": 2.0,
      "color": [
        0.0,
        1.0,
        0.0,
        1.0
      ],
      "pixel_coords": [
        65,
        29,
        13.867460250854492
      ],
      "material": "Rubber",
      "shape": "Sphere",
      "rotation": 0.0,
      "3d_coords": [
        -2.7501955032348633,
        2.6729929447174072,
        2.0
      ]
    },
    {
      "size": 1.0,
      "color": [
        0.0,
        0.0,
        1.0,
        1.0
      ],
      "pixel_coords": [
        91,
        59,
        9.726815223693848
      ],
      "material": "Rubber",
      "shape": "SmoothCube_v2",
      "rotation": 0.0,
      "3d_coords": [
        2.1723883152008057,
        0.4948206841945648,
        1.0
      ]
    }
  ],
  "Camera": [
    7.422769069671631,
    -6.937658786773682,
    4.915747165679932
  ]
}