{
  "Lamp_Fill": [
    -5.332826137542725,
    -3.456585168838501,
    3.8387985229492188
  ],
  "image_filename": "000011158192890550",
  "Lamp_Key": [
    5.583138465881348,
    -2.7484381198883057,
    4.441215991973877
  ],
  "Camera": [
    7.903231143951416,
    -6.728140830993652,
    5.652388572692871
  ],
  "Lamp_Back": [
    -1.6420342922210693,
    2.028073787689209,
    6.325641632080078
  ],
  "objects": [
    {
      "material": "Rubber",
      "size": 2.0,
      "rotation": 0.0,
      "pixel_coords": [
        34,
        49,
        9.503968238830566
      ],
      "color": [
        0.0,
        1.0,
        1.0,
        1.0
      ],
      "shape": "Suzanne",
      "3d_coords": [
        -0.14093680679798126,
        -2.551114797592163,
        2.0
      ]
    },
    {
      "material": "Rubber",
      "size": 2.0,
      "rotation": 0.0,
      "pixel_coords": [
        92,
        46,
        10.059388160705566
      ],
      "color": [
        0.0,
        1.0,
        1.0,
        1.0
      ],
      "shape": "SmoothCube_v2",
      "3d_coords": [
        1.9917833805084229,
        0.9297340512275696,
        2.0
      ]
    }
  ]
}