{
  "image_filename": "000014191103205375",
  "objects": [
    {
      "shape": "Suzanne",
      "size": 1.5,
      "material": "data/materials/PoliigonMetalSpottyDiscoloration001.blend",
      "3d_coords": [
        -1.2942758798599243,
        2.1895804405212402,
        1.5
      ],
      "rotation": 0.0,
      "pixel_coords": [
        72,
        37,
        12.943408966064453
      ]
    },
    {
      "shape": "Cylinder",
      "size": 2.0,
      "material": "data/materials/PoliigonMetalSpottyDiscoloration001.blend",
      "3d_coords": [
        -1.4255508184432983,
        -1.6755971908569336,
        2.0
      ],
      "rotation": 0.0,
      "pixel_coords": [
        35,
        42,
        10.505422592163086
      ]
    }
  ],
  "ground_material": "data/materials/PoliigonBricksFlemishRed001.blend",
  "Lamp_Key": [
    6.533788204193115,
    -2.991924524307251,
    4.891928672790527
  ],
  "Lamp_Back": [
    -0.7635741829872131,
    3.198690176010132,
    5.726639270782471
  ],
  "Lamp_Fill": [
    -5.140287399291992,
    -4.046846866607666,
    2.306321144104004
  ],
  "Camera": [
    7.362286567687988,
    -6.807117462158203,
    5.804912567138672
  ]
}