{
  "objects": [
    {
      "shape": "Suzanne",
      "pixel_coords": [
        66,
        42,
        11.986104011535645
      ],
      "3d_coords": [
        -0.7881376147270203,
        0.8334677815437317,
        1.5
      ],
      "size": 1.5,
      "color": [
        0.0,
        1.0,
        0.0,
        1.0
      ],
      "material": "MyMetal",
      "rotation": 0.0
    },
    {
      "shape": "Sphere",
      "pixel_coords": [
        74,
        67,
        8.395318984985352
      ],
      "3d_coords": [
        2.6905598640441895,
        -1.437557578086853,
        1.5
      ],
      "size": 1.5,
      "color": [
        1.0,
        0.0,
        0.0,
        1.0
      ],
      "material": "MyMetal",
      "rotation": 0.0
    }
  ],
  "image_filename": "000002225266040237",
  "Lamp_Back": [
    -0.3940642774105072,
    3.228348731994629,
    5.039648532867432
  ],
  "Camera": [
    7.897847652435303,
    -6.462057113647461,
    5.801171779632568
  ],
  "Lamp_Key": [
    6.488038539886475,
    -3.014563798904419,
    5.071952819824219
  ],
  "Lamp_Fill": [
    -4.550642013549805,
    -4.770673751831055,
    3.1337172985076904
  ]
}