{
  "objects": [
    {
      "size": 1.0,
      "3d_coords": [
        -0.7791116833686829,
        0.9481878876686096,
        1.0
      ],
      "pixel_coords": [
        67,
        47,
        12.220293998718262
      ],
      "rotation": 0.0,
      "color": [
        0.0,
        0.0,
        1.0,
        1.0
      ],
      "shape": "Sphere",
      "material": "Rubber"
    },
    {
      "size": 1.5,
      "3d_coords": [
        -0.31808963418006897,
        -2.137164354324341,
        1.5
      ],
      "pixel_coords": [
        38,
        53,
        9.939884185791016
      ],
      "rotation": 0.0,
      "color": [
        0.0,
        0.0,
        1.0,
        1.0
      ],
      "shape": "Sphere",
      "material": "MyMetal"
    }
  ],
  "image_filename": "000003943835803346",
  "Lamp_Key": [
    7.038341522216797,
    -2.098522424697876,
    4.72102165222168
  ],
  "Camera": [
    7.942254066467285,
    -6.5242486000061035,
    5.4254560470581055
  ],
  "Lamp_Fill": [
    -4.857405185699463,
    -4.792609214782715,
    3.1177186965942383
  ],
  "Lamp_Back": [
    -0.7986223697662354,
    2.7820253372192383,
    5.131076335906982
  ]
}