{
  "Lamp_Back": [
    -0.3536871075630188,
    2.3265540599823,
    5.161703586578369
  ],
  "Lamp_Fill": [
    -3.6937549114227295,
    -3.698901891708374,
    2.135524272918701
  ],
  "Lamp_Key": [
    7.310067653656006,
    -3.256648063659668,
    3.2730751037597656
  ],
  "Camera": [
    7.265528678894043,
    -6.24868631362915,
    5.03547477722168
  ],
  "image_filename": "000013883684768303",
  "objects": [
    {
      "size": 1.5,
      "material": "MyMetal",
      "color": [
        0.0,
        1.0,
        0.0,
        1.0
      ],
      "rotation": 0.0,
      "pixel_coords": [
        38,
        47,
        9.938508987426758
      ],
      "3d_coords": [
        -1.0638113021850586,
        -1.5646923780441284,
        1.5
      ],
      "shape": "SmoothCylinder"
    },
    {
      "size": 1.5,
      "material": "MyMetal",
      "color": [
        1.0,
        1.0,
        0.0,
        1.0
      ],
      "rotation": 0.0,
      "pixel_coords": [
        99,
        48,
        9.746554374694824
      ],
      "3d_coords": [
        1.9130775928497314,
        1.5640745162963867,
        1.5
      ],
      "shape": "Sphere"
    }
  ]
}