{
  "image_filename": "000005011093628085",
  "Lamp_Key": [
    7.369837760925293,
    -3.3071823120117188,
    3.357828378677368
  ],
  "Lamp_Back": [
    -1.445314645767212,
    2.447408676147461,
    6.687667369842529
  ],
  "Camera": [
    7.173051834106445,
    -6.5880818367004395,
    5.345741271972656
  ],
  "Lamp_Fill": [
    -3.860848903656006,
    -3.800292491912842,
    3.2061400413513184
  ],
  "objects": [
    {
      "pixel_coords": [
        94,
        45,
        10.638981819152832
      ],
      "size": 1.5,
      "material": "MyMetal",
      "color": [
        1.0,
        0.0,
        1.0,
        1.0
      ],
      "rotation": 0.0,
      "shape": "SmoothCube_v2",
      "3d_coords": [
        1.32795250415802,
        1.8686597347259521,
        1.5
      ]
    },
    {
      "pixel_coords": [
        63,
        57,
        7.696779727935791
      ],
      "size": 2.0,
      "material": "Rubber",
      "color": [
        0.0,
        1.0,
        1.0,
        1.0
      ],
      "rotation": 0.0,
      "shape": "SmoothCube_v2",
      "3d_coords": [
        2.0226149559020996,
        -1.9309570789337158,
        2.0
      ]
    }
  ]
}