{
  "image_filename": "000001847607021323",
  "Camera": [
    7.568360328674316,
    -6.268011093139648,
    5.598515510559082
  ],
  "objects": [
    {
      "color": [
        1.0,
        0.0,
        1.0,
        1.0
      ],
      "shape": "Sphere",
      "size": 1.5,
      "3d_coords": [
        -1.6693962812423706,
        -2.2027454376220703,
        1.5
      ],
      "rotation": 0.0,
      "pixel_coords": [
        27,
        47,
        10.463623046875
      ],
      "material": "MyMetal"
    },
    {
      "color": [
        1.0,
        0.0,
        1.0,
        1.0
      ],
      "shape": "SmoothCube_v2",
      "size": 1.0,
      "3d_coords": [
        1.321185827255249,
        -2.2273292541503906,
        1.0
      ],
      "rotation": 0.0,
      "pixel_coords": [
        50,
        69,
        8.696249008178711
      ],
      "material": "Rubber"
    }
  ],
  "Lamp_Back": [
    -1.148369312286377,
    2.6499342918395996,
    6.543205738067627
  ],
  "Lamp_Fill": [
    -4.856855869293213,
    -4.187472820281982,
    3.414386034011841
  ],
  "Lamp_Key": [
    6.244712829589844,
    -3.8584346771240234,
    5.014175891876221
  ]
}