{
  "image_filename": "00000087",
  "objects": [
    {
      "shape": "square",
      "size": 0.125,
      "rotation": 0.0,
      "2d_coords": [
        0.9303383620950881,
        0.3483067297608277
      ],
      "color": [
        255,
        127,
        0
      ]
    },
    {
      "shape": "triangle",
      "size": 0.125,
      "rotation": 0.0,
      "2d_coords": [
        0.23545718367940094,
        0.3264556556740641
      ],
      "color": [
        255,
        127,
        0
      ]
    }
  ]
}