{
  "image_filename": "00000085",
  "objects": [
    {
      "shape": "triangle",
      "size": 0.425,
      "rotation": 0.0,
      "2d_coords": [
        0.43491880814083445,
        0.4988071923278908
      ],
      "color": [
        0,
        255,
        0
      ]
    },
    {
      "shape": "triangle",
      "size": 0.125,
      "rotation": 0.0,
      "2d_coords": [
        0.310281408249065,
        0.8684589680823014
      ],
      "color": [
        255,
        127,
        0
      ]
    }
  ]
}