{
  "Lamp_Fill": [
    -4.018309593200684,
    -4.9683613777160645,
    3.161762237548828
  ],
  "image_filename": "000010271599256540",
  "Camera": [
    7.112886428833008,
    -6.431120872497559,
    5.838615417480469
  ],
  "Lamp_Back": [
    -1.2208040952682495,
    3.5154292583465576,
    5.409546852111816
  ],
  "Lamp_Key": [
    5.5623979568481445,
    -2.761746883392334,
    4.643941879272461
  ],
  "objects": [
    {
      "color": [
        0.0,
        0.0,
        1.0,
        1.0
      ],
      "3d_coords": [
        1.9486068487167358,
        -0.9787829518318176,
        1.5
      ],
      "pixel_coords": [
        73,
        61,
        8.651508331298828
      ],
      "material": "Rubber",
      "size": 1.5,
      "shape": "Suzanne",
      "rotation": 0.0
    },
    {
      "color": [
        0.0,
        1.0,
        1.0,
        1.0
      ],
      "3d_coords": [
        0.14084136486053467,
        2.5405232906341553,
        2.0
      ],
      "pixel_coords": [
        88,
        33,
        11.552788734436035
      ],
      "material": "MyMetal",
      "size": 2.0,
      "shape": "Suzanne",
      "rotation": 0.0
    }
  ]
}