{
  "objects": [
    {
      "pixel_coords": [
        52,
        46,
        10.775130271911621
      ],
      "size": 1.5,
      "shape": "SmoothCube_v2",
      "3d_coords": [
        -0.6699193120002747,
        -0.6396156549453735,
        1.5
      ],
      "rotation": 0.0,
      "material": "Rubber",
      "color": [
        1.0,
        0.0,
        1.0,
        1.0
      ]
    },
    {
      "pixel_coords": [
        67,
        80,
        7.836287021636963
      ],
      "size": 1.0,
      "shape": "Suzanne",
      "3d_coords": [
        2.88369083404541,
        -2.05220890045166,
        1.0
      ],
      "rotation": 0.0,
      "material": "MyMetal",
      "color": [
        0.0,
        1.0,
        1.0,
        1.0
      ]
    }
  ],
  "Lamp_Back": [
    -0.9977841973304749,
    1.6498292684555054,
    5.09651517868042
  ],
  "image_filename": "000012376011342541",
  "Lamp_Key": [
    7.15923547744751,
    -2.615288019180298,
    3.9774155616760254
  ],
  "Lamp_Fill": [
    -4.648440361022949,
    -3.1763222217559814,
    2.335373878479004
  ],
  "Camera": [
    7.823340892791748,
    -6.048038005828857,
    5.675239086151123
  ]
}