{
  "Lamp_Fill": [
    -4.052703380584717,
    -4.069568634033203,
    2.4495067596435547
  ],
  "Lamp_Key": [
    6.995738983154297,
    -2.758484363555908,
    3.7089133262634277
  ],
  "objects": [
    {
      "color": [
        1.0,
        0.0,
        0.0,
        1.0
      ],
      "shape": "SmoothCube_v2",
      "3d_coords": [
        -1.1422377824783325,
        2.914262056350708,
        2.0
      ],
      "size": 2.0,
      "rotation": 0.0,
      "pixel_coords": [
        81,
        28,
        12.203923225402832
      ],
      "material": "Rubber"
    },
    {
      "color": [
        0.0,
        0.0,
        1.0,
        1.0
      ],
      "shape": "SmoothCylinder",
      "3d_coords": [
        -2.0753796100616455,
        -2.803187847137451,
        1.5
      ],
      "size": 1.5,
      "rotation": 0.0,
      "pixel_coords": [
        15,
        47,
        9.859482765197754
      ],
      "material": "Rubber"
    }
  ],
  "image_filename": "000008002441095964",
  "Camera": [
    7.091320991516113,
    -6.079878330230713,
    5.488675117492676
  ],
  "Lamp_Back": [
    -0.4929073750972748,
    3.2375261783599854,
    5.346527576446533
  ]
}