{
  "Camera": [
    7.899431228637695,
    -6.873517990112305,
    5.004038333892822
  ],
  "Lamp_Back": [
    -0.24404215812683105,
    2.231602907180786,
    5.684909343719482
  ],
  "Lamp_Fill": [
    -5.30386209487915,
    -3.159435987472534,
    2.2530295848846436
  ],
  "objects": [
    {
      "color": [
        1.0,
        0.0,
        1.0,
        1.0
      ],
      "size": 1.5,
      "rotation": 0.0,
      "3d_coords": [
        -0.5890012383460999,
        0.24188783764839172,
        1.5
      ],
      "material": "Rubber",
      "pixel_coords": [
        62,
        44,
        11.502862930297852
      ],
      "shape": "SmoothCube_v2"
    },
    {
      "color": [
        1.0,
        0.0,
        0.0,
        1.0
      ],
      "size": 1.0,
      "rotation": 0.0,
      "3d_coords": [
        0.06977537274360657,
        -2.7793867588043213,
        1.0
      ],
      "material": "Rubber",
      "pixel_coords": [
        34,
        63,
        9.4806489944458
      ],
      "shape": "SmoothCube_v2"
    }
  ],
  "image_filename": "000005299206161111",
  "Lamp_Key": [
    6.456175327301025,
    -3.5797338485717773,
    4.675054550170898
  ]
}