{
  "image_filename": "00000034",
  "objects": [
    {
      "shape": "circle",
      "size": 0.225,
      "rotation": 0.0,
      "2d_coords": [
        0.8484728678016175,
        0.1277259949275835
      ],
      "color": [
        0,
        127,
        255
      ]
    },
    {
      "shape": "star_4",
      "size": 0.225,
      "rotation": 0.0,
      "2d_coords": [
        0.28075413412040773,
        0.37578588298390186
      ],
      "color": [
        0,
        255,
        0
      ]
    }
  ]
}