{
  "Lamp_Key": [
    6.302602291107178,
    -2.731693744659424,
    4.759515762329102
  ],
  "Lamp_Back": [
    -1.9949876070022583,
    1.9381612539291382,
    6.457656383514404
  ],
  "objects": [
    {
      "pixel_coords": [
        108,
        46,
        10.856059074401855
      ],
      "material": "Rubber",
      "rotation": 0.0,
      "size": 1.5,
      "3d_coords": [
        2.222799777984619,
        2.5686001777648926,
        1.5
      ],
      "shape": "SmoothCube_v2",
      "color": [
        1.0,
        0.0,
        0.0,
        1.0
      ]
    },
    {
      "pixel_coords": [
        64,
        57,
        9.103431701660156
      ],
      "material": "Rubber",
      "rotation": 0.0,
      "size": 1.5,
      "3d_coords": [
        1.3790817260742188,
        -1.255789875984192,
        1.5
      ],
      "shape": "Sphere",
      "color": [
        0.0,
        1.0,
        1.0,
        1.0
      ]
    }
  ],
  "Camera": [
    7.444777488708496,
    -6.89044189453125,
    5.313840389251709
  ],
  "image_filename": "000005669902808759",
  "Lamp_Fill": [
    -3.7849373817443848,
    -4.651611328125,
    2.105727434158325
  ]
}