{
  "Lamp_Key": [
    6.026299953460693,
    -3.03934907913208,
    3.8393449783325195
  ],
  "image_filename": "000001921766475757",
  "objects": [
    {
      "size": 1.0,
      "material": "MyMetal",
      "rotation": 0.0,
      "pixel_coords": [
        89,
        50,
        11.827290534973145
      ],
      "shape": "SmoothCube_v2",
      "color": [
        0.0,
        1.0,
        0.0,
        1.0
      ],
      "3d_coords": [
        0.9585468173027039,
        2.0094947814941406,
        1.0
      ]
    },
    {
      "size": 2.0,
      "material": "MyMetal",
      "rotation": 0.0,
      "pixel_coords": [
        31,
        43,
        10.436155319213867
      ],
      "shape": "SmoothCube_v2",
      "color": [
        0.0,
        1.0,
        1.0,
        1.0
      ],
      "3d_coords": [
        -1.2532339096069336,
        -2.1252524852752686,
        2.0
      ]
    }
  ],
  "Lamp_Fill": [
    -4.139303684234619,
    -3.4991350173950195,
    2.852397918701172
  ],
  "Camera": [
    7.934764862060547,
    -6.953540802001953,
    5.101998805999756
  ],
  "Lamp_Back": [
    -2.021190881729126,
    2.620961904525757,
    5.998053073883057
  ]
}