{
  "image_filename": "000015910465272147",
  "objects": [
    {
      "shape": "Sphere",
      "size": 1.5,
      "material": "data/materials/PoliigonChainmailCopperRoundedThin001.blend",
      "3d_coords": [
        -2.35588002204895,
        -1.4769569635391235,
        1.5
      ],
      "rotation": 0.0,
      "pixel_coords": [
        32,
        43,
        11.609256744384766
      ]
    },
    {
      "shape": "Icosahedron",
      "size": 1.5,
      "material": "data/materials/PoliigonFabricDenim003.blend",
      "3d_coords": [
        -2.6046416759490967,
        2.8858773708343506,
        1.5
      ],
      "rotation": 0.0,
      "pixel_coords": [
        70,
        32,
        14.12759780883789
      ]
    }
  ],
  "ground_material": "data/materials/PoliigonWoodFlooring061.blend",
  "Lamp_Key": [
    7.046211242675781,
    -2.86263370513916,
    4.762896537780762
  ],
  "Lamp_Back": [
    -1.5102530717849731,
    2.629171848297119,
    6.138339042663574
  ],
  "Lamp_Fill": [
    -4.959804534912109,
    -3.4935293197631836,
    3.5153071880340576
  ],
  "Camera": [
    7.816585540771484,
    -6.231525897979736,
    5.820850849151611
  ]
}