{
  "image_filename": "000015910465272147",
  "objects": [
    {
      "shape": "Sphere",
      "size": 1.0,
      "material": "data/materials/PoliigonRoofTilesTerracotta004.blend",
      "3d_coords": [
        -2.35588002204895,
        -1.4769569635391235,
        1.0
      ],
      "rotation": 0.0,
      "pixel_coords": [
        33,
        48,
        11.860854148864746
      ]
    },
    {
      "shape": "Icosahedron",
      "size": 2.0,
      "material": "data/materials/PoliigonFabricFleece001.blend",
      "3d_coords": [
        -2.6046416759490967,
        2.8858773708343506,
        2.0
      ],
      "rotation": 0.0,
      "pixel_coords": [
        70,
        27,
        13.875999450683594
      ]
    }
  ],
  "ground_material": "data/materials/PoliigonWoodFlooring061.blend",
  "Lamp_Key": [
    7.046211242675781,
    -2.86263370513916,
    4.762896537780762
  ],
  "Lamp_Back": [
    -1.5102530717849731,
    2.629171848297119,
    6.138339042663574
  ],
  "Lamp_Fill": [
    -4.959804534912109,
    -3.4935293197631836,
    3.5153071880340576
  ],
  "Camera": [
    7.816585540771484,
    -6.231525897979736,
    5.820850849151611
  ]
}