{
  "Lamp_Fill": [
    -4.166408538818359,
    -3.5502052307128906,
    3.241511344909668
  ],
  "Lamp_Key": [
    6.428518772125244,
    -3.2734076976776123,
    3.8287899494171143
  ],
  "image_filename": "000001739176607546",
  "Lamp_Back": [
    -0.594261646270752,
    1.679752230644226,
    5.838768482208252
  ],
  "objects": [
    {
      "rotation": 0.0,
      "material": "Rubber",
      "color": [
        0.0,
        0.0,
        1.0,
        1.0
      ],
      "pixel_coords": [
        112,
        42,
        10.598419189453125
      ],
      "shape": "SmoothCylinder",
      "size": 2.0,
      "3d_coords": [
        2.5375864505767822,
        2.65360951423645,
        2.0
      ]
    },
    {
      "rotation": 0.0,
      "material": "Rubber",
      "color": [
        0.0,
        0.0,
        1.0,
        1.0
      ],
      "pixel_coords": [
        38,
        49,
        9.534327507019043
      ],
      "shape": "SmoothCylinder",
      "size": 2.0,
      "3d_coords": [
        -0.1294909119606018,
        -2.276888132095337,
        2.0
      ]
    }
  ],
  "Camera": [
    7.699168682098389,
    -6.697739124298096,
    5.797652244567871
  ]
}