{
  "objects": [
    {
      "pixel_coords": [
        77,
        39,
        13.748285293579102
      ],
      "color": [
        1.0,
        0.0,
        0.0,
        1.0
      ],
      "size": 1.0,
      "rotation": 0.0,
      "material": "Rubber",
      "shape": "SmoothCube_v2",
      "3d_coords": [
        -1.6360952854156494,
        2.994854211807251,
        1.0
      ]
    },
    {
      "pixel_coords": [
        68,
        70,
        7.781311511993408
      ],
      "color": [
        0.0,
        1.0,
        0.0,
        1.0
      ],
      "size": 1.5,
      "rotation": 0.0,
      "material": "Rubber",
      "shape": "Sphere",
      "3d_coords": [
        2.7461445331573486,
        -1.994947075843811,
        1.5
      ]
    }
  ],
  "Camera": [
    7.690164089202881,
    -6.3994951248168945,
    5.60805082321167
  ],
  "Lamp_Fill": [
    -4.064351558685303,
    -4.728910446166992,
    3.8292787075042725
  ],
  "image_filename": "000004145459137632",
  "Lamp_Key": [
    6.891569137573242,
    -2.8538496494293213,
    4.749216079711914
  ],
  "Lamp_Back": [
    -1.3831363916397095,
    3.1542856693267822,
    5.729659557342529
  ]
}