{
  "image_filename": "00000022",
  "objects": [
    {
      "shape": "triangle",
      "size": 0.225,
      "rotation": 0.0,
      "2d_coords": [
        0.23457735976606248,
        0.7390464014983109
      ],
      "color": [
        255,
        127,
        0
      ]
    },
    {
      "shape": "triangle",
      "size": 0.125,
      "rotation": 0.0,
      "2d_coords": [
        0.8121268627552659,
        0.8041508743215801
      ],
      "color": [
        0,
        127,
        255
      ]
    }
  ]
}