{
  "Lamp_Back": [
    -0.7173015475273132,
    3.4743096828460693,
    5.54439640045166
  ],
  "Lamp_Key": [
    6.898032188415527,
    -2.836764097213745,
    4.818512439727783
  ],
  "Camera": [
    7.395594120025635,
    -6.772739887237549,
    5.725842475891113
  ],
  "image_filename": "000005080462395290",
  "Lamp_Fill": [
    -4.552258014678955,
    -3.7515549659729004,
    3.9796080589294434
  ],
  "objects": [
    {
      "shape": "Suzanne",
      "rotation": 0.0,
      "3d_coords": [
        1.6597458124160767,
        0.13192293047904968,
        1.0
      ],
      "pixel_coords": [
        81,
        60,
        10.066299438476562
      ],
      "material": "Rubber",
      "color": [
        1.0,
        1.0,
        0.0,
        1.0
      ],
      "size": 1.0
    },
    {
      "shape": "Suzanne",
      "rotation": 0.0,
      "3d_coords": [
        -0.8337296843528748,
        -0.4031487703323364,
        1.5
      ],
      "pixel_coords": [
        53,
        45,
        11.101472854614258
      ],
      "material": "MyMetal",
      "color": [
        1.0,
        0.0,
        0.0,
        1.0
      ],
      "size": 1.5
    }
  ]
}