{
  "image_filename": "000000218627876433",
  "objects": [
    {
      "shape": "Suzanne",
      "size": 1.0,
      "material": "data/materials/PoliigonFabricDenim003.blend",
      "3d_coords": [
        -2.832644462585449,
        -0.2723298966884613,
        1.0
      ],
      "rotation": 0.0,
      "pixel_coords": [
        40,
        44,
        12.638216972351074
      ]
    },
    {
      "shape": "Icosahedron",
      "size": 1.0,
      "material": "data/materials/PoliigonFabricFleece001.blend",
      "3d_coords": [
        1.624802827835083,
        2.202707290649414,
        1.0
      ],
      "rotation": 0.0,
      "pixel_coords": [
        98,
        51,
        11.341744422912598
      ]
    }
  ],
  "ground_material": "data/materials/PoliigonFabricDenim003.blend",
  "Lamp_Key": [
    6.157572269439697,
    -1.9764394760131836,
    3.5711350440979004
  ],
  "Lamp_Back": [
    -0.38267552852630615,
    3.6039083003997803,
    6.420307159423828
  ],
  "Lamp_Fill": [
    -5.354342937469482,
    -3.6877877712249756,
    3.1442549228668213
  ],
  "Camera": [
    7.193029403686523,
    -6.910531997680664,
    5.7991943359375
  ]
}