{
  "objects": [
    {
      "material": "Rubber",
      "size": 1.5,
      "3d_coords": [
        0.446099191904068,
        -0.4440295994281769,
        1.5
      ],
      "shape": "SmoothCube_v2",
      "color": [
        1.0,
        0.0,
        1.0,
        1.0
      ],
      "pixel_coords": [
        63,
        49,
        9.987239837646484
      ],
      "rotation": 0.0
    },
    {
      "material": "Rubber",
      "size": 1.0,
      "3d_coords": [
        -2.404376745223999,
        -0.8072828650474548,
        1.0
      ],
      "shape": "SmoothCube_v2",
      "color": [
        1.0,
        0.0,
        0.0,
        1.0
      ],
      "pixel_coords": [
        39,
        46,
        12.004941940307617
      ],
      "rotation": 0.0
    }
  ],
  "Lamp_Fill": [
    -4.494089603424072,
    -3.986957311630249,
    3.983760356903076
  ],
  "image_filename": "000011256277372372",
  "Lamp_Key": [
    6.645784378051758,
    -2.4502298831939697,
    5.2552103996276855
  ],
  "Lamp_Back": [
    -0.8843701481819153,
    2.7671420574188232,
    5.291069984436035
  ],
  "Camera": [
    7.8532538414001465,
    -6.234785556793213,
    5.031993865966797
  ]
}