{
  "objects": [
    {
      "rotation": 0.0,
      "3d_coords": [
        -2.001819133758545,
        0.41245824098587036,
        2.0
      ],
      "shape": "SmoothCube_v2",
      "pixel_coords": [
        52,
        33,
        11.657845497131348
      ],
      "size": 2.0,
      "material": "Rubber",
      "color": [
        1.0,
        1.0,
        0.0,
        1.0
      ]
    },
    {
      "rotation": 0.0,
      "3d_coords": [
        1.8278597593307495,
        2.8515355587005615,
        1.0
      ],
      "shape": "SmoothCylinder",
      "pixel_coords": [
        107,
        50,
        10.921235084533691
      ],
      "size": 1.0,
      "material": "Rubber",
      "color": [
        1.0,
        0.0,
        0.0,
        1.0
      ]
    }
  ],
  "image_filename": "000007599995948330",
  "Lamp_Key": [
    6.319797039031982,
    -2.6304595470428467,
    3.6041250228881836
  ],
  "Lamp_Fill": [
    -3.823070764541626,
    -4.306446552276611,
    3.2551469802856445
  ],
  "Camera": [
    7.446442604064941,
    -6.199771404266357,
    5.270735740661621
  ],
  "Lamp_Back": [
    -0.6060205101966858,
    2.7010459899902344,
    6.481081962585449
  ]
}