{
  "image_filename": "00000003",
  "objects": [
    {
      "shape": "triangle",
      "size": 0.325,
      "rotation": 0.0,
      "2d_coords": [
        0.4036579886337716,
        0.23836690441954306
      ],
      "color": [
        255,
        0,
        255
      ]
    },
    {
      "shape": "circle",
      "size": 0.425,
      "rotation": 0.0,
      "2d_coords": [
        0.5459481479093824,
        0.6344666043313447
      ],
      "color": [
        0,
        127,
        255
      ]
    }
  ]
}