{
  "image_filename": "00000028",
  "objects": [
    {
      "shape": "triangle",
      "size": 0.125,
      "rotation": 0.0,
      "2d_coords": [
        0.21841780257576027,
        0.8635855594354134
      ],
      "color": [
        255,
        0,
        255
      ]
    },
    {
      "shape": "triangle",
      "size": 0.325,
      "rotation": 0.0,
      "2d_coords": [
        0.5324164030572215,
        0.4681144520178667
      ],
      "color": [
        255,
        0,
        255
      ]
    }
  ]
}