{
  "Lamp_Back": [
    -2.1413252353668213,
    3.405184507369995,
    5.3261871337890625
  ],
  "Lamp_Fill": [
    -5.497349739074707,
    -4.185202598571777,
    3.467304229736328
  ],
  "objects": [
    {
      "color": [
        1.0,
        0.0,
        0.0,
        1.0
      ],
      "3d_coords": [
        -2.5430376529693604,
        -0.9393248558044434,
        2.0
      ],
      "shape": "Suzanne",
      "material": "Rubber",
      "pixel_coords": [
        33,
        34,
        10.915555000305176
      ],
      "size": 2.0,
      "rotation": 0.0
    },
    {
      "color": [
        0.0,
        0.0,
        1.0,
        1.0
      ],
      "3d_coords": [
        0.6949628591537476,
        -2.912369728088379,
        1.0
      ],
      "shape": "Sphere",
      "material": "MyMetal",
      "pixel_coords": [
        34,
        69,
        8.121597290039062
      ],
      "size": 1.0,
      "rotation": 0.0
    }
  ],
  "image_filename": "000001181710464712",
  "Camera": [
    7.048079967498779,
    -6.279195785522461,
    5.1574811935424805
  ],
  "Lamp_Key": [
    6.0320515632629395,
    -3.1756696701049805,
    4.754134178161621
  ]
}