{
  "objects": [
    {
      "3d_coords": [
        1.8713562488555908,
        -0.9920191168785095,
        2.0
      ],
      "color": [
        0.0,
        0.0,
        1.0,
        1.0
      ],
      "size": 2.0,
      "material": "Rubber",
      "pixel_coords": [
        72,
        49,
        8.309762954711914
      ],
      "shape": "SmoothCylinder",
      "rotation": 0.0
    },
    {
      "3d_coords": [
        -2.592284917831421,
        -0.6859052181243896,
        1.0
      ],
      "color": [
        1.0,
        0.0,
        0.0,
        1.0
      ],
      "size": 1.0,
      "material": "Rubber",
      "pixel_coords": [
        38,
        46,
        11.929463386535645
      ],
      "shape": "SmoothCube_v2",
      "rotation": 0.0
    }
  ],
  "image_filename": "000009662214863552",
  "Lamp_Back": [
    -1.2796252965927124,
    3.503044366836548,
    5.658138751983643
  ],
  "Camera": [
    7.412034034729004,
    -6.5835795402526855,
    4.851975917816162
  ],
  "Lamp_Fill": [
    -5.233068466186523,
    -4.631733417510986,
    2.2715365886688232
  ],
  "Lamp_Key": [
    7.309570789337158,
    -3.0795538425445557,
    4.034330368041992
  ]
}