{
  "image_filename": "000003081800394857",
  "Lamp_Fill": [
    -4.379756927490234,
    -4.112621307373047,
    2.1239428520202637
  ],
  "Camera": [
    7.0366411209106445,
    -6.293210029602051,
    5.754657745361328
  ],
  "Lamp_Back": [
    -1.6820286512374878,
    2.048083782196045,
    5.945886611938477
  ],
  "objects": [
    {
      "size": 1.5,
      "shape": "Suzanne",
      "pixel_coords": [
        53,
        55,
        9.182389259338379
      ],
      "color": [
        0.0,
        1.0,
        1.0,
        1.0
      ],
      "material": "Rubber",
      "rotation": 0.0,
      "3d_coords": [
        0.4814649522304535,
        -1.381587266921997,
        1.5
      ]
    },
    {
      "size": 1.5,
      "shape": "Sphere",
      "pixel_coords": [
        49,
        39,
        11.514327049255371
      ],
      "color": [
        0.0,
        1.0,
        0.0,
        1.0
      ],
      "material": "Rubber",
      "rotation": 0.0,
      "3d_coords": [
        -1.9103609323501587,
        0.04081273823976517,
        1.5
      ]
    }
  ],
  "Lamp_Key": [
    7.442711353302002,
    -3.1353437900543213,
    4.90907096862793
  ]
}