{
  "Camera": [
    7.763463973999023,
    -6.124154090881348,
    5.738129615783691
  ],
  "Lamp_Fill": [
    -3.9326860904693604,
    -3.3628718852996826,
    3.3096039295196533
  ],
  "Lamp_Back": [
    -0.7738034129142761,
    1.9683409929275513,
    6.7492356300354
  ],
  "objects": [
    {
      "pixel_coords": [
        26,
        43,
        11.332083702087402
      ],
      "color": [
        1.0,
        1.0,
        0.0,
        1.0
      ],
      "shape": "SmoothCube_v2",
      "material": "MyMetal",
      "size": 1.5,
      "3d_coords": [
        -2.514248847961426,
        -1.9693266153335571,
        1.5
      ],
      "rotation": 0.0
    },
    {
      "pixel_coords": [
        74,
        42,
        12.95479965209961
      ],
      "color": [
        0.0,
        1.0,
        1.0,
        1.0
      ],
      "shape": "SmoothCube_v2",
      "material": "Rubber",
      "size": 1.0,
      "3d_coords": [
        -1.2640684843063354,
        2.1762938499450684,
        1.0
      ],
      "rotation": 0.0
    }
  ],
  "image_filename": "000014059140348431",
  "Lamp_Key": [
    6.440606117248535,
    -2.821160078048706,
    4.974139213562012
  ]
}