{
  "Lamp_Back": [
    -1.2866206169128418,
    2.0275659561157227,
    6.399683952331543
  ],
  "Lamp_Fill": [
    -5.3371500968933105,
    -3.186028242111206,
    2.919084310531616
  ],
  "image_filename": "000007184764223563",
  "Camera": [
    7.354767799377441,
    -6.985184192657471,
    5.744347095489502
  ],
  "objects": [
    {
      "pixel_coords": [
        82,
        43,
        11.743870735168457
      ],
      "material": "Rubber",
      "shape": "SmoothCube_v2",
      "size": 1.5,
      "color": [
        1.0,
        0.0,
        0.0,
        1.0
      ],
      "rotation": 0.0,
      "3d_coords": [
        0.3449469804763794,
        1.7419060468673706,
        1.5
      ]
    },
    {
      "pixel_coords": [
        43,
        39,
        12.566292762756348
      ],
      "material": "MyMetal",
      "shape": "Suzanne",
      "size": 1.5,
      "color": [
        1.0,
        0.0,
        0.0,
        1.0
      ],
      "rotation": 0.0,
      "3d_coords": [
        -2.6885321140289307,
        -0.07961473613977432,
        1.5
      ]
    }
  ],
  "Lamp_Key": [
    5.796158313751221,
    -2.5547547340393066,
    3.5072572231292725
  ]
}