{
  "image_filename": "000008763487812313",
  "objects": [
    {
      "shape": "Icosahedron",
      "size": 2.0,
      "material": "data/materials/PoliigonMetalSpottyDiscoloration001.blend",
      "3d_coords": [
        0.9476152658462524,
        0.1794224977493286,
        2.0
      ],
      "rotation": 0.0,
      "pixel_coords": [
        74,
        43,
        10.171656608581543
      ]
    },
    {
      "shape": "Cone",
      "size": 1.5,
      "material": "data/materials/PoliigonFabricDenim003.blend",
      "3d_coords": [
        -2.7105648517608643,
        -0.36411091685295105,
        1.5
      ],
      "rotation": 0.0,
      "pixel_coords": [
        42,
        40,
        12.588027954101562
      ]
    }
  ],
  "ground_material": "data/materials/PoliigonFabricDenim003.blend",
  "Lamp_Key": [
    5.960008144378662,
    -3.599830150604248,
    3.549379825592041
  ],
  "Lamp_Back": [
    -1.5799834728240967,
    3.442514419555664,
    5.8875226974487305
  ],
  "Lamp_Fill": [
    -5.480274677276611,
    -3.1282613277435303,
    3.839498519897461
  ],
  "Camera": [
    7.9524664878845215,
    -6.678398132324219,
    5.19675874710083
  ]
}