{
  "Camera": [
    7.224307537078857,
    -6.3833327293396,
    5.238426208496094
  ],
  "Lamp_Fill": [
    -3.7617321014404297,
    -4.776681423187256,
    2.9067089557647705
  ],
  "Lamp_Back": [
    -0.31320837140083313,
    2.396768808364868,
    5.294375896453857
  ],
  "objects": [
    {
      "shape": "SmoothCylinder",
      "pixel_coords": [
        73,
        36,
        12.489341735839844
      ],
      "color": [
        0.0,
        1.0,
        0.0,
        1.0
      ],
      "3d_coords": [
        -1.3922406435012817,
        2.263796329498291,
        1.5
      ],
      "rotation": 0.0,
      "material": "MyMetal",
      "size": 1.5
    },
    {
      "shape": "Sphere",
      "pixel_coords": [
        58,
        58,
        8.49338436126709
      ],
      "color": [
        0.0,
        1.0,
        0.0,
        1.0
      ],
      "3d_coords": [
        1.2760006189346313,
        -1.5847151279449463,
        1.5
      ],
      "rotation": 0.0,
      "material": "MyMetal",
      "size": 1.5
    }
  ],
  "image_filename": "000014463492785422",
  "Lamp_Key": [
    5.563241004943848,
    -3.6453757286071777,
    4.551717758178711
  ]
}