{
  "image_filename": "00000067",
  "objects": [
    {
      "shape": "triangle",
      "size": 0.125,
      "rotation": 0.0,
      "2d_coords": [
        0.9303549562288059,
        0.09141221906835058
      ],
      "color": [
        255,
        127,
        0
      ]
    },
    {
      "shape": "triangle",
      "size": 0.225,
      "rotation": 0.0,
      "2d_coords": [
        0.24559796555138397,
        0.5171173320242891
      ],
      "color": [
        0,
        255,
        0
      ]
    }
  ]
}