{
  "image_filename": "000003117102577278",
  "objects": [
    {
      "shape": "Sphere",
      "size": 2.0,
      "material": "data/materials/PoliigonMetalSpottyDiscoloration001.blend",
      "3d_coords": [
        -2.5818305015563965,
        -1.7677288055419922,
        2.0
      ],
      "rotation": 0.0,
      "pixel_coords": [
        26,
        38,
        11.328519821166992
      ]
    },
    {
      "shape": "Cylinder",
      "size": 1.5,
      "material": "data/materials/PoliigonMetalSpottyDiscoloration001.blend",
      "3d_coords": [
        1.6823043823242188,
        -2.675431489944458,
        1.5
      ],
      "rotation": 0.0,
      "pixel_coords": [
        49,
        65,
        8.204741477966309
      ]
    }
  ],
  "ground_material": "data/materials/PoliigonFabricFleece001.blend",
  "Lamp_Key": [
    7.238719463348389,
    -2.8764328956604004,
    3.35839581489563
  ],
  "Lamp_Back": [
    -1.9118517637252808,
    3.6448135375976562,
    5.563807487487793
  ],
  "Lamp_Fill": [
    -3.919560432434082,
    -4.493542194366455,
    3.7818071842193604
  ],
  "Camera": [
    7.658970355987549,
    -6.862025260925293,
    5.3512163162231445
  ]
}