{
  "Lamp_Fill": [
    -4.664767265319824,
    -4.033234596252441,
    3.0990803241729736
  ],
  "Lamp_Key": [
    7.280487537384033,
    -2.5022990703582764,
    3.729055643081665
  ],
  "objects": [
    {
      "pixel_coords": [
        34,
        48,
        11.573600769042969
      ],
      "size": 1.0,
      "material": "Rubber",
      "shape": "SmoothCylinder",
      "3d_coords": [
        -2.2904114723205566,
        -1.2751277685165405,
        1.0
      ],
      "color": [
        0.0,
        0.0,
        1.0,
        1.0
      ],
      "rotation": 0.0
    },
    {
      "pixel_coords": [
        70,
        31,
        12.73701286315918
      ],
      "size": 2.0,
      "material": "MyMetal",
      "shape": "Suzanne",
      "3d_coords": [
        -1.6309698820114136,
        2.2233757972717285,
        2.0
      ],
      "color": [
        0.0,
        1.0,
        1.0,
        1.0
      ],
      "rotation": 0.0
    }
  ],
  "Camera": [
    7.499247074127197,
    -6.628715991973877,
    5.149820804595947
  ],
  "Lamp_Back": [
    -1.5811831951141357,
    2.1187520027160645,
    6.483748912811279
  ],
  "image_filename": "000006967931417802"
}