{
  "image_filename": "000002838759586687",
  "objects": [
    {
      "shape": "Icosahedron",
      "size": 2.0,
      "material": "data/materials/PoliigonRoofTilesTerracotta004.blend",
      "3d_coords": [
        -2.805769920349121,
        -1.39114511013031,
        2.0
      ],
      "rotation": 0.0,
      "pixel_coords": [
        30,
        36,
        11.797614097595215
      ]
    },
    {
      "shape": "Icosahedron",
      "size": 1.5,
      "material": "data/materials/PoliigonWoodFlooring061.blend",
      "3d_coords": [
        2.869342088699341,
        -1.511909008026123,
        1.5
      ],
      "rotation": 0.0,
      "pixel_coords": [
        76,
        66,
        8.13515853881836
      ]
    }
  ],
  "ground_material": "data/materials/PoliigonChainmailCopperRoundedThin001.blend",
  "Lamp_Key": [
    7.034086227416992,
    -2.536694049835205,
    4.1220879554748535
  ],
  "Lamp_Back": [
    -0.721928060054779,
    3.4040744304656982,
    5.000343322753906
  ],
  "Lamp_Fill": [
    -3.770395517349243,
    -4.051299571990967,
    2.390253782272339
  ],
  "Camera": [
    7.836553573608398,
    -6.721609115600586,
    5.360255241394043
  ]
}