{
  "image_filename": "00000029",
  "objects": [
    {
      "shape": "star_4",
      "size": 0.125,
      "rotation": 0.0,
      "2d_coords": [
        0.9037922090942377,
        0.15970087536215674
      ],
      "color": [
        255,
        127,
        0
      ]
    },
    {
      "shape": "triangle",
      "size": 0.325,
      "rotation": 0.0,
      "2d_coords": [
        0.16745548960340553,
        0.6095584695541566
      ],
      "color": [
        255,
        127,
        0
      ]
    }
  ]
}