{
  "image_filename": "000004726277292420",
  "objects": [
    {
      "shape": "NewellTeapot",
      "size": 2.0,
      "material": "data/materials/PoliigonMetalSpottyDiscoloration001.blend",
      "3d_coords": [
        -1.7445416450500488,
        2.476956844329834,
        2.0
      ],
      "rotation": 0.0,
      "pixel_coords": [
        74,
        31,
        12.832098007202148
      ]
    },
    {
      "shape": "Cone",
      "size": 1.0,
      "material": "data/materials/PoliigonBricksFlemishRed001.blend",
      "3d_coords": [
        -2.574037551879883,
        -1.1681684255599976,
        1.0
      ],
      "rotation": 0.0,
      "pixel_coords": [
        34,
        47,
        11.843280792236328
      ]
    }
  ],
  "ground_material": "data/materials/PoliigonMetalSpottyDiscoloration001.blend",
  "Lamp_Key": [
    6.934159278869629,
    -2.21863055229187,
    4.232196807861328
  ],
  "Lamp_Back": [
    -1.2541755437850952,
    3.0469751358032227,
    5.794312477111816
  ],
  "Lamp_Fill": [
    -4.189225673675537,
    -3.782233238220215,
    3.1947133541107178
  ],
  "Camera": [
    7.876229286193848,
    -6.134136199951172,
    4.851140975952148
  ]
}