{
  "image_filename": "00000083",
  "objects": [
    {
      "shape": "square",
      "size": 0.225,
      "rotation": 0.0,
      "2d_coords": [
        0.8690653551183717,
        0.07518379204342336
      ],
      "color": [
        0,
        127,
        255
      ]
    },
    {
      "shape": "star_4",
      "size": 0.425,
      "rotation": 0.0,
      "2d_coords": [
        0.24206733534064906,
        0.8246471775102364
      ],
      "color": [
        255,
        0,
        255
      ]
    }
  ]
}