{
  "image_filename": "000013742874637237",
  "objects": [
    {
      "shape": "Suzanne",
      "size": 1.5,
      "material": "data/materials/PoliigonWoodFlooring061.blend",
      "3d_coords": [
        1.9195849895477295,
        -2.3153886795043945,
        1.5
      ],
      "rotation": 0.0,
      "pixel_coords": [
        56,
        68,
        8.03219223022461
      ]
    },
    {
      "shape": "Cube",
      "size": 1.5,
      "material": "data/materials/PoliigonFabricDenim003.blend",
      "3d_coords": [
        -1.4337791204452515,
        0.9563974142074585,
        1.5
      ],
      "rotation": 0.0,
      "pixel_coords": [
        61,
        39,
        12.050661087036133
      ]
    }
  ],
  "ground_material": "data/materials/PoliigonBricksPaintedWhite001.blend",
  "Lamp_Key": [
    6.094672203063965,
    -2.0910909175872803,
    3.2741143703460693
  ],
  "Lamp_Back": [
    -0.8958949446678162,
    2.7841477394104004,
    6.2902631759643555
  ],
  "Lamp_Fill": [
    -5.452391624450684,
    -4.433695316314697,
    2.6548311710357666
  ],
  "Camera": [
    7.260308265686035,
    -6.505384922027588,
    5.823180675506592
  ]
}