{
  "image_filename": "00000008",
  "objects": [
    {
      "shape": "star_4",
      "size": 0.125,
      "rotation": 0.0,
      "2d_coords": [
        0.3468390321956798,
        0.8816413008263401
      ],
      "color": [
        255,
        0,
        255
      ]
    },
    {
      "shape": "square",
      "size": 0.325,
      "rotation": 0.0,
      "2d_coords": [
        0.5583869561453746,
        0.6053811519658124
      ],
      "color": [
        255,
        127,
        0
      ]
    }
  ]
}