{
  "image_filename": "000011285977212397",
  "objects": [
    {
      "shape": "NewellTeapot",
      "size": 2.0,
      "material": "data/materials/PoliigonMetalSpottyDiscoloration001.blend",
      "3d_coords": [
        -0.37792015075683594,
        2.8057949542999268,
        2.0
      ],
      "rotation": 0.0,
      "pixel_coords": [
        87,
        31,
        11.628022193908691
      ]
    },
    {
      "shape": "Icosahedron",
      "size": 1.5,
      "material": "data/materials/PoliigonFabricFleece001.blend",
      "3d_coords": [
        -2.8557536602020264,
        -0.07785879820585251,
        1.5
      ],
      "rotation": 0.0,
      "pixel_coords": [
        42,
        36,
        11.920233726501465
      ]
    }
  ],
  "ground_material": "data/materials/PoliigonBricksPaintedWhite001.blend",
  "Lamp_Key": [
    7.005967140197754,
    -2.8125579357147217,
    4.899348735809326
  ],
  "Lamp_Back": [
    -2.0909366607666016,
    3.612989902496338,
    5.63867712020874
  ],
  "Lamp_Fill": [
    -5.451292991638184,
    -4.800938606262207,
    3.123995065689087
  ],
  "Camera": [
    7.253048419952393,
    -6.037922382354736,
    5.166727066040039
  ]
}