{
  "image_filename": "000003705878230114",
  "objects": [
    {
      "shape": "Icosahedron",
      "size": 2.0,
      "material": "data/materials/PoliigonMetalSpottyDiscoloration001.blend",
      "3d_coords": [
        2.161762237548828,
        -0.5894884467124939,
        2.0
      ],
      "rotation": 0.0,
      "pixel_coords": [
        81,
        52,
        8.818099975585938
      ]
    },
    {
      "shape": "Cube",
      "size": 2.0,
      "material": "data/materials/PoliigonBricksPaintedWhite001.blend",
      "3d_coords": [
        -2.7471530437469482,
        -0.4997710883617401,
        2.0
      ],
      "rotation": 0.0,
      "pixel_coords": [
        37,
        34,
        11.909017562866211
      ]
    }
  ],
  "ground_material": "data/materials/PoliigonBricksPaintedWhite001.blend",
  "Lamp_Key": [
    7.30780553817749,
    -3.032961130142212,
    5.24913215637207
  ],
  "Lamp_Back": [
    -1.886173129081726,
    2.3930587768554688,
    6.658544063568115
  ],
  "Lamp_Fill": [
    -5.160707473754883,
    -3.7205991744995117,
    2.7461636066436768
  ],
  "Camera": [
    7.125008583068848,
    -6.949882507324219,
    5.795323371887207
  ]
}