{
  "image_filename": "00000002",
  "objects": [
    {
      "shape": "star_4",
      "size": 0.225,
      "rotation": 0.0,
      "2d_coords": [
        0.8453492403945038,
        0.15815224395709396
      ],
      "color": [
        255,
        127,
        0
      ]
    },
    {
      "shape": "triangle",
      "size": 0.125,
      "rotation": 0.0,
      "2d_coords": [
        0.335511735347964,
        0.13692396159383413
      ],
      "color": [
        255,
        0,
        255
      ]
    }
  ]
}