{
  "Lamp_Key": [
    6.764173984527588,
    -3.2285068035125732,
    4.4202961921691895
  ],
  "objects": [
    {
      "material": "Rubber",
      "size": 2.0,
      "shape": "SmoothCube_v2",
      "color": [
        0.0,
        1.0,
        1.0,
        1.0
      ],
      "rotation": 0.0,
      "pixel_coords": [
        25,
        39,
        9.907055854797363
      ],
      "3d_coords": [
        -1.8925122022628784,
        -2.041226625442505,
        2.0
      ]
    },
    {
      "material": "Rubber",
      "size": 1.0,
      "shape": "Suzanne",
      "color": [
        1.0,
        0.0,
        0.0,
        1.0
      ],
      "rotation": 0.0,
      "pixel_coords": [
        118,
        52,
        10.3386869430542
      ],
      "3d_coords": [
        2.658583879470825,
        2.9290595054626465,
        1.0
      ]
    }
  ],
  "image_filename": "000005945419844971",
  "Lamp_Fill": [
    -4.74793004989624,
    -3.821354389190674,
    3.9559054374694824
  ],
  "Camera": [
    7.056087017059326,
    -6.3512187004089355,
    5.2223124504089355
  ],
  "Lamp_Back": [
    -0.4970890283584595,
    1.8136910200119019,
    5.00517463684082
  ]
}