{
  "Lamp_Fill": [
    -5.175048351287842,
    -4.0001540184021,
    3.5362210273742676
  ],
  "Lamp_Back": [
    -0.35206857323646545,
    1.788085699081421,
    5.410154342651367
  ],
  "image_filename": "000007988633691763",
  "Camera": [
    7.816864013671875,
    -6.489528656005859,
    5.45128059387207
  ],
  "objects": [
    {
      "color": [
        1.0,
        1.0,
        0.0,
        1.0
      ],
      "pixel_coords": [
        46,
        66,
        8.102673530578613
      ],
      "rotation": 0.0,
      "shape": "Sphere",
      "3d_coords": [
        1.715194582939148,
        -2.762620449066162,
        1.5
      ],
      "size": 1.5,
      "material": "MyMetal"
    },
    {
      "color": [
        1.0,
        0.0,
        1.0,
        1.0
      ],
      "pixel_coords": [
        59,
        46,
        12.300415992736816
      ],
      "rotation": 0.0,
      "shape": "SmoothCylinder",
      "3d_coords": [
        -1.3580840826034546,
        0.5734673142433167,
        1.0
      ],
      "size": 1.0,
      "material": "Rubber"
    }
  ],
  "Lamp_Key": [
    7.223100662231445,
    -3.1130499839782715,
    3.6448726654052734
  ]
}