{
  "image_filename": "000011326991376696",
  "objects": [
    {
      "color": [
        0.0,
        1.0,
        1.0,
        1.0
      ],
      "rotation": 0.0,
      "size": 1.0,
      "3d_coords": [
        -1.826125979423523,
        1.2936649322509766,
        1.0
      ],
      "pixel_coords": [
        62,
        44,
        13.101766586303711
      ],
      "material": "MyMetal",
      "shape": "Sphere"
    },
    {
      "color": [
        0.0,
        1.0,
        0.0,
        1.0
      ],
      "rotation": 0.0,
      "size": 1.0,
      "3d_coords": [
        0.01025698333978653,
        -1.398800015449524,
        1.0
      ],
      "pixel_coords": [
        50,
        58,
        10.296627044677734
      ],
      "material": "MyMetal",
      "shape": "SmoothCylinder"
    }
  ],
  "Lamp_Back": [
    -0.6053703427314758,
    1.9494872093200684,
    4.964578628540039
  ],
  "Camera": [
    7.831372261047363,
    -6.710721969604492,
    5.239641189575195
  ],
  "Lamp_Fill": [
    -4.498219966888428,
    -3.500770330429077,
    2.3008480072021484
  ],
  "Lamp_Key": [
    7.341619968414307,
    -2.4017257690429688,
    4.544886112213135
  ]
}