{
  "image_filename": "000011098722047447",
  "objects": [
    {
      "shape": "Sphere",
      "size": 2.0,
      "material": "data/materials/PoliigonWoodFlooring061.blend",
      "3d_coords": [
        2.7570993900299072,
        -0.6564561724662781,
        2.0
      ],
      "rotation": 0.0,
      "pixel_coords": [
        86,
        56,
        8.037493705749512
      ]
    },
    {
      "shape": "Suzanne",
      "size": 1.0,
      "material": "data/materials/PoliigonRoofTilesTerracotta004.blend",
      "3d_coords": [
        -2.773618459701538,
        -2.987748861312866,
        1.0
      ],
      "rotation": 0.0,
      "pixel_coords": [
        12,
        51,
        10.930964469909668
      ]
    }
  ],
  "ground_material": "data/materials/PoliigonBricksPaintedWhite001.blend",
  "Lamp_Key": [
    6.922394752502441,
    -3.8557591438293457,
    3.322767734527588
  ],
  "Lamp_Back": [
    -1.7614384889602661,
    1.7482597827911377,
    6.157196998596191
  ],
  "Lamp_Fill": [
    -4.170578956604004,
    -4.710599899291992,
    3.15582013130188
  ],
  "Camera": [
    7.506309986114502,
    -6.246946334838867,
    5.551363945007324
  ]
}