{
  "Lamp_Back": [
    -2.0228402614593506,
    3.522449254989624,
    5.868325710296631
  ],
  "objects": [
    {
      "material": "Rubber",
      "pixel_coords": [
        62,
        36,
        12.256332397460938
      ],
      "shape": "SmoothCube_v2",
      "rotation": 0.0,
      "size": 1.5,
      "color": [
        1.0,
        0.0,
        1.0,
        1.0
      ],
      "3d_coords": [
        -1.940796136856079,
        1.4276596307754517,
        1.5
      ]
    },
    {
      "material": "Rubber",
      "pixel_coords": [
        83,
        54,
        8.841658592224121
      ],
      "shape": "SmoothCube_v2",
      "rotation": 0.0,
      "size": 1.5,
      "color": [
        1.0,
        0.0,
        1.0,
        1.0
      ],
      "3d_coords": [
        1.8929866552352905,
        0.018527435138821602,
        1.5
      ]
    }
  ],
  "image_filename": "000008304936763668",
  "Lamp_Key": [
    5.549162864685059,
    -3.6040143966674805,
    4.590518951416016
  ],
  "Camera": [
    7.396988868713379,
    -6.097418308258057,
    5.02017879486084
  ],
  "Lamp_Fill": [
    -4.767780780792236,
    -5.0057597160339355,
    2.309117555618286
  ]
}