{
  "Lamp_Key": [
    7.0826544761657715,
    -3.651395559310913,
    5.245344638824463
  ],
  "Camera": [
    7.598730087280273,
    -6.802804470062256,
    5.691498756408691
  ],
  "Lamp_Fill": [
    -5.006899833679199,
    -3.859229803085327,
    2.2760159969329834
  ],
  "image_filename": "000011229805477288",
  "objects": [
    {
      "size": 1.5,
      "pixel_coords": [
        64,
        54,
        9.874287605285645
      ],
      "shape": "Sphere",
      "material": "MyMetal",
      "color": [
        1.0,
        0.0,
        0.0,
        1.0
      ],
      "3d_coords": [
        0.9266256093978882,
        -0.8094160556793213,
        1.5
      ],
      "rotation": 0.0
    },
    {
      "size": 2.0,
      "pixel_coords": [
        106,
        40,
        10.916653633117676
      ],
      "shape": "Suzanne",
      "material": "MyMetal",
      "color": [
        0.0,
        0.0,
        1.0,
        1.0
      ],
      "3d_coords": [
        2.0093936920166016,
        2.607966899871826,
        2.0
      ],
      "rotation": 0.0
    }
  ],
  "Lamp_Back": [
    -1.3936212062835693,
    1.8427377939224243,
    6.771528720855713
  ]
}