{
  "image_filename": "00000080",
  "objects": [
    {
      "shape": "circle",
      "size": 0.325,
      "rotation": 0.0,
      "2d_coords": [
        0.7242723059814473,
        0.32104587753144354
      ],
      "color": [
        0,
        255,
        0
      ]
    },
    {
      "shape": "star_4",
      "size": 0.325,
      "rotation": 0.0,
      "2d_coords": [
        0.19983809037645497,
        0.8534828059050672
      ],
      "color": [
        255,
        0,
        255
      ]
    }
  ]
}