{
  "image_filename": "000013519790278410",
  "objects": [
    {
      "shape": "Cylinder",
      "size": 2.0,
      "material": "data/materials/PoliigonFabricDenim003.blend",
      "3d_coords": [
        -2.3568568229675293,
        -2.418278932571411,
        2.0
      ],
      "rotation": 0.0,
      "pixel_coords": [
        18,
        40,
        10.297188758850098
      ]
    },
    {
      "shape": "Icosahedron",
      "size": 2.0,
      "material": "data/materials/PoliigonMetalSpottyDiscoloration001.blend",
      "3d_coords": [
        2.5386950969696045,
        2.84305477142334,
        2.0
      ],
      "rotation": 0.0,
      "pixel_coords": [
        116,
        40,
        10.34492301940918
      ]
    }
  ],
  "ground_material": "data/materials/PoliigonBricksFlemishRed001.blend",
  "Lamp_Key": [
    7.381340503692627,
    -3.8065898418426514,
    4.993068218231201
  ],
  "Lamp_Back": [
    -1.7786555290222168,
    3.0516014099121094,
    4.906308174133301
  ],
  "Lamp_Fill": [
    -5.239256858825684,
    -3.5924489498138428,
    2.419222593307495
  ],
  "Camera": [
    7.100722789764404,
    -6.709051609039307,
    5.561889171600342
  ]
}