{
  "image_filename": "000004878600721465",
  "objects": [
    {
      "shape": "Cylinder",
      "size": 2.0,
      "material": "data/materials/PoliigonFabricDenim003.blend",
      "3d_coords": [
        -1.7227944135665894,
        -1.6205838918685913,
        2.0
      ],
      "rotation": 0.0,
      "pixel_coords": [
        33,
        39,
        10.482563018798828
      ]
    },
    {
      "shape": "Cube",
      "size": 1.5,
      "material": "data/materials/PoliigonBricksPaintedWhite001.blend",
      "3d_coords": [
        2.2637412548065186,
        2.0319552421569824,
        1.5
      ],
      "rotation": 0.0,
      "pixel_coords": [
        105,
        48,
        10.188529968261719
      ]
    }
  ],
  "ground_material": "data/materials/PoliigonMetalSpottyDiscoloration001.blend",
  "Lamp_Key": [
    7.035341262817383,
    -2.4735045433044434,
    4.136181831359863
  ],
  "Lamp_Back": [
    -0.5466183423995972,
    2.733558416366577,
    6.733947277069092
  ],
  "Lamp_Fill": [
    -4.3181304931640625,
    -4.7328362464904785,
    3.2930314540863037
  ],
  "Camera": [
    7.464044570922852,
    -6.527132511138916,
    5.236135005950928
  ]
}