{
  "image_filename": "000010008683606160",
  "objects": [
    {
      "shape": "Cone",
      "size": 1.0,
      "material": "data/materials/PoliigonBricksFlemishRed001.blend",
      "3d_coords": [
        -0.3471967875957489,
        -0.7207409143447876,
        1.0
      ],
      "rotation": 0.0,
      "pixel_coords": [
        54,
        54,
        10.738068580627441
      ]
    },
    {
      "shape": "Cube",
      "size": 1.5,
      "material": "data/materials/PoliigonBricksPaintedWhite001.blend",
      "3d_coords": [
        -2.4129204750061035,
        2.6206932067871094,
        1.5
      ],
      "rotation": 0.0,
      "pixel_coords": [
        69,
        34,
        13.794315338134766
      ]
    }
  ],
  "ground_material": "data/materials/PoliigonFabricDenim003.blend",
  "Lamp_Key": [
    7.430917263031006,
    -3.017155408859253,
    4.439812183380127
  ],
  "Lamp_Back": [
    -2.1472177505493164,
    2.148123025894165,
    5.489088535308838
  ],
  "Lamp_Fill": [
    -4.214252471923828,
    -4.157163619995117,
    2.5770163536071777
  ],
  "Camera": [
    7.84929895401001,
    -6.322876930236816,
    5.241694927215576
  ]
}