{
  "image_filename": "000010868998833695",
  "objects": [
    {
      "shape": "Icosahedron",
      "size": 1.5,
      "material": "data/materials/PoliigonFabricFleece001.blend",
      "3d_coords": [
        -1.0834325551986694,
        -2.796685218811035,
        1.5
      ],
      "rotation": 0.0,
      "pixel_coords": [
        23,
        51,
        9.78485107421875
      ]
    },
    {
      "shape": "Cone",
      "size": 1.0,
      "material": "data/materials/PoliigonBricksFlemishRed001.blend",
      "3d_coords": [
        2.833004951477051,
        -2.4997966289520264,
        1.0
      ],
      "rotation": 0.0,
      "pixel_coords": [
        62,
        81,
        7.519365310668945
      ]
    }
  ],
  "ground_material": "data/materials/PoliigonRoofTilesTerracotta004.blend",
  "Lamp_Key": [
    5.989748954772949,
    -2.435188055038452,
    3.4563233852386475
  ],
  "Lamp_Back": [
    -0.38349589705467224,
    2.0947372913360596,
    6.663661956787109
  ],
  "Lamp_Fill": [
    -3.948451519012451,
    -5.009018898010254,
    3.5290114879608154
  ],
  "Camera": [
    7.710638046264648,
    -6.333934307098389,
    5.3450212478637695
  ]
}