{
  "Lamp_Fill": [
    -5.117967128753662,
    -3.686239719390869,
    2.4863576889038086
  ],
  "objects": [
    {
      "pixel_coords": [
        89,
        54,
        10.90920639038086
      ],
      "shape": "SmoothCube_v2",
      "size": 1.0,
      "material": "MyMetal",
      "rotation": 0.0,
      "color": [
        0.0,
        0.0,
        1.0,
        1.0
      ],
      "3d_coords": [
        1.50193190574646,
        1.3053641319274902,
        1.0
      ]
    },
    {
      "pixel_coords": [
        44,
        40,
        12.298654556274414
      ],
      "shape": "SmoothCylinder",
      "size": 1.5,
      "material": "Rubber",
      "rotation": 0.0,
      "color": [
        1.0,
        0.0,
        0.0,
        1.0
      ],
      "3d_coords": [
        -2.3715579509735107,
        -0.15885445475578308,
        1.5
      ]
    }
  ],
  "Lamp_Back": [
    -1.9690635204315186,
    3.41152024269104,
    5.13565731048584
  ],
  "image_filename": "000006530276362079",
  "Lamp_Key": [
    6.936084747314453,
    -2.756589889526367,
    3.4408652782440186
  ],
  "Camera": [
    7.470844745635986,
    -6.820187568664551,
    5.673683166503906
  ]
}