{
  "image_filename": "000012000711061314",
  "objects": [
    {
      "shape": "Cube",
      "size": 1.0,
      "material": "data/materials/PoliigonBricksPaintedWhite001.blend",
      "3d_coords": [
        1.9343100786209106,
        0.06685573607683182,
        1.0
      ],
      "rotation": 0.0,
      "pixel_coords": [
        83,
        61,
        10.027759552001953
      ]
    },
    {
      "shape": "Cube",
      "size": 1.5,
      "material": "data/materials/PoliigonBricksPaintedWhite001.blend",
      "3d_coords": [
        -2.721853733062744,
        2.9559152126312256,
        1.5
      ],
      "rotation": 0.0,
      "pixel_coords": [
        67,
        33,
        14.537644386291504
      ]
    }
  ],
  "ground_material": "data/materials/PoliigonBricksFlemishRed001.blend",
  "Lamp_Key": [
    5.751663684844971,
    -3.8384785652160645,
    3.7362964153289795
  ],
  "Lamp_Back": [
    -1.1149853467941284,
    3.181652307510376,
    5.279727458953857
  ],
  "Lamp_Fill": [
    -4.477628231048584,
    -3.1560418605804443,
    2.8512556552886963
  ],
  "Camera": [
    7.608013153076172,
    -6.984894275665283,
    5.531383991241455
  ]
}