{
  "Lamp_Back": [
    -0.19268584251403809,
    2.3867218494415283,
    6.069340705871582
  ],
  "objects": [
    {
      "color": [
        0.0,
        1.0,
        1.0,
        1.0
      ],
      "pixel_coords": [
        48,
        41,
        12.031852722167969
      ],
      "rotation": 0.0,
      "material": "MyMetal",
      "size": 1.5,
      "shape": "SmoothCylinder",
      "3d_coords": [
        -1.8954304456710815,
        -0.23592446744441986,
        1.5
      ]
    },
    {
      "color": [
        0.0,
        1.0,
        0.0,
        1.0
      ],
      "pixel_coords": [
        77,
        50,
        8.894081115722656
      ],
      "rotation": 0.0,
      "material": "MyMetal",
      "size": 2.0,
      "shape": "Sphere",
      "3d_coords": [
        2.044222116470337,
        -0.605985164642334,
        2.0
      ]
    }
  ],
  "image_filename": "000012493133246768",
  "Camera": [
    7.917660236358643,
    -6.501186370849609,
    5.359093189239502
  ],
  "Lamp_Key": [
    7.225891590118408,
    -2.8345398902893066,
    4.460455417633057
  ],
  "Lamp_Fill": [
    -4.744472026824951,
    -3.7732396125793457,
    2.4498023986816406
  ]
}