{
  "Lamp_Back": [
    -2.087526321411133,
    2.782684087753296,
    6.268516540527344
  ],
  "Lamp_Key": [
    5.454350471496582,
    -3.3181538581848145,
    5.120826244354248
  ],
  "image_filename": "000003336545178563",
  "objects": [
    {
      "pixel_coords": [
        30,
        48,
        9.59056282043457
      ],
      "color": [
        0.0,
        0.0,
        1.0,
        1.0
      ],
      "3d_coords": [
        -1.1830662488937378,
        -2.068307876586914,
        1.5
      ],
      "size": 1.5,
      "rotation": 0.0,
      "shape": "Sphere",
      "material": "MyMetal"
    },
    {
      "pixel_coords": [
        59,
        29,
        11.926591873168945
      ],
      "color": [
        1.0,
        1.0,
        0.0,
        1.0
      ],
      "3d_coords": [
        -2.1525068283081055,
        1.3172049522399902,
        2.0
      ],
      "size": 2.0,
      "rotation": 0.0,
      "shape": "SmoothCube_v2",
      "material": "MyMetal"
    }
  ],
  "Lamp_Fill": [
    -4.543107032775879,
    -4.458059310913086,
    2.785460948944092
  ],
  "Camera": [
    7.007946491241455,
    -6.194153308868408,
    5.300709247589111
  ]
}