{
  "Lamp_Back": [
    -0.3382367789745331,
    1.8030120134353638,
    4.845833778381348
  ],
  "Lamp_Fill": [
    -4.252055644989014,
    -4.257500648498535,
    2.463906764984131
  ],
  "objects": [
    {
      "3d_coords": [
        2.1103086471557617,
        0.7280740737915039,
        1.0
      ],
      "shape": "SmoothCube_v2",
      "pixel_coords": [
        92,
        59,
        9.606475830078125
      ],
      "size": 1.0,
      "color": [
        1.0,
        0.0,
        0.0,
        1.0
      ],
      "rotation": 0.0,
      "material": "Rubber"
    },
    {
      "3d_coords": [
        -2.3358163833618164,
        -1.011738896369934,
        1.0
      ],
      "shape": "SmoothCube_v2",
      "pixel_coords": [
        36,
        47,
        11.509987831115723
      ],
      "size": 1.0,
      "color": [
        1.0,
        0.0,
        0.0,
        1.0
      ],
      "rotation": 0.0,
      "material": "Rubber"
    }
  ],
  "Camera": [
    7.22113561630249,
    -6.353401184082031,
    5.459602355957031
  ],
  "image_filename": "000005949639534735",
  "Lamp_Key": [
    5.733299255371094,
    -3.728152275085449,
    3.700779438018799
  ]
}