{
  "Lamp_Back": [
    -0.35779446363449097,
    3.2256040573120117,
    5.762005805969238
  ],
  "Lamp_Key": [
    7.240955829620361,
    -2.8831214904785156,
    5.114667892456055
  ],
  "Lamp_Fill": [
    -5.625363826751709,
    -3.5963709354400635,
    3.969644069671631
  ],
  "image_filename": "000015485634856587",
  "Camera": [
    7.181669235229492,
    -6.345304489135742,
    5.814640998840332
  ],
  "objects": [
    {
      "pixel_coords": [
        55,
        40,
        11.570287704467773
      ],
      "color": [
        0.0,
        1.0,
        1.0,
        1.0
      ],
      "size": 1.5,
      "material": "MyMetal",
      "rotation": 0.0,
      "3d_coords": [
        -1.5050373077392578,
        0.3087715804576874,
        1.5
      ],
      "shape": "SmoothCube_v2"
    },
    {
      "pixel_coords": [
        100,
        43,
        9.801183700561523
      ],
      "color": [
        0.0,
        1.0,
        1.0,
        1.0
      ],
      "size": 2.0,
      "material": "Rubber",
      "rotation": 0.0,
      "3d_coords": [
        1.9828438758850098,
        1.5893481969833374,
        2.0
      ],
      "shape": "SmoothCube_v2"
    }
  ]
}