{
  "Lamp_Fill": [
    -4.958958625793457,
    -4.743964672088623,
    2.770920991897583
  ],
  "objects": [
    {
      "size": 2.0,
      "rotation": 0.0,
      "pixel_coords": [
        69,
        36,
        11.730506896972656
      ],
      "material": "MyMetal",
      "shape": "Suzanne",
      "color": [
        1.0,
        1.0,
        0.0,
        1.0
      ],
      "3d_coords": [
        -0.6877034902572632,
        1.1853387355804443,
        2.0
      ]
    },
    {
      "size": 2.0,
      "rotation": 0.0,
      "pixel_coords": [
        103,
        38,
        11.057276725769043
      ],
      "material": "MyMetal",
      "shape": "Sphere",
      "color": [
        0.0,
        0.0,
        1.0,
        1.0
      ],
      "3d_coords": [
        1.711358904838562,
        2.5831291675567627,
        2.0
      ]
    }
  ],
  "Lamp_Back": [
    -1.622753381729126,
    2.9896388053894043,
    5.607171535491943
  ],
  "Camera": [
    7.316009044647217,
    -7.0032548904418945,
    5.511434555053711
  ],
  "image_filename": "000011466918897329",
  "Lamp_Key": [
    6.615414142608643,
    -2.175750970840454,
    3.5026371479034424
  ]
}