{
  "Camera": [
    7.33821439743042,
    -6.181574821472168,
    5.080902099609375
  ],
  "image_filename": "000012143935168010",
  "Lamp_Fill": [
    -5.599961757659912,
    -3.3573343753814697,
    3.659905433654785
  ],
  "objects": [
    {
      "size": 2.0,
      "shape": "Sphere",
      "3d_coords": [
        2.4541189670562744,
        1.0330289602279663,
        2.0
      ],
      "color": [
        0.0,
        0.0,
        1.0,
        1.0
      ],
      "rotation": 0.0,
      "material": "MyMetal",
      "pixel_coords": [
        102,
        45,
        8.85059928894043
      ]
    },
    {
      "size": 1.0,
      "shape": "Sphere",
      "3d_coords": [
        -0.7211335897445679,
        -2.928510904312134,
        1.0
      ],
      "color": [
        1.0,
        0.0,
        1.0,
        1.0
      ],
      "rotation": 0.0,
      "material": "MyMetal",
      "pixel_coords": [
        23,
        60,
        9.209169387817383
      ]
    }
  ],
  "Lamp_Back": [
    -0.6304018497467041,
    2.7956149578094482,
    4.981329917907715
  ],
  "Lamp_Key": [
    6.775187015533447,
    -2.5140647888183594,
    4.047590732574463
  ]
}