{
  "objects": [
    {
      "size": 1.5,
      "rotation": 0.0,
      "3d_coords": [
        1.6647601127624512,
        0.9351092576980591,
        1.5
      ],
      "material": "Rubber",
      "color": [
        1.0,
        0.0,
        1.0,
        1.0
      ],
      "pixel_coords": [
        89,
        51,
        9.84864330291748
      ],
      "shape": "SmoothCube_v2"
    },
    {
      "size": 1.5,
      "rotation": 0.0,
      "3d_coords": [
        -1.9581526517868042,
        1.6838493347167969,
        1.5
      ],
      "material": "Rubber",
      "color": [
        0.0,
        1.0,
        1.0,
        1.0
      ],
      "pixel_coords": [
        64,
        35,
        12.625438690185547
      ],
      "shape": "Sphere"
    }
  ],
  "Lamp_Back": [
    -1.267185926437378,
    3.430936574935913,
    6.623189926147461
  ],
  "Camera": [
    7.2818732261657715,
    -6.238441467285156,
    5.754377365112305
  ],
  "Lamp_Fill": [
    -4.767364025115967,
    -3.0731770992279053,
    3.2741763591766357
  ],
  "Lamp_Key": [
    6.709456443786621,
    -1.9138363599777222,
    4.748000621795654
  ],
  "image_filename": "000011394122187544"
}