{
  "Camera": [
    7.620896339416504,
    -6.102390766143799,
    5.323090553283691
  ],
  "Lamp_Back": [
    -0.17382627725601196,
    3.3090107440948486,
    5.421992778778076
  ],
  "objects": [
    {
      "size": 1.0,
      "3d_coords": [
        0.15964175760746002,
        -1.9632681608200073,
        1.0
      ],
      "material": "Rubber",
      "color": [
        0.0,
        1.0,
        1.0,
        1.0
      ],
      "pixel_coords": [
        43,
        61,
        9.454405784606934
      ],
      "rotation": 0.0,
      "shape": "Suzanne"
    },
    {
      "size": 1.0,
      "3d_coords": [
        1.8732006549835205,
        2.5597362518310547,
        1.0
      ],
      "material": "Rubber",
      "color": [
        1.0,
        0.0,
        0.0,
        1.0
      ],
      "pixel_coords": [
        105,
        52,
        10.762174606323242
      ],
      "rotation": 0.0,
      "shape": "SmoothCube_v2"
    }
  ],
  "Lamp_Fill": [
    -3.8031866550445557,
    -3.340327501296997,
    3.1068644523620605
  ],
  "image_filename": "000003297979439073",
  "Lamp_Key": [
    5.759690284729004,
    -3.121096134185791,
    4.558981418609619
  ]
}