{
  "image_filename": "000010087128108943",
  "Camera": [
    7.212775230407715,
    -6.6309285163879395,
    4.935000419616699
  ],
  "Lamp_Back": [
    -1.632962942123413,
    2.0446112155914307,
    5.715919017791748
  ],
  "Lamp_Key": [
    7.393761157989502,
    -2.4426846504211426,
    3.620853900909424
  ],
  "objects": [
    {
      "shape": "SmoothCylinder",
      "material": "Rubber",
      "rotation": 0.0,
      "3d_coords": [
        1.8351460695266724,
        -0.6077149510383606,
        1.0
      ],
      "pixel_coords": [
        76,
        62,
        8.946548461914062
      ],
      "size": 1.0,
      "color": [
        0.0,
        1.0,
        1.0,
        1.0
      ]
    },
    {
      "shape": "SmoothCylinder",
      "material": "MyMetal",
      "rotation": 0.0,
      "3d_coords": [
        -1.915863037109375,
        -1.5870639085769653,
        2.0
      ],
      "pixel_coords": [
        31,
        38,
        10.370956420898438
      ],
      "size": 2.0,
      "color": [
        0.0,
        1.0,
        1.0,
        1.0
      ]
    }
  ],
  "Lamp_Fill": [
    -5.089424133300781,
    -3.8145785331726074,
    3.540839433670044
  ]
}