{
  "objects": [
    {
      "color": [
        0.0,
        1.0,
        1.0,
        1.0
      ],
      "rotation": 0.0,
      "material": "MyMetal",
      "pixel_coords": [
        19,
        43,
        10.694040298461914
      ],
      "3d_coords": [
        -2.0703930854797363,
        -2.7378036975860596,
        2.0
      ],
      "size": 2.0,
      "shape": "SmoothCylinder"
    },
    {
      "color": [
        1.0,
        0.0,
        1.0,
        1.0
      ],
      "rotation": 0.0,
      "material": "MyMetal",
      "pixel_coords": [
        92,
        47,
        9.940961837768555
      ],
      "3d_coords": [
        2.1537108421325684,
        0.6980853080749512,
        2.0
      ],
      "size": 2.0,
      "shape": "SmoothCylinder"
    }
  ],
  "Camera": [
    7.79996919631958,
    -6.982732772827148,
    5.642096996307373
  ],
  "Lamp_Back": [
    -0.6149600744247437,
    2.8238091468811035,
    6.135765552520752
  ],
  "image_filename": "000001527584819859",
  "Lamp_Key": [
    6.99865198135376,
    -2.2081801891326904,
    4.343564033508301
  ],
  "Lamp_Fill": [
    -4.369211673736572,
    -4.949620723724365,
    2.430922746658325
  ]
}