{
  "image_filename": "00000009",
  "objects": [
    {
      "shape": "square",
      "size": 0.425,
      "rotation": 0.0,
      "2d_coords": [
        0.17192665780020522,
        0.3184540933604277
      ],
      "color": [
        0,
        127,
        255
      ]
    },
    {
      "shape": "square",
      "size": 0.425,
      "rotation": 0.0,
      "2d_coords": [
        0.551774033918936,
        0.5672458433236482
      ],
      "color": [
        0,
        127,
        255
      ]
    }
  ]
}