{
  "Camera": [
    7.8518571853637695,
    -6.861526012420654,
    4.922712326049805
  ],
  "Lamp_Back": [
    -0.7090876698493958,
    2.1447339057922363,
    5.4970903396606445
  ],
  "image_filename": "000004850540759898",
  "objects": [
    {
      "rotation": 0.0,
      "pixel_coords": [
        95,
        49,
        11.964066505432129
      ],
      "shape": "SmoothCube_v2",
      "size": 1.0,
      "3d_coords": [
        1.0153175592422485,
        2.6069822311401367,
        1.0
      ],
      "material": "Rubber",
      "color": [
        1.0,
        0.0,
        0.0,
        1.0
      ]
    },
    {
      "rotation": 0.0,
      "pixel_coords": [
        24,
        49,
        11.77685260772705
      ],
      "shape": "SmoothCube_v2",
      "size": 1.0,
      "3d_coords": [
        -2.773643732070923,
        -2.0434648990631104,
        1.0
      ],
      "material": "MyMetal",
      "color": [
        1.0,
        0.0,
        0.0,
        1.0
      ]
    }
  ],
  "Lamp_Fill": [
    -4.117790222167969,
    -3.380518913269043,
    2.6513679027557373
  ],
  "Lamp_Key": [
    6.509179592132568,
    -3.8016443252563477,
    3.798701286315918
  ]
}