{
  "image_filename": "000002546006027957",
  "objects": [
    {
      "shape": "Cube",
      "size": 1.5,
      "material": "data/materials/PoliigonFabricDenim003.blend",
      "3d_coords": [
        0.6282670497894287,
        -2.734248399734497,
        1.5
      ],
      "rotation": 0.0,
      "pixel_coords": [
        38,
        59,
        8.213030815124512
      ]
    },
    {
      "shape": "Suzanne",
      "size": 2.0,
      "material": "data/materials/PoliigonBricksPaintedWhite001.blend",
      "3d_coords": [
        2.3015143871307373,
        0.6379870176315308,
        2.0
      ],
      "rotation": 0.0,
      "pixel_coords": [
        96,
        45,
        8.985515594482422
      ]
    }
  ],
  "ground_material": "data/materials/PoliigonFabricDenim003.blend",
  "Lamp_Key": [
    7.18133544921875,
    -2.2311980724334717,
    4.923548698425293
  ],
  "Lamp_Back": [
    -0.7122331857681274,
    2.1529483795166016,
    4.918157577514648
  ],
  "Lamp_Fill": [
    -4.056901931762695,
    -3.5694308280944824,
    3.0786962509155273
  ],
  "Camera": [
    7.082184791564941,
    -6.765697956085205,
    4.96510124206543
  ]
}