{
  "image_filename": "000015672713255090",
  "objects": [
    {
      "shape": "Icosahedron",
      "size": 1.5,
      "material": "data/materials/PoliigonBricksFlemishRed001.blend",
      "3d_coords": [
        1.1937167644500732,
        2.1703851222991943,
        1.5
      ],
      "rotation": 0.0,
      "pixel_coords": [
        94,
        44,
        11.125090599060059
      ]
    },
    {
      "shape": "Torus",
      "size": 2.0,
      "material": "data/materials/PoliigonBricksFlemishRed001.blend",
      "3d_coords": [
        -2.3505022525787354,
        1.196358323097229,
        2.0
      ],
      "rotation": 0.0,
      "pixel_coords": [
        57,
        31,
        12.714701652526855
      ]
    }
  ],
  "ground_material": "data/materials/PoliigonFabricFleece001.blend",
  "Lamp_Key": [
    5.505886077880859,
    -2.9750447273254395,
    4.868420124053955
  ],
  "Lamp_Back": [
    -1.3379861116409302,
    2.5427215099334717,
    5.750247955322266
  ],
  "Lamp_Fill": [
    -3.7151284217834473,
    -4.8669304847717285,
    3.7338340282440186
  ],
  "Camera": [
    7.640161514282227,
    -6.591737270355225,
    5.210541248321533
  ]
}