{
  "Lamp_Key": [
    6.30076265335083,
    -3.168647289276123,
    3.917603015899658
  ],
  "Camera": [
    7.446599960327148,
    -6.346898078918457,
    5.468533039093018
  ],
  "Lamp_Fill": [
    -5.213599681854248,
    -3.4501845836639404,
    2.6037285327911377
  ],
  "objects": [
    {
      "shape": "Sphere",
      "color": [
        1.0,
        0.0,
        0.0,
        1.0
      ],
      "rotation": 0.0,
      "size": 1.5,
      "pixel_coords": [
        68,
        36,
        12.60106372833252
      ],
      "material": "Rubber",
      "3d_coords": [
        -1.6184386014938354,
        1.8521482944488525,
        1.5
      ]
    },
    {
      "shape": "Sphere",
      "color": [
        0.0,
        0.0,
        1.0,
        1.0
      ],
      "rotation": 0.0,
      "size": 2.0,
      "pixel_coords": [
        40,
        54,
        8.11758804321289
      ],
      "material": "MyMetal",
      "3d_coords": [
        0.9245851635932922,
        -2.651430606842041,
        2.0
      ]
    }
  ],
  "image_filename": "000009921717002636",
  "Lamp_Back": [
    -1.615341067314148,
    1.6957963705062866,
    5.73350715637207
  ]
}