{
  "Camera": [
    7.1237664222717285,
    -6.197421073913574,
    5.71140193939209
  ],
  "Lamp_Key": [
    5.558305740356445,
    -3.7293734550476074,
    5.035091400146484
  ],
  "objects": [
    {
      "3d_coords": [
        2.9596636295318604,
        2.807659149169922,
        1.0
      ],
      "shape": "Suzanne",
      "size": 1.0,
      "pixel_coords": [
        120,
        55,
        10.183849334716797
      ],
      "rotation": 0.0,
      "color": [
        1.0,
        1.0,
        0.0,
        1.0
      ],
      "material": "Rubber"
    },
    {
      "3d_coords": [
        -2.31982421875,
        1.0560113191604614,
        2.0
      ],
      "shape": "Sphere",
      "size": 2.0,
      "pixel_coords": [
        56,
        30,
        12.090719223022461
      ],
      "rotation": 0.0,
      "color": [
        1.0,
        0.0,
        0.0,
        1.0
      ],
      "material": "MyMetal"
    }
  ],
  "Lamp_Fill": [
    -4.098034381866455,
    -4.840150833129883,
    3.4036614894866943
  ],
  "image_filename": "000007845822766222",
  "Lamp_Back": [
    -0.48831871151924133,
    3.4404728412628174,
    6.133152008056641
  ]
}