{
  "image_filename": "000008410779418111",
  "objects": [
    {
      "shape": "Torus",
      "size": 1.5,
      "material": "data/materials/PoliigonChainmailCopperRoundedThin001.blend",
      "3d_coords": [
        2.0517258644104004,
        -0.3768341541290283,
        1.5
      ],
      "rotation": 0.0,
      "pixel_coords": [
        81,
        58,
        9.350863456726074
      ]
    },
    {
      "shape": "Torus",
      "size": 2.0,
      "material": "data/materials/PoliigonMetalSpottyDiscoloration001.blend",
      "3d_coords": [
        -1.4238725900650024,
        0.8143668174743652,
        2.0
      ],
      "rotation": 0.0,
      "pixel_coords": [
        60,
        35,
        12.019495010375977
      ]
    }
  ],
  "ground_material": "data/materials/PoliigonBricksFlemishRed001.blend",
  "Lamp_Key": [
    5.934889793395996,
    -2.720085382461548,
    3.3756847381591797
  ],
  "Lamp_Back": [
    -1.366026520729065,
    3.475144863128662,
    6.481166839599609
  ],
  "Lamp_Fill": [
    -5.132535457611084,
    -3.6732659339904785,
    2.8765006065368652
  ],
  "Camera": [
    7.411815643310547,
    -6.8451056480407715,
    5.777194023132324
  ]
}