{
  "image_filename": "000013023539221750",
  "objects": [
    {
      "shape": "Icosahedron",
      "size": 1.5,
      "material": "data/materials/PoliigonFabricFleece001.blend",
      "3d_coords": [
        1.7032428979873657,
        -2.5899200439453125,
        1.5
      ],
      "rotation": 0.0,
      "pixel_coords": [
        49,
        67,
        8.447657585144043
      ]
    },
    {
      "shape": "NewellTeapot",
      "size": 1.5,
      "material": "data/materials/PoliigonMetalSpottyDiscoloration001.blend",
      "3d_coords": [
        -0.03365374356508255,
        1.0288166999816895,
        1.5
      ],
      "rotation": 0.0,
      "pixel_coords": [
        73,
        44,
        11.622697830200195
      ]
    }
  ],
  "ground_material": "data/materials/PoliigonMetalSpottyDiscoloration001.blend",
  "Lamp_Key": [
    6.230228424072266,
    -3.7327356338500977,
    4.177854537963867
  ],
  "Lamp_Back": [
    -1.520199179649353,
    2.1253714561462402,
    5.6580705642700195
  ],
  "Lamp_Fill": [
    -5.179074287414551,
    -3.921780824661255,
    2.7254819869995117
  ],
  "Camera": [
    7.876821517944336,
    -6.543536186218262,
    5.796477794647217
  ]
}