{
  "Lamp_Key": [
    5.673953533172607,
    -2.676464319229126,
    4.07960844039917
  ],
  "Lamp_Back": [
    -0.44655585289001465,
    3.0909178256988525,
    6.490002632141113
  ],
  "image_filename": "000008259130702263",
  "Lamp_Fill": [
    -4.612024784088135,
    -3.789368152618408,
    2.491332530975342
  ],
  "objects": [
    {
      "3d_coords": [
        -2.70418119430542,
        2.4572343826293945,
        2.0
      ],
      "rotation": 0.0,
      "size": 2.0,
      "pixel_coords": [
        65,
        26,
        13.174981117248535
      ],
      "color": [
        1.0,
        1.0,
        0.0,
        1.0
      ],
      "shape": "Sphere",
      "material": "MyMetal"
    },
    {
      "3d_coords": [
        -1.1990729570388794,
        -2.1745362281799316,
        2.0
      ],
      "rotation": 0.0,
      "size": 2.0,
      "pixel_coords": [
        28,
        42,
        9.572274208068848
      ],
      "color": [
        1.0,
        1.0,
        0.0,
        1.0
      ],
      "shape": "Sphere",
      "material": "MyMetal"
    }
  ],
  "Camera": [
    7.2929887771606445,
    -6.174497127532959,
    5.41823148727417
  ]
}