{
  "image_filename": "00000001",
  "objects": [
    {
      "shape": "star_4",
      "size": 0.125,
      "rotation": 0.0,
      "2d_coords": [
        0.9316280559314557,
        0.3735000175723894
      ],
      "color": [
        255,
        127,
        0
      ]
    },
    {
      "shape": "star_4",
      "size": 0.325,
      "rotation": 0.0,
      "2d_coords": [
        0.4858612128187605,
        0.6396092752762701
      ],
      "color": [
        255,
        0,
        255
      ]
    }
  ]
}