{
  "image_filename": "000011401823385403",
  "objects": [
    {
      "shape": "Icosahedron",
      "size": 1.0,
      "material": "data/materials/PoliigonFabricDenim003.blend",
      "3d_coords": [
        1.4066154956817627,
        -2.819516658782959,
        1.0
      ],
      "rotation": 0.0,
      "pixel_coords": [
        42,
        75,
        8.274255752563477
      ]
    },
    {
      "shape": "Icosahedron",
      "size": 1.5,
      "material": "data/materials/PoliigonFabricFleece001.blend",
      "3d_coords": [
        -0.4282829463481903,
        2.516786575317383,
        1.5
      ],
      "rotation": 0.0,
      "pixel_coords": [
        84,
        38,
        12.10009765625
      ]
    }
  ],
  "ground_material": "data/materials/PoliigonChainmailCopperRoundedThin001.blend",
  "Lamp_Key": [
    7.164289474487305,
    -3.049992561340332,
    4.2644195556640625
  ],
  "Lamp_Back": [
    -1.6316827535629272,
    3.505739450454712,
    6.667944431304932
  ],
  "Lamp_Fill": [
    -3.831193685531616,
    -3.3590567111968994,
    3.579428195953369
  ],
  "Camera": [
    7.4724440574646,
    -6.038299560546875,
    5.839834690093994
  ]
}