{
  "objects": [
    {
      "size": 2.0,
      "shape": "Suzanne",
      "pixel_coords": [
        96,
        54,
        7.962888240814209
      ],
      "color": [
        1.0,
        0.0,
        0.0,
        1.0
      ],
      "3d_coords": [
        2.976682186126709,
        -0.17796717584133148,
        2.0
      ],
      "rotation": 0.0,
      "material": "MyMetal"
    },
    {
      "size": 1.0,
      "shape": "SmoothCube_v2",
      "pixel_coords": [
        26,
        61,
        9.290168762207031
      ],
      "color": [
        0.0,
        0.0,
        1.0,
        1.0
      ],
      "3d_coords": [
        -0.5449466109275818,
        -2.820066213607788,
        1.0
      ],
      "rotation": 0.0,
      "material": "Rubber"
    }
  ],
  "Camera": [
    7.279933929443359,
    -6.227965831756592,
    5.441723346710205
  ],
  "Lamp_Back": [
    -0.8849530816078186,
    1.7171443700790405,
    5.59389066696167
  ],
  "Lamp_Key": [
    5.9126081466674805,
    -3.2155768871307373,
    3.7459468841552734
  ],
  "Lamp_Fill": [
    -5.60258674621582,
    -4.336083889007568,
    3.81715726852417
  ],
  "image_filename": "000005799252771750"
}