{
  "image_filename": "00000080",
  "objects": [
    {
      "shape": "star_4",
      "size": 0.425,
      "rotation": 0.0,
      "2d_coords": [
        0.19607172405173368,
        0.47659500187049764
      ],
      "color": [
        0,
        127,
        255
      ]
    },
    {
      "shape": "square",
      "size": 0.325,
      "rotation": 0.0,
      "2d_coords": [
        0.1803888934391589,
        0.8284496344396064
      ],
      "color": [
        0,
        255,
        0
      ]
    }
  ]
}