{
  "image_filename": "00000046",
  "objects": [
    {
      "shape": "star_4",
      "size": 0.125,
      "rotation": 0.0,
      "2d_coords": [
        0.8761675569064061,
        0.18620279391554506
      ],
      "color": [
        255,
        127,
        0
      ]
    },
    {
      "shape": "circle",
      "size": 0.325,
      "rotation": 0.0,
      "2d_coords": [
        0.1777433949589091,
        0.5735496728711116
      ],
      "color": [
        0,
        255,
        0
      ]
    }
  ]
}