{
  "Camera": [
    7.896961212158203,
    -6.485551834106445,
    5.464999198913574
  ],
  "image_filename": "000006956288931209",
  "Lamp_Fill": [
    -5.061770439147949,
    -4.322356700897217,
    3.2493414878845215
  ],
  "Lamp_Key": [
    6.810225486755371,
    -3.3342056274414062,
    4.015142917633057
  ],
  "Lamp_Back": [
    -2.0473620891571045,
    2.795973300933838,
    5.880630016326904
  ],
  "objects": [
    {
      "shape": "Suzanne",
      "size": 1.0,
      "pixel_coords": [
        78,
        48,
        11.977315902709961
      ],
      "3d_coords": [
        -0.0016120736254379153,
        1.53562593460083,
        1.0
      ],
      "material": "Rubber",
      "color": [
        0.0,
        1.0,
        1.0,
        1.0
      ],
      "rotation": 0.0
    },
    {
      "shape": "SmoothCube_v2",
      "size": 1.0,
      "pixel_coords": [
        31,
        48,
        12.025796890258789
      ],
      "3d_coords": [
        -2.619783878326416,
        -1.5656956434249878,
        1.0
      ],
      "material": "Rubber",
      "color": [
        1.0,
        0.0,
        0.0,
        1.0
      ],
      "rotation": 0.0
    }
  ]
}