{
  "image_filename": "00000051",
  "objects": [
    {
      "shape": "circle",
      "size": 0.225,
      "rotation": 0.0,
      "2d_coords": [
        0.7239285143249946,
        0.8761675569064061
      ],
      "color": [
        255,
        127,
        0
      ]
    },
    {
      "shape": "star_4",
      "size": 0.125,
      "rotation": 0.0,
      "2d_coords": [
        0.1555884323463299,
        0.1463037261744124
      ],
      "color": [
        255,
        0,
        255
      ]
    }
  ]
}