{
  "image_filename": "000000436248476137",
  "Camera": [
    7.85836124420166,
    -6.608376502990723,
    5.8269572257995605
  ],
  "Lamp_Key": [
    6.968846797943115,
    -2.0950310230255127,
    5.120730400085449
  ],
  "Lamp_Fill": [
    -4.048587799072266,
    -3.727539300918579,
    3.86096453666687
  ],
  "Lamp_Back": [
    -0.5096260905265808,
    1.9784703254699707,
    5.340573310852051
  ],
  "objects": [
    {
      "pixel_coords": [
        41,
        51,
        10.47683334350586
      ],
      "size": 1.5,
      "color": [
        1.0,
        1.0,
        0.0,
        1.0
      ],
      "3d_coords": [
        -0.6115294098854065,
        -1.7788408994674683,
        1.5
      ],
      "material": "MyMetal",
      "rotation": 0.0,
      "shape": "SmoothCylinder"
    },
    {
      "pixel_coords": [
        86,
        59,
        10.475774765014648
      ],
      "size": 1.0,
      "color": [
        0.0,
        0.0,
        1.0,
        1.0
      ],
      "3d_coords": [
        1.8011945486068726,
        0.6474857926368713,
        1.0
      ],
      "material": "MyMetal",
      "rotation": 0.0,
      "shape": "Sphere"
    }
  ]
}