{
  "Lamp_Back": [
    -1.6663289070129395,
    2.570267915725708,
    5.608987808227539
  ],
  "Camera": [
    7.1254167556762695,
    -6.204530239105225,
    5.128692150115967
  ],
  "objects": [
    {
      "shape": "SmoothCube_v2",
      "material": "Rubber",
      "3d_coords": [
        -0.3979426920413971,
        1.5454849004745483,
        1.5
      ],
      "pixel_coords": [
        75,
        40,
        11.190526962280273
      ],
      "rotation": 0.0,
      "color": [
        1.0,
        0.0,
        1.0,
        1.0
      ],
      "size": 1.5
    },
    {
      "shape": "Sphere",
      "material": "MyMetal",
      "3d_coords": [
        2.668332815170288,
        -0.22344860434532166,
        1.5
      ],
      "pixel_coords": [
        91,
        59,
        8.13725757598877
      ],
      "rotation": 0.0,
      "color": [
        0.0,
        1.0,
        0.0,
        1.0
      ],
      "size": 1.5
    }
  ],
  "Lamp_Key": [
    6.706323146820068,
    -3.8624074459075928,
    4.5914506912231445
  ],
  "image_filename": "000002513785874362",
  "Lamp_Fill": [
    -4.12965202331543,
    -4.085023880004883,
    3.432269811630249
  ]
}