{
  "image_filename": "000010674097183784",
  "Lamp_Back": [
    -0.2220468819141388,
    3.6025049686431885,
    5.986807346343994
  ],
  "Camera": [
    7.847316741943359,
    -6.198449611663818,
    5.513219356536865
  ],
  "Lamp_Fill": [
    -4.925438404083252,
    -4.412674903869629,
    2.044182538986206
  ],
  "Lamp_Key": [
    7.41702127456665,
    -3.2425215244293213,
    4.9462151527404785
  ],
  "objects": [
    {
      "pixel_coords": [
        64,
        31,
        12.845670700073242
      ],
      "material": "Rubber",
      "shape": "SmoothCube_v2",
      "size": 2.0,
      "rotation": 0.0,
      "color": [
        0.0,
        0.0,
        1.0,
        1.0
      ],
      "3d_coords": [
        -2.1293303966522217,
        1.7111812829971313,
        2.0
      ]
    },
    {
      "pixel_coords": [
        37,
        51,
        8.739956855773926
      ],
      "material": "Rubber",
      "shape": "SmoothCube_v2",
      "size": 2.0,
      "rotation": 0.0,
      "color": [
        1.0,
        0.0,
        1.0,
        1.0
      ],
      "3d_coords": [
        0.49457675218582153,
        -2.5306997299194336,
        2.0
      ]
    }
  ]
}