{
  "Lamp_Key": [
    7.2722063064575195,
    -3.0299229621887207,
    3.7534689903259277
  ],
  "Lamp_Back": [
    -1.5976974964141846,
    2.441810131072998,
    5.58648157119751
  ],
  "objects": [
    {
      "color": [
        0.0,
        0.0,
        1.0,
        1.0
      ],
      "material": "MyMetal",
      "shape": "Sphere",
      "size": 1.0,
      "rotation": 0.0,
      "pixel_coords": [
        76,
        49,
        11.503005027770996
      ],
      "3d_coords": [
        0.11500918120145798,
        1.2533880472183228,
        1.0
      ]
    },
    {
      "color": [
        0.0,
        1.0,
        1.0,
        1.0
      ],
      "material": "Rubber",
      "shape": "SmoothCube_v2",
      "size": 1.0,
      "rotation": 0.0,
      "pixel_coords": [
        19,
        59,
        9.968025207519531
      ],
      "3d_coords": [
        -1.5184121131896973,
        -2.991396427154541,
        1.0
      ]
    }
  ],
  "image_filename": "000011113106535661",
  "Camera": [
    7.084009170532227,
    -6.817557334899902,
    5.600086212158203
  ],
  "Lamp_Fill": [
    -5.401518821716309,
    -4.35725736618042,
    3.8829925060272217
  ]
}