{
  "image_filename": "000007598817467121",
  "objects": [
    {
      "shape": "Torus",
      "size": 2.0,
      "material": "data/materials/PoliigonBricksPaintedWhite001.blend",
      "3d_coords": [
        2.3691890239715576,
        0.40794530510902405,
        2.0
      ],
      "rotation": 0.0,
      "pixel_coords": [
        94,
        49,
        9.045998573303223
      ]
    },
    {
      "shape": "Suzanne",
      "size": 1.5,
      "material": "data/materials/PoliigonBricksFlemishRed001.blend",
      "3d_coords": [
        -2.365554094314575,
        1.3628178834915161,
        1.5
      ],
      "rotation": 0.0,
      "pixel_coords": [
        57,
        35,
        12.828079223632812
      ]
    }
  ],
  "ground_material": "data/materials/PoliigonWoodFlooring061.blend",
  "Lamp_Key": [
    6.744256496429443,
    -3.5005242824554443,
    3.3720333576202393
  ],
  "Lamp_Back": [
    -1.6582956314086914,
    2.2471320629119873,
    6.30057430267334
  ],
  "Lamp_Fill": [
    -5.007219314575195,
    -3.555499792098999,
    2.5400099754333496
  ],
  "Camera": [
    7.0684380531311035,
    -6.707291603088379,
    5.718488693237305
  ]
}