{
  "image_filename": "000008718800954674",
  "objects": [
    {
      "shape": "NewellTeapot",
      "size": 1.5,
      "material": "data/materials/PoliigonRoofTilesTerracotta004.blend",
      "3d_coords": [
        0.6958872079849243,
        2.736302614212036,
        1.5
      ],
      "rotation": 0.0,
      "pixel_coords": [
        95,
        41,
        11.40858268737793
      ]
    },
    {
      "shape": "Cube",
      "size": 1.0,
      "material": "data/materials/PoliigonFabricFleece001.blend",
      "3d_coords": [
        -1.1204572916030884,
        -1.9809913635253906,
        1.0
      ],
      "rotation": 0.0,
      "pixel_coords": [
        33,
        54,
        10.185821533203125
      ]
    }
  ],
  "ground_material": "data/materials/PoliigonFabricFleece001.blend",
  "Lamp_Key": [
    6.499380588531494,
    -1.950503945350647,
    4.35982608795166
  ],
  "Lamp_Back": [
    -2.156481981277466,
    2.111926555633545,
    6.44353723526001
  ],
  "Lamp_Fill": [
    -4.8181939125061035,
    -3.1018223762512207,
    2.673227310180664
  ],
  "Camera": [
    7.578205108642578,
    -6.284549236297607,
    4.885340690612793
  ]
}