{
  "Lamp_Back": [
    -0.4514656960964203,
    3.4366354942321777,
    5.273123741149902
  ],
  "Camera": [
    7.338169574737549,
    -6.727269172668457,
    5.731847763061523
  ],
  "Lamp_Key": [
    7.291940689086914,
    -2.07131028175354,
    3.4618277549743652
  ],
  "image_filename": "000000390945718455",
  "objects": [
    {
      "pixel_coords": [
        36,
        36,
        11.541797637939453
      ],
      "shape": "Suzanne",
      "size": 2.0,
      "color": [
        0.0,
        0.0,
        1.0,
        1.0
      ],
      "rotation": 0.0,
      "3d_coords": [
        -2.459158182144165,
        -0.8854183554649353,
        2.0
      ],
      "material": "Rubber"
    },
    {
      "pixel_coords": [
        81,
        58,
        9.182151794433594
      ],
      "shape": "SmoothCylinder",
      "size": 1.5,
      "color": [
        0.0,
        0.0,
        1.0,
        1.0
      ],
      "rotation": 0.0,
      "3d_coords": [
        2.0705578327178955,
        -0.3996581435203552,
        1.5
      ],
      "material": "Rubber"
    }
  ],
  "Lamp_Fill": [
    -4.646100997924805,
    -3.4177181720733643,
    2.1807925701141357
  ]
}