{
  "image_filename": "000013206763047441",
  "objects": [
    {
      "shape": "Cone",
      "size": 1.0,
      "material": "data/materials/PoliigonBricksPaintedWhite001.blend",
      "3d_coords": [
        1.526086688041687,
        0.19710451364517212,
        1.0
      ],
      "rotation": 0.0,
      "pixel_coords": [
        80,
        59,
        10.273040771484375
      ]
    },
    {
      "shape": "Sphere",
      "size": 1.5,
      "material": "data/materials/PoliigonBricksPaintedWhite001.blend",
      "3d_coords": [
        -0.2081054449081421,
        -1.7245041131973267,
        1.5
      ],
      "rotation": 0.0,
      "pixel_coords": [
        44,
        52,
        10.076497077941895
      ]
    }
  ],
  "ground_material": "data/materials/PoliigonFabricDenim003.blend",
  "Lamp_Key": [
    7.132462978363037,
    -2.616431713104248,
    4.269361972808838
  ],
  "Lamp_Back": [
    -1.3959996700286865,
    3.4386484622955322,
    6.113246440887451
  ],
  "Lamp_Fill": [
    -4.2642316818237305,
    -4.638332843780518,
    3.7107627391815186
  ],
  "Camera": [
    7.695744037628174,
    -6.658788681030273,
    5.682285308837891
  ]
}