{
  "Lamp_Key": [
    6.745698928833008,
    -2.5132617950439453,
    4.291784763336182
  ],
  "image_filename": "000016376009052912",
  "Camera": [
    7.11330509185791,
    -6.333833694458008,
    5.345925807952881
  ],
  "objects": [
    {
      "shape": "Suzanne",
      "material": "Rubber",
      "pixel_coords": [
        17,
        50,
        9.493453025817871
      ],
      "rotation": 0.0,
      "3d_coords": [
        -1.5363250970840454,
        -2.9232075214385986,
        1.5
      ],
      "size": 1.5,
      "color": [
        0.0,
        0.0,
        1.0,
        1.0
      ]
    },
    {
      "shape": "Suzanne",
      "material": "Rubber",
      "pixel_coords": [
        87,
        40,
        9.830279350280762
      ],
      "rotation": 0.0,
      "3d_coords": [
        1.1728715896606445,
        1.1222422122955322,
        2.0
      ],
      "size": 2.0,
      "color": [
        0.0,
        1.0,
        1.0,
        1.0
      ]
    }
  ],
  "Lamp_Back": [
    -0.23398956656455994,
    2.0442891120910645,
    6.598392009735107
  ],
  "Lamp_Fill": [
    -3.872929573059082,
    -3.8074684143066406,
    2.256410598754883
  ]
}