{
  "Lamp_Back": [
    -0.8025012016296387,
    3.508453845977783,
    5.180516719818115
  ],
  "Camera": [
    7.643067836761475,
    -6.016154766082764,
    5.613438129425049
  ],
  "objects": [
    {
      "shape": "SmoothCube_v2",
      "size": 2.0,
      "material": "Rubber",
      "pixel_coords": [
        95,
        36,
        10.993539810180664
      ],
      "rotation": 0.0,
      "color": [
        1.0,
        1.0,
        0.0,
        1.0
      ],
      "3d_coords": [
        0.8032194972038269,
        2.444453477859497,
        2.0
      ]
    },
    {
      "shape": "Sphere",
      "size": 2.0,
      "material": "MyMetal",
      "pixel_coords": [
        37,
        32,
        11.888810157775879
      ],
      "rotation": 0.0,
      "color": [
        0.0,
        1.0,
        1.0,
        1.0
      ],
      "3d_coords": [
        -2.907019853591919,
        -0.5979198217391968,
        2.0
      ]
    }
  ],
  "Lamp_Fill": [
    -4.817065238952637,
    -3.5130162239074707,
    3.879373073577881
  ],
  "Lamp_Key": [
    5.733901500701904,
    -2.6214916706085205,
    4.1946845054626465
  ],
  "image_filename": "000016547986022500"
}