{
  "image_filename": "000004652582653269",
  "objects": [
    {
      "shape": "Cone",
      "size": 2.0,
      "material": "data/materials/PoliigonChainmailCopperRoundedThin001.blend",
      "3d_coords": [
        -1.0900907516479492,
        1.3673876523971558,
        2.0
      ],
      "rotation": 0.0,
      "pixel_coords": [
        69,
        33,
        11.75472354888916
      ]
    },
    {
      "shape": "Cylinder",
      "size": 1.5,
      "material": "data/materials/PoliigonChainmailCopperRoundedThin001.blend",
      "3d_coords": [
        2.1666100025177,
        -2.146411418914795,
        1.5
      ],
      "rotation": 0.0,
      "pixel_coords": [
        58,
        67,
        7.854001522064209
      ]
    }
  ],
  "ground_material": "data/materials/PoliigonMetalSpottyDiscoloration001.blend",
  "Lamp_Key": [
    6.892788410186768,
    -2.774930238723755,
    4.878715991973877
  ],
  "Lamp_Back": [
    -1.0597318410873413,
    1.7028652429580688,
    6.603147983551025
  ],
  "Lamp_Fill": [
    -4.738862037658691,
    -3.931932210922241,
    2.3800039291381836
  ],
  "Camera": [
    7.646450042724609,
    -6.161159038543701,
    5.457560062408447
  ]
}