{
  "image_filename": "00000099",
  "objects": [
    {
      "shape": "star_4",
      "size": 0.425,
      "rotation": 0.0,
      "2d_coords": [
        0.7346745695613498,
        0.7033786954614812
      ],
      "color": [
        0,
        255,
        0
      ]
    },
    {
      "shape": "star_4",
      "size": 0.425,
      "rotation": 0.0,
      "2d_coords": [
        0.7642106312435168,
        0.32058604282709013
      ],
      "color": [
        255,
        127,
        0
      ]
    }
  ]
}