{
  "Lamp_Back": [
    -0.2094951868057251,
    2.7695696353912354,
    5.5408735275268555
  ],
  "Camera": [
    7.187296390533447,
    -6.142265796661377,
    5.477168083190918
  ],
  "Lamp_Fill": [
    -3.732537269592285,
    -3.689310073852539,
    3.695497751235962
  ],
  "Lamp_Key": [
    6.388193607330322,
    -1.9578019380569458,
    4.511579513549805
  ],
  "image_filename": "000016982603797957",
  "objects": [
    {
      "size": 1.5,
      "pixel_coords": [
        18,
        45,
        10.29981803894043
      ],
      "3d_coords": [
        -2.3239552974700928,
        -2.496204137802124,
        1.5
      ],
      "material": "MyMetal",
      "color": [
        1.0,
        0.0,
        0.0,
        1.0
      ],
      "shape": "SmoothCube_v2",
      "rotation": 0.0
    },
    {
      "size": 1.0,
      "pixel_coords": [
        69,
        36,
        13.548490524291992
      ],
      "3d_coords": [
        -2.4020793437957764,
        2.7454915046691895,
        1.0
      ],
      "material": "Rubber",
      "color": [
        1.0,
        0.0,
        0.0,
        1.0
      ],
      "shape": "SmoothCube_v2",
      "rotation": 0.0
    }
  ]
}