{
  "Lamp_Key": [
    5.452126979827881,
    -2.0156497955322266,
    3.6209964752197266
  ],
  "image_filename": "000008492692323920",
  "Lamp_Fill": [
    -4.4654340744018555,
    -4.315027236938477,
    2.9393441677093506
  ],
  "Camera": [
    7.638199329376221,
    -6.726507186889648,
    5.437443733215332
  ],
  "Lamp_Back": [
    -1.3171957731246948,
    3.5035364627838135,
    5.149104118347168
  ],
  "objects": [
    {
      "3d_coords": [
        -1.5275217294692993,
        -1.9695672988891602,
        1.5
      ],
      "shape": "SmoothCube_v2",
      "rotation": 0.0,
      "pixel_coords": [
        31,
        48,
        10.695413589477539
      ],
      "color": [
        1.0,
        0.0,
        0.0,
        1.0
      ],
      "size": 1.5,
      "material": "Rubber"
    },
    {
      "3d_coords": [
        2.666829824447632,
        0.9308279752731323,
        1.0
      ],
      "shape": "SmoothCube_v2",
      "rotation": 0.0,
      "pixel_coords": [
        99,
        61,
        9.845353126525879
      ],
      "color": [
        1.0,
        0.0,
        0.0,
        1.0
      ],
      "size": 1.0,
      "material": "Rubber"
    }
  ]
}