{
  "Lamp_Back": [
    -1.450065016746521,
    3.2945523262023926,
    5.831955432891846
  ],
  "Lamp_Key": [
    5.622498512268066,
    -3.173126220703125,
    3.973001718521118
  ],
  "Lamp_Fill": [
    -4.1406121253967285,
    -4.548097133636475,
    2.7778098583221436
  ],
  "objects": [
    {
      "3d_coords": [
        2.118049383163452,
        -2.9947562217712402,
        1.0
      ],
      "color": [
        1.0,
        0.0,
        1.0,
        1.0
      ],
      "pixel_coords": [
        46,
        78,
        7.585046768188477
      ],
      "material": "Rubber",
      "size": 1.0,
      "shape": "SmoothCylinder",
      "rotation": 0.0
    },
    {
      "3d_coords": [
        -0.8383814096450806,
        0.11778057366609573,
        2.0
      ],
      "color": [
        1.0,
        0.0,
        0.0,
        1.0
      ],
      "pixel_coords": [
        58,
        37,
        10.896465301513672
      ],
      "material": "MyMetal",
      "size": 2.0,
      "shape": "SmoothCube_v2",
      "rotation": 0.0
    }
  ],
  "image_filename": "000000042483110499",
  "Camera": [
    7.637851715087891,
    -6.312501907348633,
    5.189227104187012
  ]
}