{
  "Lamp_Back": [
    -0.7974793314933777,
    1.9067400693893433,
    6.569714546203613
  ],
  "image_filename": "000003901644810898",
  "Lamp_Fill": [
    -5.586570739746094,
    -4.512550354003906,
    2.2005105018615723
  ],
  "Lamp_Key": [
    6.588496208190918,
    -2.096611976623535,
    4.121061325073242
  ],
  "objects": [
    {
      "size": 1.0,
      "color": [
        1.0,
        1.0,
        0.0,
        1.0
      ],
      "material": "Rubber",
      "rotation": 0.0,
      "pixel_coords": [
        29,
        49,
        11.016549110412598
      ],
      "3d_coords": [
        -2.300597906112671,
        -1.6078271865844727,
        1.0
      ],
      "shape": "SmoothCube_v2"
    },
    {
      "size": 1.5,
      "color": [
        1.0,
        0.0,
        1.0,
        1.0
      ],
      "material": "MyMetal",
      "rotation": 0.0,
      "pixel_coords": [
        52,
        78,
        6.8562750816345215
      ],
      "3d_coords": [
        2.5555481910705566,
        -2.950326919555664,
        1.5
      ],
      "shape": "Suzanne"
    }
  ],
  "Camera": [
    7.098392486572266,
    -6.122214317321777,
    5.63848352432251
  ]
}