{
  "Lamp_Fill": [
    -4.856789588928223,
    -3.5052952766418457,
    2.0560343265533447
  ],
  "Camera": [
    7.871176242828369,
    -6.837292194366455,
    5.070756912231445
  ],
  "Lamp_Key": [
    6.725496768951416,
    -3.3060545921325684,
    3.986726999282837
  ],
  "objects": [
    {
      "rotation": 0.0,
      "material": "Rubber",
      "color": [
        0.0,
        1.0,
        0.0,
        1.0
      ],
      "size": 1.0,
      "shape": "SmoothCube_v2",
      "pixel_coords": [
        102,
        53,
        11.183349609375
      ],
      "3d_coords": [
        1.9463000297546387,
        2.2862255573272705,
        1.0
      ]
    },
    {
      "rotation": 0.0,
      "material": "MyMetal",
      "color": [
        1.0,
        0.0,
        1.0,
        1.0
      ],
      "size": 2.0,
      "shape": "SmoothCube_v2",
      "pixel_coords": [
        45,
        50,
        8.78138256072998
      ],
      "3d_coords": [
        0.860999584197998,
        -2.294506072998047,
        2.0
      ]
    }
  ],
  "Lamp_Back": [
    -1.8516662120819092,
    2.4599900245666504,
    6.45032262802124
  ],
  "image_filename": "000003421612526817"
}