{
  "image_filename": "000012654075507690",
  "objects": [
    {
      "shape": "NewellTeapot",
      "size": 1.0,
      "material": "data/materials/PoliigonFabricFleece001.blend",
      "3d_coords": [
        0.3207303285598755,
        -2.354342222213745,
        1.0
      ],
      "rotation": 0.0,
      "pixel_coords": [
        41,
        62,
        9.232518196105957
      ]
    },
    {
      "shape": "Suzanne",
      "size": 2.0,
      "material": "data/materials/PoliigonFabricFleece001.blend",
      "3d_coords": [
        -2.95141863822937,
        1.645727515220642,
        2.0
      ],
      "rotation": 0.0,
      "pixel_coords": [
        56,
        30,
        13.423209190368652
      ]
    }
  ],
  "ground_material": "data/materials/PoliigonFabricFleece001.blend",
  "Lamp_Key": [
    5.673432350158691,
    -3.240666627883911,
    3.294891119003296
  ],
  "Lamp_Back": [
    -1.7682386636734009,
    2.0977022647857666,
    6.410264015197754
  ],
  "Lamp_Fill": [
    -4.610382556915283,
    -3.2930285930633545,
    3.507035493850708
  ],
  "Camera": [
    7.542622089385986,
    -6.891483783721924,
    4.850757122039795
  ]
}