{
  "Lamp_Back": [
    -1.8474065065383911,
    1.8789337873458862,
    5.014632701873779
  ],
  "image_filename": "000009911917057238",
  "Camera": [
    7.483360290527344,
    -6.2752580642700195,
    4.922536373138428
  ],
  "objects": [
    {
      "color": [
        1.0,
        1.0,
        0.0,
        1.0
      ],
      "3d_coords": [
        2.4984192848205566,
        -1.945910096168518,
        2.0
      ],
      "pixel_coords": [
        66,
        57,
        7.210432529449463
      ],
      "rotation": 0.0,
      "shape": "Suzanne",
      "size": 2.0,
      "material": "Rubber"
    },
    {
      "color": [
        1.0,
        1.0,
        0.0,
        1.0
      ],
      "3d_coords": [
        -2.3202767372131348,
        -2.6019489765167236,
        2.0
      ],
      "pixel_coords": [
        16,
        39,
        10.131175994873047
      ],
      "rotation": 0.0,
      "shape": "Suzanne",
      "size": 2.0,
      "material": "MyMetal"
    }
  ],
  "Lamp_Key": [
    7.419633388519287,
    -2.5125749111175537,
    4.970275402069092
  ],
  "Lamp_Fill": [
    -5.669040679931641,
    -4.502333164215088,
    3.619339942932129
  ]
}