{
  "image_filename": "000013337651592051",
  "Lamp_Key": [
    5.476719856262207,
    -3.744174003601074,
    4.5059709548950195
  ],
  "Lamp_Fill": [
    -4.504319190979004,
    -3.551146984100342,
    3.509664297103882
  ],
  "objects": [
    {
      "3d_coords": [
        2.052034378051758,
        2.5645525455474854,
        1.0
      ],
      "material": "Rubber",
      "shape": "SmoothCube_v2",
      "rotation": 0.0,
      "color": [
        0.0,
        1.0,
        1.0,
        1.0
      ],
      "pixel_coords": [
        106,
        52,
        11.064958572387695
      ],
      "size": 1.0
    },
    {
      "3d_coords": [
        -0.8174030184745789,
        0.37139397859573364,
        2.0
      ],
      "material": "MyMetal",
      "shape": "Sphere",
      "rotation": 0.0,
      "color": [
        1.0,
        0.0,
        0.0,
        1.0
      ],
      "pixel_coords": [
        61,
        37,
        11.361095428466797
      ],
      "size": 2.0
    }
  ],
  "Camera": [
    7.943559646606445,
    -6.552502155303955,
    5.029189109802246
  ],
  "Lamp_Back": [
    -1.7872471809387207,
    2.1643052101135254,
    6.077505111694336
  ]
}