{
  "image_filename": "000002387876432031",
  "Lamp_Key": [
    6.663392066955566,
    -3.5452446937561035,
    3.572166681289673
  ],
  "objects": [
    {
      "3d_coords": [
        -0.4379405677318573,
        -2.9211652278900146,
        2.0
      ],
      "size": 2.0,
      "rotation": 0.0,
      "color": [
        0.0,
        0.0,
        1.0,
        1.0
      ],
      "shape": "SmoothCylinder",
      "pixel_coords": [
        26,
        49,
        9.331934928894043
      ],
      "material": "Rubber"
    },
    {
      "3d_coords": [
        1.1560142040252686,
        1.6409488916397095,
        1.0
      ],
      "size": 1.0,
      "rotation": 0.0,
      "color": [
        1.0,
        0.0,
        0.0,
        1.0
      ],
      "shape": "SmoothCube_v2",
      "pixel_coords": [
        89,
        52,
        11.287424087524414
      ],
      "material": "Rubber"
    }
  ],
  "Camera": [
    7.854867935180664,
    -6.503931522369385,
    5.5937910079956055
  ],
  "Lamp_Fill": [
    -4.7586517333984375,
    -3.178788900375366,
    2.5296967029571533
  ],
  "Lamp_Back": [
    -1.7928264141082764,
    3.2480101585388184,
    5.560866832733154
  ]
}