{
  "Lamp_Fill": [
    -4.104227542877197,
    -3.7406132221221924,
    3.177014112472534
  ],
  "objects": [
    {
      "shape": "SmoothCylinder",
      "size": 2.0,
      "material": "MyMetal",
      "3d_coords": [
        -1.3694710731506348,
        0.4010481834411621,
        2.0
      ],
      "pixel_coords": [
        57,
        34,
        11.07304859161377
      ],
      "color": [
        1.0,
        0.0,
        0.0,
        1.0
      ],
      "rotation": 0.0
    },
    {
      "shape": "Suzanne",
      "size": 1.5,
      "material": "MyMetal",
      "3d_coords": [
        2.907071113586426,
        -2.8287103176116943,
        1.5
      ],
      "pixel_coords": [
        57,
        75,
        6.548389434814453
      ],
      "color": [
        0.0,
        1.0,
        1.0,
        1.0
      ],
      "rotation": 0.0
    }
  ],
  "Lamp_Key": [
    6.175559997558594,
    -3.656938076019287,
    4.903807640075684
  ],
  "Camera": [
    7.3980207443237305,
    -6.145506858825684,
    4.9770588874816895
  ],
  "image_filename": "000005409169299647",
  "Lamp_Back": [
    -1.7868455648422241,
    2.5214004516601562,
    6.730338096618652
  ]
}