{
  "image_filename": "00000073",
  "objects": [
    {
      "shape": "star_4",
      "size": 0.125,
      "rotation": 0.0,
      "2d_coords": [
        0.9297660408895908,
        0.5033730368820112
      ],
      "color": [
        255,
        127,
        0
      ]
    },
    {
      "shape": "star_4",
      "size": 0.325,
      "rotation": 0.0,
      "2d_coords": [
        0.4203986208783342,
        0.4200303204249646
      ],
      "color": [
        255,
        0,
        255
      ]
    }
  ]
}