{
  "image_filename": "000010073328161281",
  "objects": [
    {
      "shape": "Cone",
      "size": 1.0,
      "material": "data/materials/PoliigonFabricDenim003.blend",
      "3d_coords": [
        1.8637725114822388,
        0.041771743446588516,
        1.0
      ],
      "rotation": 0.0,
      "pixel_coords": [
        83,
        62,
        9.534390449523926
      ]
    },
    {
      "shape": "Suzanne",
      "size": 2.0,
      "material": "data/materials/PoliigonWoodFlooring061.blend",
      "3d_coords": [
        -0.3567669689655304,
        -2.754804849624634,
        2.0
      ],
      "rotation": 0.0,
      "pixel_coords": [
        28,
        50,
        8.799127578735352
      ]
    }
  ],
  "ground_material": "data/materials/PoliigonBricksFlemishRed001.blend",
  "Lamp_Key": [
    6.946417808532715,
    -3.558680534362793,
    4.163093566894531
  ],
  "Lamp_Back": [
    -1.0572725534439087,
    2.4707767963409424,
    6.1335625648498535
  ],
  "Lamp_Fill": [
    -3.759422779083252,
    -3.1933157444000244,
    3.852848768234253
  ],
  "Camera": [
    7.073024272918701,
    -6.50181770324707,
    5.758885860443115
  ]
}