{
  "image_filename": "000004702961986505",
  "objects": [
    {
      "shape": "NewellTeapot",
      "size": 2.0,
      "material": "data/materials/PoliigonMetalSpottyDiscoloration001.blend",
      "3d_coords": [
        1.222477674484253,
        -2.9658000469207764,
        2.0
      ],
      "rotation": 0.0,
      "pixel_coords": [
        40,
        57,
        8.417717933654785
      ]
    },
    {
      "shape": "NewellTeapot",
      "size": 1.0,
      "material": "data/materials/PoliigonBricksFlemishRed001.blend",
      "3d_coords": [
        -1.2066854238510132,
        2.6285979747772217,
        1.0
      ],
      "rotation": 0.0,
      "pixel_coords": [
        76,
        42,
        13.749584197998047
      ]
    }
  ],
  "ground_material": "data/materials/PoliigonFabricDenim003.blend",
  "Lamp_Key": [
    5.9296746253967285,
    -3.3999931812286377,
    3.6488590240478516
  ],
  "Lamp_Back": [
    -1.1524049043655396,
    3.0201656818389893,
    5.408754825592041
  ],
  "Lamp_Fill": [
    -4.714970111846924,
    -3.9526467323303223,
    3.794497489929199
  ],
  "Camera": [
    7.924603462219238,
    -6.894909381866455,
    5.569298267364502
  ]
}