{
  "objects": [
    {
      "rotation": 0.0,
      "color": [
        0.0,
        1.0,
        0.0,
        1.0
      ],
      "shape": "Sphere",
      "3d_coords": [
        -2.3374805450439453,
        -1.161266565322876,
        1.5
      ],
      "size": 1.5,
      "pixel_coords": [
        34,
        43,
        11.540288925170898
      ],
      "material": "MyMetal"
    },
    {
      "rotation": 0.0,
      "color": [
        1.0,
        0.0,
        0.0,
        1.0
      ],
      "shape": "SmoothCube_v2",
      "3d_coords": [
        1.9461374282836914,
        1.5113070011138916,
        1.0
      ],
      "size": 1.0,
      "pixel_coords": [
        96,
        55,
        10.576591491699219
      ],
      "material": "Rubber"
    }
  ],
  "Lamp_Key": [
    7.093207836151123,
    -3.616610050201416,
    3.3882336616516113
  ],
  "image_filename": "000006179265469401",
  "Lamp_Back": [
    -0.6702240109443665,
    3.1274023056030273,
    5.616646766662598
  ],
  "Lamp_Fill": [
    -4.3793816566467285,
    -3.386014461517334,
    3.134276866912842
  ],
  "Camera": [
    7.450810432434082,
    -6.849000453948975,
    5.249703884124756
  ]
}