{
  "image_filename": "000000276164693167",
  "objects": [
    {
      "shape": "NewellTeapot",
      "size": 1.0,
      "material": "data/materials/PoliigonWoodFlooring061.blend",
      "3d_coords": [
        -0.9722862243652344,
        2.0071146488189697,
        1.0
      ],
      "rotation": 0.0,
      "pixel_coords": [
        73,
        44,
        12.86589527130127
      ]
    },
    {
      "shape": "Torus",
      "size": 1.5,
      "material": "data/materials/PoliigonFabricDenim003.blend",
      "3d_coords": [
        2.7162582874298096,
        -1.2937860488891602,
        1.5
      ],
      "rotation": 0.0,
      "pixel_coords": [
        79,
        65,
        8.283607482910156
      ]
    }
  ],
  "ground_material": "data/materials/PoliigonFabricDenim003.blend",
  "Lamp_Key": [
    7.3347249031066895,
    -2.3959126472473145,
    4.131100654602051
  ],
  "Lamp_Back": [
    -1.8180431127548218,
    1.9959371089935303,
    5.217687129974365
  ],
  "Lamp_Fill": [
    -4.788304328918457,
    -4.822801113128662,
    3.0567705631256104
  ],
  "Camera": [
    7.3794097900390625,
    -6.9077558517456055,
    5.52383279800415
  ]
}