{
  "Lamp_Fill": [
    -5.555912494659424,
    -4.258795738220215,
    3.1751811504364014
  ],
  "Lamp_Key": [
    5.626644611358643,
    -3.5210657119750977,
    4.30266809463501
  ],
  "image_filename": "000006562880161106",
  "Camera": [
    7.963191032409668,
    -6.683440685272217,
    5.245285987854004
  ],
  "objects": [
    {
      "size": 1.0,
      "shape": "Suzanne",
      "3d_coords": [
        -1.7300798892974854,
        1.9370720386505127,
        1.0
      ],
      "rotation": 0.0,
      "color": [
        0.0,
        1.0,
        1.0,
        1.0
      ],
      "material": "MyMetal",
      "pixel_coords": [
        68,
        43,
        13.488953590393066
      ]
    },
    {
      "size": 1.0,
      "shape": "Suzanne",
      "3d_coords": [
        -2.012873649597168,
        -0.6228649616241455,
        1.0
      ],
      "rotation": 0.0,
      "color": [
        0.0,
        1.0,
        1.0,
        1.0
      ],
      "material": "MyMetal",
      "pixel_coords": [
        44,
        48,
        12.213048934936523
      ]
    }
  ],
  "Lamp_Back": [
    -1.5698230266571045,
    3.042279005050659,
    6.110430717468262
  ]
}