{
  "Lamp_Key": [
    6.817436695098877,
    -2.143397808074951,
    5.027857780456543
  ],
  "Camera": [
    7.925917625427246,
    -6.843285083770752,
    4.8842854499816895
  ],
  "Lamp_Fill": [
    -4.311910629272461,
    -4.655669689178467,
    3.1363401412963867
  ],
  "Lamp_Back": [
    -0.7034542560577393,
    2.169377088546753,
    6.043147087097168
  ],
  "objects": [
    {
      "pixel_coords": [
        69,
        43,
        13.459643363952637
      ],
      "shape": "SmoothCube_v2",
      "rotation": 0.0,
      "material": "Rubber",
      "color": [
        1.0,
        0.0,
        0.0,
        1.0
      ],
      "3d_coords": [
        -1.6602509021759033,
        2.007525682449341,
        1.0
      ],
      "size": 1.0
    },
    {
      "pixel_coords": [
        51,
        60,
        9.82340145111084
      ],
      "shape": "Suzanne",
      "rotation": 0.0,
      "material": "MyMetal",
      "color": [
        0.0,
        1.0,
        1.0,
        1.0
      ],
      "3d_coords": [
        0.4810367822647095,
        -1.6520285606384277,
        1.0
      ],
      "size": 1.0
    }
  ],
  "image_filename": "000004857569389588"
}