{
  "Lamp_Key": [
    5.8827900886535645,
    -3.33784818649292,
    3.2604453563690186
  ],
  "Lamp_Back": [
    -0.718475878238678,
    3.314361572265625,
    4.919065952301025
  ],
  "image_filename": "000013274019183999",
  "objects": [
    {
      "size": 1.5,
      "shape": "SmoothCube_v2",
      "rotation": 0.0,
      "pixel_coords": [
        62,
        56,
        9.504629135131836
      ],
      "color": [
        0.0,
        1.0,
        1.0,
        1.0
      ],
      "material": "MyMetal",
      "3d_coords": [
        1.19021737575531,
        -1.1498663425445557,
        1.5
      ]
    },
    {
      "size": 1.0,
      "shape": "SmoothCube_v2",
      "rotation": 0.0,
      "pixel_coords": [
        110,
        55,
        10.801657676696777
      ],
      "color": [
        0.0,
        1.0,
        0.0,
        1.0
      ],
      "material": "Rubber",
      "3d_coords": [
        2.582199811935425,
        2.439887046813965,
        1.0
      ]
    }
  ],
  "Lamp_Fill": [
    -3.929328441619873,
    -3.227853536605835,
    2.521562099456787
  ],
  "Camera": [
    7.9013800621032715,
    -6.498556137084961,
    5.620434284210205
  ]
}