{
  "image_filename": "000005213354137479",
  "objects": [
    {
      "shape": "Sphere",
      "size": 1.5,
      "material": "data/materials/PoliigonChainmailCopperRoundedThin001.blend",
      "3d_coords": [
        -0.31335195899009705,
        0.8158248066902161,
        1.5
      ],
      "rotation": 0.0,
      "pixel_coords": [
        69,
        43,
        11.216176986694336
      ]
    },
    {
      "shape": "Sphere",
      "size": 1.0,
      "material": "data/materials/PoliigonMetalSpottyDiscoloration001.blend",
      "3d_coords": [
        2.8376049995422363,
        -1.31073796749115,
        1.0
      ],
      "rotation": 0.0,
      "pixel_coords": [
        78,
        75,
        8.18384075164795
      ]
    }
  ],
  "ground_material": "data/materials/PoliigonRoofTilesTerracotta004.blend",
  "Lamp_Key": [
    6.978023052215576,
    -2.365518093109131,
    4.530814170837402
  ],
  "Lamp_Back": [
    -1.9992700815200806,
    3.011507272720337,
    5.886819362640381
  ],
  "Lamp_Fill": [
    -3.719978094100952,
    -3.9899344444274902,
    3.9500362873077393
  ],
  "Camera": [
    7.517724990844727,
    -6.293062686920166,
    5.616735458374023
  ]
}