{
  "Lamp_Back": [
    -0.2142123281955719,
    1.7555230855941772,
    5.830892086029053
  ],
  "Lamp_Key": [
    6.128881454467773,
    -3.3358490467071533,
    4.8292365074157715
  ],
  "objects": [
    {
      "rotation": 0.0,
      "shape": "Suzanne",
      "3d_coords": [
        2.304105758666992,
        -0.13179007172584534,
        1.5
      ],
      "pixel_coords": [
        87,
        57,
        9.089225769042969
      ],
      "size": 1.5,
      "material": "Rubber",
      "color": [
        0.0,
        1.0,
        0.0,
        1.0
      ]
    },
    {
      "rotation": 0.0,
      "shape": "Suzanne",
      "3d_coords": [
        -2.6460466384887695,
        0.724922776222229,
        1.5
      ],
      "pixel_coords": [
        49,
        37,
        12.709053993225098
      ],
      "size": 1.5,
      "material": "Rubber",
      "color": [
        1.0,
        1.0,
        0.0,
        1.0
      ]
    }
  ],
  "Lamp_Fill": [
    -4.54748010635376,
    -3.7622132301330566,
    2.658437728881836
  ],
  "image_filename": "000007737940392178",
  "Camera": [
    7.098528861999512,
    -6.908211708068848,
    5.525862693786621
  ]
}