{
  "image_filename": "000004714415589690",
  "objects": [
    {
      "shape": "Cube",
      "size": 1.0,
      "material": "data/materials/PoliigonBricksPaintedWhite001.blend",
      "3d_coords": [
        -2.7475478649139404,
        -1.1768338680267334,
        1.0
      ],
      "rotation": 0.0,
      "pixel_coords": [
        32,
        47,
        12.054161071777344
      ]
    },
    {
      "shape": "Suzanne",
      "size": 1.5,
      "material": "data/materials/PoliigonFabricDenim003.blend",
      "3d_coords": [
        2.43684720993042,
        2.375603437423706,
        1.5
      ],
      "rotation": 0.0,
      "pixel_coords": [
        109,
        48,
        10.625764846801758
      ]
    }
  ],
  "ground_material": "data/materials/PoliigonFabricDenim003.blend",
  "Lamp_Key": [
    6.840315818786621,
    -3.344419240951538,
    4.384771823883057
  ],
  "Lamp_Back": [
    -1.797616958618164,
    2.271115303039551,
    5.016509532928467
  ],
  "Lamp_Fill": [
    -3.8506600856781006,
    -4.100671768188477,
    2.7648425102233887
  ],
  "Camera": [
    7.351383686065674,
    -6.887408256530762,
    5.506505012512207
  ]
}