{
  "image_filename": "000010090487179027",
  "objects": [
    {
      "shape": "Suzanne",
      "size": 2.0,
      "material": "data/materials/PoliigonMetalSpottyDiscoloration001.blend",
      "3d_coords": [
        -2.6600427627563477,
        2.4819183349609375,
        2.0
      ],
      "rotation": 0.0,
      "pixel_coords": [
        66,
        29,
        13.561915397644043
      ]
    },
    {
      "shape": "NewellTeapot",
      "size": 1.5,
      "material": "data/materials/PoliigonBricksPaintedWhite001.blend",
      "3d_coords": [
        0.7237251400947571,
        -2.254544258117676,
        1.5
      ],
      "rotation": 0.0,
      "pixel_coords": [
        44,
        57,
        8.733133316040039
      ]
    }
  ],
  "ground_material": "data/materials/PoliigonChainmailCopperRoundedThin001.blend",
  "Lamp_Key": [
    6.682499408721924,
    -3.6896519660949707,
    3.513375759124756
  ],
  "Lamp_Back": [
    -1.835276484489441,
    2.37235951423645,
    6.541821479797363
  ],
  "Lamp_Fill": [
    -3.917552947998047,
    -4.841995716094971,
    2.6115407943725586
  ],
  "Camera": [
    7.680503845214844,
    -6.451098442077637,
    4.9721150398254395
  ]
}