{
  "image_filename": "000013220628190616",
  "objects": [
    {
      "shape": "Torus",
      "size": 1.0,
      "material": "data/materials/PoliigonChainmailCopperRoundedThin001.blend",
      "3d_coords": [
        -2.907439708709717,
        2.206578254699707,
        1.0
      ],
      "rotation": 0.0,
      "pixel_coords": [
        64,
        38,
        13.880890846252441
      ]
    },
    {
      "shape": "Cone",
      "size": 2.0,
      "material": "data/materials/PoliigonWoodFlooring061.blend",
      "3d_coords": [
        2.6641058921813965,
        2.0530221462249756,
        2.0
      ],
      "rotation": 0.0,
      "pixel_coords": [
        112,
        43,
        9.396589279174805
      ]
    }
  ],
  "ground_material": "data/materials/PoliigonMetalSpottyDiscoloration001.blend",
  "Lamp_Key": [
    6.928608417510986,
    -3.699509382247925,
    3.867995500564575
  ],
  "Lamp_Back": [
    -1.0142881870269775,
    1.9702926874160767,
    5.580724239349365
  ],
  "Lamp_Fill": [
    -4.000594139099121,
    -4.122015953063965,
    2.7880802154541016
  ],
  "Camera": [
    7.8507256507873535,
    -6.018213272094727,
    4.961911201477051
  ]
}