{
  "image_filename": "000001593757461549",
  "objects": [
    {
      "shape": "Cylinder",
      "size": 1.0,
      "material": "data/materials/PoliigonFabricDenim003.blend",
      "3d_coords": [
        1.1184048652648926,
        2.2219722270965576,
        1.0
      ],
      "rotation": 0.0,
      "pixel_coords": [
        95,
        49,
        10.839910507202148
      ]
    },
    {
      "shape": "NewellTeapot",
      "size": 1.0,
      "material": "data/materials/PoliigonBricksPaintedWhite001.blend",
      "3d_coords": [
        0.5714684128761292,
        -2.8478622436523438,
        1.0
      ],
      "rotation": 0.0,
      "pixel_coords": [
        33,
        66,
        8.34976577758789
      ]
    }
  ],
  "ground_material": "data/materials/PoliigonChainmailCopperRoundedThin001.blend",
  "Lamp_Key": [
    7.072993755340576,
    -3.1714346408843994,
    4.422127723693848
  ],
  "Lamp_Back": [
    -0.701897919178009,
    3.0851519107818604,
    6.391146659851074
  ],
  "Lamp_Fill": [
    -3.9034175872802734,
    -3.036140203475952,
    3.9630417823791504
  ],
  "Camera": [
    7.466197967529297,
    -6.1129069328308105,
    4.863389015197754
  ]
}