{
  "objects": [
    {
      "material": "MyMetal",
      "pixel_coords": [
        42,
        42,
        11.554713249206543
      ],
      "color": [
        0.0,
        1.0,
        0.0,
        1.0
      ],
      "size": 1.5,
      "3d_coords": [
        -2.014246940612793,
        -0.6834553480148315,
        1.5
      ],
      "rotation": 0.0,
      "shape": "Sphere"
    },
    {
      "material": "MyMetal",
      "pixel_coords": [
        102,
        64,
        9.492486000061035
      ],
      "color": [
        0.0,
        1.0,
        1.0,
        1.0
      ],
      "size": 1.0,
      "3d_coords": [
        2.922246217727661,
        0.8210957646369934,
        1.0
      ],
      "rotation": 0.0,
      "shape": "Suzanne"
    }
  ],
  "image_filename": "000001217688219603",
  "Lamp_Back": [
    -0.7501377463340759,
    2.9249112606048584,
    5.053531646728516
  ],
  "Lamp_Key": [
    5.763403415679932,
    -2.129201650619507,
    5.109009742736816
  ],
  "Camera": [
    7.345820426940918,
    -6.540853977203369,
    5.783085346221924
  ],
  "Lamp_Fill": [
    -5.025137901306152,
    -4.437259197235107,
    2.0732107162475586
  ]
}