{
  "image_filename": "00000087",
  "objects": [
    {
      "shape": "star_4",
      "size": 0.325,
      "rotation": 0.0,
      "2d_coords": [
        0.13999644290377197,
        0.48797711987928477
      ],
      "color": [
        0,
        127,
        255
      ]
    },
    {
      "shape": "circle",
      "size": 0.225,
      "rotation": 0.0,
      "2d_coords": [
        0.33903510471321185,
        0.7136536635352918
      ],
      "color": [
        0,
        127,
        255
      ]
    }
  ]
}