{
  "image_filename": "000006284618261410",
  "objects": [
    {
      "shape": "Sphere",
      "size": 1.5,
      "material": "data/materials/PoliigonBricksPaintedWhite001.blend",
      "3d_coords": [
        0.39438068866729736,
        1.989567518234253,
        1.5
      ],
      "rotation": 0.0,
      "pixel_coords": [
        86,
        43,
        11.567956924438477
      ]
    },
    {
      "shape": "Cube",
      "size": 2.0,
      "material": "data/materials/PoliigonBricksPaintedWhite001.blend",
      "3d_coords": [
        -0.3300049304962158,
        -2.1269099712371826,
        2.0
      ],
      "rotation": 0.0,
      "pixel_coords": [
        37,
        46,
        9.600933074951172
      ]
    }
  ],
  "ground_material": "data/materials/PoliigonFabricDenim003.blend",
  "Lamp_Key": [
    6.085643291473389,
    -3.635789394378662,
    4.356554985046387
  ],
  "Lamp_Back": [
    -1.449065923690796,
    2.223501205444336,
    4.840729713439941
  ],
  "Lamp_Fill": [
    -4.345244407653809,
    -4.756534099578857,
    2.4853014945983887
  ],
  "Camera": [
    7.931795120239258,
    -6.213918685913086,
    5.508059024810791
  ]
}