{
  "Lamp_Fill": [
    -4.014652729034424,
    -3.9784862995147705,
    2.4372103214263916
  ],
  "Lamp_Key": [
    6.00396728515625,
    -3.4252076148986816,
    3.4916632175445557
  ],
  "Lamp_Back": [
    -1.8490688800811768,
    2.58939790725708,
    5.126241683959961
  ],
  "objects": [
    {
      "pixel_coords": [
        74,
        72,
        6.9246392250061035
      ],
      "3d_coords": [
        2.932894706726074,
        -1.8746216297149658,
        1.5
      ],
      "size": 1.5,
      "rotation": 0.0,
      "color": [
        0.0,
        1.0,
        0.0,
        1.0
      ],
      "shape": "SmoothCube_v2",
      "material": "MyMetal"
    },
    {
      "pixel_coords": [
        69,
        31,
        13.102429389953613
      ],
      "3d_coords": [
        -2.4958600997924805,
        2.7128913402557373,
        1.5
      ],
      "size": 1.5,
      "rotation": 0.0,
      "color": [
        1.0,
        0.0,
        1.0,
        1.0
      ],
      "shape": "Sphere",
      "material": "Rubber"
    }
  ],
  "image_filename": "000001945037119959",
  "Camera": [
    7.053617000579834,
    -6.0128583908081055,
    5.272638320922852
  ]
}