{
  "Lamp_Fill": [
    -5.055853366851807,
    -3.603579044342041,
    3.1121878623962402
  ],
  "Lamp_Key": [
    5.59874153137207,
    -3.6042213439941406,
    5.251693248748779
  ],
  "image_filename": "000008144624215919",
  "Lamp_Back": [
    -1.2310543060302734,
    1.835158348083496,
    6.218507289886475
  ],
  "Camera": [
    7.650264263153076,
    -6.522804260253906,
    5.782757759094238
  ],
  "objects": [
    {
      "rotation": 0.0,
      "material": "MyMetal",
      "color": [
        1.0,
        1.0,
        0.0,
        1.0
      ],
      "pixel_coords": [
        29,
        41,
        10.580160140991211
      ],
      "shape": "SmoothCylinder",
      "size": 2.0,
      "3d_coords": [
        -1.6745706796646118,
        -2.000735282897949,
        2.0
      ]
    },
    {
      "rotation": 0.0,
      "material": "Rubber",
      "color": [
        1.0,
        1.0,
        0.0,
        1.0
      ],
      "pixel_coords": [
        69,
        41,
        13.396639823913574
      ],
      "shape": "Suzanne",
      "size": 1.0,
      "3d_coords": [
        -1.6998838186264038,
        2.0909321308135986,
        1.0
      ]
    }
  ]
}