{
  "image_filename": "000006510093721218",
  "objects": [
    {
      "shape": "Cone",
      "size": 1.0,
      "material": "data/materials/PoliigonRoofTilesTerracotta004.blend",
      "3d_coords": [
        -0.2101994901895523,
        -2.8685436248779297,
        1.0
      ],
      "rotation": 0.0,
      "pixel_coords": [
        30,
        64,
        9.191426277160645
      ]
    },
    {
      "shape": "Cone",
      "size": 2.0,
      "material": "data/materials/PoliigonChainmailCopperRoundedThin001.blend",
      "3d_coords": [
        2.770801305770874,
        -1.0035500526428223,
        2.0
      ],
      "rotation": 0.0,
      "pixel_coords": [
        85,
        56,
        7.978315830230713
      ]
    }
  ],
  "ground_material": "data/materials/PoliigonChainmailCopperRoundedThin001.blend",
  "Lamp_Key": [
    7.234719276428223,
    -2.381195068359375,
    4.768381595611572
  ],
  "Lamp_Back": [
    -1.0543912649154663,
    3.337217330932617,
    5.716320514678955
  ],
  "Lamp_Fill": [
    -4.924452304840088,
    -3.677055597305298,
    2.0130605697631836
  ],
  "Camera": [
    7.099853515625,
    -6.909698486328125,
    5.42321252822876
  ]
}