{
  "image_filename": "00000025",
  "objects": [
    {
      "shape": "triangle",
      "size": 0.225,
      "rotation": 0.0,
      "2d_coords": [
        0.5573817821352178,
        0.8399806722167346
      ],
      "color": [
        255,
        0,
        255
      ]
    },
    {
      "shape": "circle",
      "size": 0.125,
      "rotation": 0.0,
      "2d_coords": [
        0.5960763613409625,
        0.19333920759862402
      ],
      "color": [
        0,
        255,
        0
      ]
    }
  ]
}