{
  "image_filename": "000008445200192205",
  "objects": [
    {
      "shape": "Cone",
      "size": 2.0,
      "material": "data/materials/PoliigonBricksFlemishRed001.blend",
      "3d_coords": [
        1.4383500814437866,
        2.2967069149017334,
        2.0
      ],
      "rotation": 0.0,
      "pixel_coords": [
        98,
        39,
        10.92172908782959
      ]
    },
    {
      "shape": "Cone",
      "size": 1.5,
      "material": "data/materials/PoliigonRoofTilesTerracotta004.blend",
      "3d_coords": [
        -0.750774621963501,
        -1.667484998703003,
        1.5
      ],
      "rotation": 0.0,
      "pixel_coords": [
        40,
        49,
        10.389906883239746
      ]
    }
  ],
  "ground_material": "data/materials/PoliigonRoofTilesTerracotta004.blend",
  "Lamp_Key": [
    6.5679144859313965,
    -3.082505226135254,
    4.017792224884033
  ],
  "Lamp_Back": [
    -1.0973749160766602,
    2.329153537750244,
    5.727972984313965
  ],
  "Lamp_Fill": [
    -3.8184335231781006,
    -4.465716361999512,
    2.3505821228027344
  ],
  "Camera": [
    7.770439147949219,
    -6.532228469848633,
    5.492519855499268
  ]
}