{
  "image_filename": "00000080",
  "objects": [
    {
      "shape": "star_4",
      "size": 0.325,
      "rotation": 0.0,
      "2d_coords": [
        0.2805024155180162,
        0.7913459048208525
      ],
      "color": [
        255,
        127,
        0
      ]
    },
    {
      "shape": "square",
      "size": 0.425,
      "rotation": 0.0,
      "2d_coords": [
        0.2808735911885119,
        0.3447159589988712
      ],
      "color": [
        0,
        127,
        255
      ]
    }
  ]
}