{
  "image_filename": "000000398511673424",
  "objects": [
    {
      "shape": "Sphere",
      "size": 2.0,
      "material": "data/materials/PoliigonFabricDenim003.blend",
      "3d_coords": [
        2.4577348232269287,
        -1.3680994510650635,
        2.0
      ],
      "rotation": 0.0,
      "pixel_coords": [
        74,
        58,
        7.951805591583252
      ]
    },
    {
      "shape": "Sphere",
      "size": 2.0,
      "material": "data/materials/PoliigonFabricFleece001.blend",
      "3d_coords": [
        -1.8021296262741089,
        -2.1473841667175293,
        2.0
      ],
      "rotation": 0.0,
      "pixel_coords": [
        26,
        41,
        10.275613784790039
      ]
    }
  ],
  "ground_material": "data/materials/PoliigonFabricFleece001.blend",
  "Lamp_Key": [
    6.751966953277588,
    -2.4876861572265625,
    4.882768154144287
  ],
  "Lamp_Back": [
    -0.23926877975463867,
    2.4919240474700928,
    5.7405219078063965
  ],
  "Lamp_Fill": [
    -4.533583641052246,
    -4.531689167022705,
    2.328197479248047
  ],
  "Camera": [
    7.360015392303467,
    -6.424952983856201,
    5.751990795135498
  ]
}