{
  "Lamp_Back": [
    -2.1411473751068115,
    3.1659255027770996,
    4.95693826675415
  ],
  "Lamp_Fill": [
    -4.642428398132324,
    -4.587206840515137,
    2.7158052921295166
  ],
  "image_filename": "000005001414237970",
  "objects": [
    {
      "pixel_coords": [
        79,
        38,
        12.304485321044922
      ],
      "3d_coords": [
        -0.7772548794746399,
        2.2765731811523438,
        1.5
      ],
      "color": [
        1.0,
        0.0,
        1.0,
        1.0
      ],
      "size": 1.5,
      "rotation": 0.0,
      "material": "MyMetal",
      "shape": "SmoothCylinder"
    },
    {
      "pixel_coords": [
        64,
        53,
        10.570011138916016
      ],
      "3d_coords": [
        0.14615312218666077,
        -0.1302446573972702,
        1.0
      ],
      "color": [
        0.0,
        1.0,
        0.0,
        1.0
      ],
      "size": 1.0,
      "rotation": 0.0,
      "material": "MyMetal",
      "shape": "SmoothCylinder"
    }
  ],
  "Camera": [
    7.904687881469727,
    -6.091824531555176,
    5.078521251678467
  ],
  "Lamp_Key": [
    6.013615608215332,
    -2.174483060836792,
    3.580941677093506
  ]
}