{
  "Camera": [
    7.307454586029053,
    -6.462922096252441,
    5.721671104431152
  ],
  "image_filename": "000002470332886094",
  "Lamp_Back": [
    -2.12419056892395,
    2.7406139373779297,
    5.078036785125732
  ],
  "Lamp_Fill": [
    -5.242635250091553,
    -3.4083380699157715,
    3.400585412979126
  ],
  "Lamp_Key": [
    6.576882839202881,
    -3.2485811710357666,
    3.9224228858947754
  ],
  "objects": [
    {
      "size": 2.0,
      "3d_coords": [
        -0.47120121121406555,
        -2.411928415298462,
        2.0
      ],
      "pixel_coords": [
        32,
        47,
        9.223855972290039
      ],
      "material": "MyMetal",
      "color": [
        0.0,
        1.0,
        0.0,
        1.0
      ],
      "shape": "Sphere",
      "rotation": 0.0
    },
    {
      "size": 2.0,
      "3d_coords": [
        0.4716058671474457,
        2.1754953861236572,
        2.0
      ],
      "pixel_coords": [
        88,
        36,
        11.23619556427002
      ],
      "material": "MyMetal",
      "color": [
        0.0,
        0.0,
        1.0,
        1.0
      ],
      "shape": "SmoothCylinder",
      "rotation": 0.0
    }
  ]
}