{
  "Lamp_Back": [
    -1.5913504362106323,
    2.335411787033081,
    5.354351043701172
  ],
  "objects": [
    {
      "shape": "Sphere",
      "size": 2.0,
      "rotation": 0.0,
      "3d_coords": [
        0.6509107351303101,
        -2.3785722255706787,
        2.0
      ],
      "color": [
        0.0,
        1.0,
        0.0,
        1.0
      ],
      "pixel_coords": [
        41,
        51,
        8.3670072555542
      ],
      "material": "MyMetal"
    },
    {
      "shape": "Sphere",
      "size": 1.5,
      "rotation": 0.0,
      "3d_coords": [
        -1.5971602201461792,
        2.4915263652801514,
        1.5
      ],
      "color": [
        0.0,
        1.0,
        0.0,
        1.0
      ],
      "pixel_coords": [
        73,
        35,
        12.924379348754883
      ],
      "material": "MyMetal"
    }
  ],
  "Lamp_Key": [
    6.230464935302734,
    -2.488236427307129,
    4.866259574890137
  ],
  "image_filename": "000003011917253346",
  "Camera": [
    7.407496452331543,
    -6.449580669403076,
    5.20898962020874
  ],
  "Lamp_Fill": [
    -4.55269718170166,
    -4.053698539733887,
    2.8210673332214355
  ]
}