{
  "Camera": [
    7.699201583862305,
    -6.018197536468506,
    5.758826732635498
  ],
  "objects": [
    {
      "pixel_coords": [
        69,
        34,
        13.160381317138672
      ],
      "shape": "SmoothCylinder",
      "size": 1.5,
      "rotation": 0.0,
      "color": [
        1.0,
        1.0,
        0.0,
        1.0
      ],
      "3d_coords": [
        -2.079150676727295,
        2.2010462284088135,
        1.5
      ],
      "material": "MyMetal"
    },
    {
      "pixel_coords": [
        37,
        52,
        8.680075645446777
      ],
      "shape": "Sphere",
      "size": 2.0,
      "rotation": 0.0,
      "color": [
        1.0,
        0.0,
        0.0,
        1.0
      ],
      "3d_coords": [
        0.48754575848579407,
        -2.4811806678771973,
        2.0
      ],
      "material": "Rubber"
    }
  ],
  "Lamp_Fill": [
    -3.8146960735321045,
    -3.548595666885376,
    2.146571397781372
  ],
  "Lamp_Back": [
    -0.3531074821949005,
    2.5083775520324707,
    5.110245227813721
  ],
  "Lamp_Key": [
    7.325313091278076,
    -2.77278470993042,
    3.2646498680114746
  ],
  "image_filename": "000002624945480115"
}