{
  "Lamp_Fill": [
    -3.7717719078063965,
    -3.914569139480591,
    2.6131465435028076
  ],
  "Camera": [
    7.588231563568115,
    -6.2059245109558105,
    5.440070629119873
  ],
  "Lamp_Back": [
    -0.5879305601119995,
    3.5080955028533936,
    6.1186933517456055
  ],
  "image_filename": "000014551709992597",
  "Lamp_Key": [
    6.284682273864746,
    -2.860520362854004,
    3.450453996658325
  ],
  "objects": [
    {
      "shape": "SmoothCube_v2",
      "rotation": 0.0,
      "pixel_coords": [
        81,
        61,
        9.51781177520752
      ],
      "3d_coords": [
        1.7948051691055298,
        0.012191148474812508,
        1.0
      ],
      "color": [
        1.0,
        0.0,
        0.0,
        1.0
      ],
      "size": 1.0,
      "material": "Rubber"
    },
    {
      "shape": "Sphere",
      "rotation": 0.0,
      "pixel_coords": [
        23,
        42,
        11.265458106994629
      ],
      "3d_coords": [
        -2.803142547607422,
        -2.014451026916504,
        1.5
      ],
      "color": [
        0.0,
        1.0,
        0.0,
        1.0
      ],
      "size": 1.5,
      "material": "MyMetal"
    }
  ]
}