{
  "image_filename": "00000042",
  "objects": [
    {
      "shape": "star_4",
      "size": 0.325,
      "rotation": 0.0,
      "2d_coords": [
        0.3642010598477696,
        0.31243574771721355
      ],
      "color": [
        0,
        127,
        255
      ]
    },
    {
      "shape": "circle",
      "size": 0.325,
      "rotation": 0.0,
      "2d_coords": [
        0.5464595119805737,
        0.8007021282519851
      ],
      "color": [
        255,
        0,
        255
      ]
    }
  ]
}