{
  "image_filename": "000000689313632819",
  "objects": [
    {
      "shape": "SmoothCube_v2",
      "size": 2.0,
      "pixel_coords": [
        53,
        53,
        8.970501899719238
      ],
      "rotation": 0.0,
      "3d_coords": [
        1.1455426216125488,
        -1.8420339822769165,
        2.0
      ],
      "material": "Rubber",
      "color": [
        0.0,
        0.0,
        1.0,
        1.0
      ]
    },
    {
      "shape": "SmoothCylinder",
      "size": 1.0,
      "pixel_coords": [
        99,
        50,
        11.817570686340332
      ],
      "rotation": 0.0,
      "3d_coords": [
        1.3838027715682983,
        2.6908297538757324,
        1.0
      ],
      "material": "Rubber",
      "color": [
        1.0,
        0.0,
        0.0,
        1.0
      ]
    }
  ],
  "Camera": [
    7.870785713195801,
    -6.512507915496826,
    5.798234462738037
  ],
  "Lamp_Fill": [
    -4.189408302307129,
    -3.139197587966919,
    3.873915195465088
  ],
  "Lamp_Back": [
    -1.168304204940796,
    2.8669047355651855,
    6.481552600860596
  ],
  "Lamp_Key": [
    6.7903151512146,
    -2.3583714962005615,
    3.997673749923706
  ]
}