{
  "Lamp_Key": [
    7.182091236114502,
    -1.9121943712234497,
    4.407761096954346
  ],
  "Camera": [
    7.565215110778809,
    -6.808277130126953,
    5.235135078430176
  ],
  "image_filename": "000010788967615810",
  "Lamp_Fill": [
    -4.475733280181885,
    -4.04249906539917,
    3.1055908203125
  ],
  "objects": [
    {
      "color": [
        1.0,
        0.0,
        0.0,
        1.0
      ],
      "size": 2.0,
      "3d_coords": [
        2.6764252185821533,
        0.662446141242981,
        2.0
      ],
      "shape": "Suzanne",
      "pixel_coords": [
        99,
        48,
        9.15529727935791
      ],
      "material": "Rubber",
      "rotation": 0.0
    },
    {
      "color": [
        1.0,
        0.0,
        0.0,
        1.0
      ],
      "size": 1.5,
      "3d_coords": [
        -2.503474235534668,
        -1.3404178619384766,
        1.5
      ],
      "shape": "Sphere",
      "pixel_coords": [
        32,
        43,
        11.616474151611328
      ],
      "material": "Rubber",
      "rotation": 0.0
    }
  ],
  "Lamp_Back": [
    -0.8014421463012695,
    3.331639528274536,
    6.376224994659424
  ]
}