{
  "image_filename": "000006638660146511",
  "objects": [
    {
      "shape": "Icosahedron",
      "size": 1.5,
      "material": "data/materials/PoliigonMetalSpottyDiscoloration001.blend",
      "3d_coords": [
        0.8244994878768921,
        0.9570235013961792,
        1.5
      ],
      "rotation": 0.0,
      "pixel_coords": [
        81,
        46,
        10.5220308303833
      ]
    },
    {
      "shape": "Torus",
      "size": 1.5,
      "material": "data/materials/PoliigonBricksPaintedWhite001.blend",
      "3d_coords": [
        -2.719996213912964,
        2.3716654777526855,
        1.5
      ],
      "rotation": 0.0,
      "pixel_coords": [
        62,
        32,
        13.601194381713867
      ]
    }
  ],
  "ground_material": "data/materials/PoliigonBricksPaintedWhite001.blend",
  "Lamp_Key": [
    7.01250696182251,
    -3.0436882972717285,
    4.375096321105957
  ],
  "Lamp_Back": [
    -0.9934596419334412,
    3.601443290710449,
    5.509288311004639
  ],
  "Lamp_Fill": [
    -4.006840705871582,
    -4.333501815795898,
    2.9303598403930664
  ],
  "Camera": [
    7.03875207901001,
    -6.747087478637695,
    5.5157036781311035
  ]
}