{
  "image_filename": "00000053",
  "objects": [
    {
      "shape": "square",
      "size": 0.225,
      "rotation": 0.0,
      "2d_coords": [
        0.6857560201537348,
        0.8161367374561073
      ],
      "color": [
        0,
        127,
        255
      ]
    },
    {
      "shape": "triangle",
      "size": 0.425,
      "rotation": 0.0,
      "2d_coords": [
        0.1514248862799508,
        0.7928115554955505
      ],
      "color": [
        255,
        0,
        255
      ]
    }
  ]
}