{
  "image_filename": "000002780313555736",
  "objects": [
    {
      "shape": "Sphere",
      "3d_coords": [
        -2.47870135307312,
        -0.5782714486122131,
        2.0
      ],
      "size": 2.0,
      "color": [
        1.0,
        0.0,
        1.0,
        1.0
      ],
      "material": "Rubber",
      "pixel_coords": [
        38,
        34,
        11.301358222961426
      ],
      "rotation": 0.0
    },
    {
      "shape": "Suzanne",
      "3d_coords": [
        2.589578151702881,
        0.9924008846282959,
        2.0
      ],
      "size": 2.0,
      "color": [
        1.0,
        0.0,
        1.0,
        1.0
      ],
      "material": "Rubber",
      "pixel_coords": [
        103,
        45,
        8.937830924987793
      ],
      "rotation": 0.0
    }
  ],
  "Lamp_Fill": [
    -5.495955467224121,
    -4.0982561111450195,
    3.053122043609619
  ],
  "Lamp_Back": [
    -0.6969314813613892,
    3.2012534141540527,
    6.016677379608154
  ],
  "Camera": [
    7.144118785858154,
    -6.545294284820557,
    5.144073486328125
  ],
  "Lamp_Key": [
    6.163605213165283,
    -3.6953065395355225,
    5.166764259338379
  ]
}