{
  "Lamp_Fill": [
    -4.080805778503418,
    -3.9269237518310547,
    3.5264711380004883
  ],
  "image_filename": "000007520948069702",
  "objects": [
    {
      "pixel_coords": [
        46,
        40,
        11.919855117797852
      ],
      "material": "MyMetal",
      "shape": "Sphere",
      "size": 1.5,
      "color": [
        1.0,
        0.0,
        0.0,
        1.0
      ],
      "rotation": 0.0,
      "3d_coords": [
        -2.1665072441101074,
        -0.20897597074508667,
        1.5
      ]
    },
    {
      "pixel_coords": [
        77,
        39,
        13.433916091918945
      ],
      "material": "Rubber",
      "shape": "SmoothCube_v2",
      "size": 1.0,
      "color": [
        1.0,
        0.0,
        1.0,
        1.0
      ],
      "rotation": 0.0,
      "3d_coords": [
        -1.571840763092041,
        2.878751277923584,
        1.0
      ]
    }
  ],
  "Camera": [
    7.694535732269287,
    -6.120155334472656,
    5.561868667602539
  ],
  "Lamp_Key": [
    5.874988079071045,
    -3.544163465499878,
    3.794862747192383
  ],
  "Lamp_Back": [
    -1.6826064586639404,
    1.910130262374878,
    6.199112892150879
  ]
}