{
  "image_filename": "000009712240741039",
  "objects": [
    {
      "shape": "SmoothCube_v2",
      "rotation": 0.0,
      "size": 1.5,
      "3d_coords": [
        -2.4874751567840576,
        -1.5600436925888062,
        1.5
      ],
      "pixel_coords": [
        29,
        43,
        11.334334373474121
      ],
      "material": "Rubber",
      "color": [
        1.0,
        0.0,
        0.0,
        1.0
      ]
    },
    {
      "shape": "Suzanne",
      "rotation": 0.0,
      "size": 1.0,
      "3d_coords": [
        -0.1964200735092163,
        2.806644916534424,
        1.0
      ],
      "pixel_coords": [
        85,
        44,
        12.74621295928955
      ],
      "material": "Rubber",
      "color": [
        1.0,
        1.0,
        0.0,
        1.0
      ]
    }
  ],
  "Lamp_Back": [
    -0.673708975315094,
    2.146550416946411,
    5.253690719604492
  ],
  "Lamp_Key": [
    7.1144328117370605,
    -2.2170250415802,
    3.9465293884277344
  ],
  "Camera": [
    7.350368022918701,
    -6.935683250427246,
    5.195521831512451
  ],
  "Lamp_Fill": [
    -5.476504802703857,
    -4.589853763580322,
    2.0371439456939697
  ]
}