{
  "objects": [
    {
      "pixel_coords": [
        99,
        45,
        9.426251411437988
      ],
      "shape": "SmoothCube_v2",
      "size": 2.0,
      "3d_coords": [
        2.264169454574585,
        1.1785963773727417,
        2.0
      ],
      "color": [
        1.0,
        0.0,
        0.0,
        1.0
      ],
      "rotation": 0.0,
      "material": "MyMetal"
    },
    {
      "pixel_coords": [
        31,
        51,
        10.91904067993164
      ],
      "shape": "SmoothCube_v2",
      "size": 1.0,
      "3d_coords": [
        -1.897691011428833,
        -1.7698218822479248,
        1.0
      ],
      "color": [
        1.0,
        0.0,
        0.0,
        1.0
      ],
      "rotation": 0.0,
      "material": "MyMetal"
    }
  ],
  "image_filename": "000008664770328255",
  "Lamp_Fill": [
    -3.970202684402466,
    -3.192448377609253,
    2.645397901535034
  ],
  "Lamp_Back": [
    -0.2487506866455078,
    2.3720452785491943,
    6.296512603759766
  ],
  "Lamp_Key": [
    6.725717067718506,
    -2.8718111515045166,
    3.8207592964172363
  ],
  "Camera": [
    7.272273540496826,
    -6.4732465744018555,
    5.546077251434326
  ]
}