{
  "image_filename": "000005212979850172",
  "objects": [
    {
      "shape": "Cone",
      "size": 2.0,
      "material": "data/materials/PoliigonBricksFlemishRed001.blend",
      "3d_coords": [
        2.689594268798828,
        2.856477975845337,
        2.0
      ],
      "rotation": 0.0,
      "pixel_coords": [
        120,
        40,
        9.71630573272705
      ]
    },
    {
      "shape": "NewellTeapot",
      "size": 1.0,
      "material": "data/materials/PoliigonMetalSpottyDiscoloration001.blend",
      "3d_coords": [
        -2.686208963394165,
        1.5038396120071411,
        1.0
      ],
      "rotation": 0.0,
      "pixel_coords": [
        58,
        39,
        13.096385955810547
      ]
    }
  ],
  "ground_material": "data/materials/PoliigonFabricFleece001.blend",
  "Lamp_Key": [
    6.745608806610107,
    -2.6009459495544434,
    4.055544376373291
  ],
  "Lamp_Back": [
    -1.013496994972229,
    3.4021377563476562,
    6.5906291007995605
  ],
  "Lamp_Fill": [
    -3.8411712646484375,
    -3.383673906326294,
    2.3234035968780518
  ],
  "Camera": [
    7.423609733581543,
    -6.083141326904297,
    5.172490119934082
  ]
}