{
  "image_filename": "000010582796406124",
  "objects": [
    {
      "shape": "Icosahedron",
      "size": 1.0,
      "material": "data/materials/PoliigonRoofTilesTerracotta004.blend",
      "3d_coords": [
        -0.9440140724182129,
        -1.9060347080230713,
        1.0
      ],
      "rotation": 0.0,
      "pixel_coords": [
        35,
        55,
        9.765035629272461
      ]
    },
    {
      "shape": "Sphere",
      "size": 1.5,
      "material": "data/materials/PoliigonFabricFleece001.blend",
      "3d_coords": [
        2.155259847640991,
        0.048518210649490356,
        1.5
      ],
      "rotation": 0.0,
      "pixel_coords": [
        88,
        54,
        8.603090286254883
      ]
    }
  ],
  "ground_material": "data/materials/PoliigonBricksPaintedWhite001.blend",
  "Lamp_Key": [
    6.512391567230225,
    -3.7214746475219727,
    4.821094989776611
  ],
  "Lamp_Back": [
    -1.065619945526123,
    3.4046950340270996,
    5.792013168334961
  ],
  "Lamp_Fill": [
    -4.98015832901001,
    -3.764477014541626,
    2.680147647857666
  ],
  "Camera": [
    7.154378890991211,
    -6.244521141052246,
    4.947733402252197
  ]
}