{
  "image_filename": "00000054",
  "objects": [
    {
      "shape": "star_4",
      "size": 0.425,
      "rotation": 0.0,
      "2d_coords": [
        0.6746000194180536,
        0.4400935965266224
      ],
      "color": [
        255,
        127,
        0
      ]
    },
    {
      "shape": "square",
      "size": 0.125,
      "rotation": 0.0,
      "2d_coords": [
        0.32152321945500567,
        0.1133697480211529
      ],
      "color": [
        0,
        127,
        255
      ]
    }
  ]
}