{
  "Lamp_Key": [
    5.566401958465576,
    -2.784132957458496,
    3.937523603439331
  ],
  "Camera": [
    7.3070268630981445,
    -6.938223361968994,
    5.656503677368164
  ],
  "image_filename": "000004607104267450",
  "Lamp_Fill": [
    -5.092898368835449,
    -3.6615185737609863,
    3.223233222961426
  ],
  "objects": [
    {
      "pixel_coords": [
        65,
        83,
        7.631869792938232
      ],
      "size": 1.0,
      "color": [
        1.0,
        0.0,
        1.0,
        1.0
      ],
      "material": "Rubber",
      "shape": "SmoothCube_v2",
      "3d_coords": [
        2.8958191871643066,
        -2.669539451599121,
        1.0
      ],
      "rotation": 0.0
    },
    {
      "pixel_coords": [
        75,
        41,
        10.555638313293457
      ],
      "size": 2.0,
      "color": [
        1.0,
        0.0,
        1.0,
        1.0
      ],
      "material": "MyMetal",
      "shape": "SmoothCube_v2",
      "3d_coords": [
        0.5745564699172974,
        0.5705310702323914,
        2.0
      ],
      "rotation": 0.0
    }
  ],
  "Lamp_Back": [
    -1.8033909797668457,
    3.292586088180542,
    5.225602149963379
  ]
}