{
  "image_filename": "00000081",
  "objects": [
    {
      "shape": "square",
      "size": 0.125,
      "rotation": 0.0,
      "2d_coords": [
        0.510099608816318,
        0.12496188174709932
      ],
      "color": [
        0,
        127,
        255
      ]
    },
    {
      "shape": "star_4",
      "size": 0.425,
      "rotation": 0.0,
      "2d_coords": [
        0.13188189373879056,
        0.8817236440927281
      ],
      "color": [
        255,
        0,
        255
      ]
    }
  ]
}