{
  "image_filename": "000004869483769266",
  "objects": [
    {
      "shape": "Torus",
      "size": 1.5,
      "material": "data/materials/PoliigonWoodFlooring061.blend",
      "3d_coords": [
        -0.5249398350715637,
        -1.745394229888916,
        1.5
      ],
      "rotation": 0.0,
      "pixel_coords": [
        41,
        50,
        10.120579719543457
      ]
    },
    {
      "shape": "NewellTeapot",
      "size": 2.0,
      "material": "data/materials/PoliigonMetalSpottyDiscoloration001.blend",
      "3d_coords": [
        2.925405502319336,
        -2.512582778930664,
        2.0
      ],
      "rotation": 0.0,
      "pixel_coords": [
        65,
        61,
        7.115896224975586
      ]
    }
  ],
  "ground_material": "data/materials/PoliigonChainmailCopperRoundedThin001.blend",
  "Lamp_Key": [
    6.0801825523376465,
    -2.3220651149749756,
    3.4821813106536865
  ],
  "Lamp_Back": [
    -0.5803837776184082,
    2.137230157852173,
    6.682431697845459
  ],
  "Lamp_Fill": [
    -5.349342346191406,
    -3.0575337409973145,
    2.732468605041504
  ],
  "Camera": [
    7.73602819442749,
    -6.881148815155029,
    4.904915809631348
  ]
}