{
  "objects": [
    {
      "3d_coords": [
        0.4574682116508484,
        -2.379495859146118,
        1.0
      ],
      "pixel_coords": [
        39,
        64,
        8.9734525680542
      ],
      "shape": "Sphere",
      "size": 1.0,
      "color": [
        0.0,
        1.0,
        0.0,
        1.0
      ],
      "material": "MyMetal",
      "rotation": 0.0
    },
    {
      "3d_coords": [
        -0.8162304759025574,
        1.25213623046875,
        1.0
      ],
      "pixel_coords": [
        70,
        46,
        11.82416820526123
      ],
      "shape": "Sphere",
      "size": 1.0,
      "color": [
        0.0,
        1.0,
        0.0,
        1.0
      ],
      "material": "Rubber",
      "rotation": 0.0
    }
  ],
  "Camera": [
    7.6114301681518555,
    -6.014206409454346,
    5.3173723220825195
  ],
  "image_filename": "000011909259102618",
  "Lamp_Key": [
    5.514713764190674,
    -2.8998124599456787,
    5.151462078094482
  ],
  "Lamp_Fill": [
    -5.517480850219727,
    -3.5407094955444336,
    2.7564027309417725
  ],
  "Lamp_Back": [
    -1.1708511114120483,
    2.584868907928467,
    5.033152103424072
  ]
}