{
  "image_filename": "000008886547428786",
  "objects": [
    {
      "material": "MyMetal",
      "rotation": 0.0,
      "size": 1.5,
      "pixel_coords": [
        83,
        54,
        9.091416358947754
      ],
      "3d_coords": [
        1.6913453340530396,
        0.14936374127864838,
        1.5
      ],
      "shape": "SmoothCylinder",
      "color": [
        0.0,
        0.0,
        1.0,
        1.0
      ]
    },
    {
      "material": "MyMetal",
      "rotation": 0.0,
      "size": 1.5,
      "pixel_coords": [
        69,
        30,
        13.318388938903809
      ],
      "3d_coords": [
        -2.535569429397583,
        2.7978672981262207,
        1.5
      ],
      "shape": "SmoothCube_v2",
      "color": [
        1.0,
        0.0,
        0.0,
        1.0
      ]
    }
  ],
  "Lamp_Fill": [
    -4.009429931640625,
    -4.876112937927246,
    3.5565237998962402
  ],
  "Camera": [
    7.11653995513916,
    -6.021604537963867,
    5.628005504608154
  ],
  "Lamp_Back": [
    -1.410928726196289,
    2.992948532104492,
    5.1820549964904785
  ],
  "Lamp_Key": [
    6.1243438720703125,
    -2.068866014480591,
    4.838282585144043
  ]
}