{
  "image_filename": "000003844716823978",
  "Lamp_Back": [
    -0.833048403263092,
    3.5124776363372803,
    6.093735218048096
  ],
  "objects": [
    {
      "pixel_coords": [
        73,
        34,
        12.586080551147461
      ],
      "shape": "SmoothCylinder",
      "size": 2.0,
      "rotation": 0.0,
      "3d_coords": [
        -0.9432967901229858,
        1.978047251701355,
        2.0
      ],
      "material": "MyMetal",
      "color": [
        1.0,
        1.0,
        0.0,
        1.0
      ]
    },
    {
      "pixel_coords": [
        62,
        63,
        8.372625350952148
      ],
      "shape": "SmoothCylinder",
      "size": 1.5,
      "rotation": 0.0,
      "3d_coords": [
        2.0730059146881104,
        -2.039125442504883,
        1.5
      ],
      "material": "Rubber",
      "color": [
        1.0,
        0.0,
        0.0,
        1.0
      ]
    }
  ],
  "Camera": [
    7.779733657836914,
    -7.002548694610596,
    5.094592571258545
  ],
  "Lamp_Fill": [
    -4.079714775085449,
    -4.57338285446167,
    3.436692714691162
  ],
  "Lamp_Key": [
    6.2267560958862305,
    -2.1402406692504883,
    4.834539890289307
  ]
}