{
  "Lamp_Back": [
    -1.2492029666900635,
    3.182884454727173,
    6.301255702972412
  ],
  "Lamp_Fill": [
    -4.886909484863281,
    -4.958261489868164,
    2.4105355739593506
  ],
  "Lamp_Key": [
    6.56843376159668,
    -3.431588649749756,
    3.366117238998413
  ],
  "objects": [
    {
      "material": "MyMetal",
      "shape": "SmoothCylinder",
      "pixel_coords": [
        20,
        46,
        11.396349906921387
      ],
      "size": 1.5,
      "3d_coords": [
        -2.6104347705841064,
        -2.528428792953491,
        1.5
      ],
      "rotation": 0.0,
      "color": [
        1.0,
        1.0,
        0.0,
        1.0
      ]
    },
    {
      "material": "Rubber",
      "shape": "Sphere",
      "pixel_coords": [
        67,
        51,
        11.676922798156738
      ],
      "size": 1.0,
      "3d_coords": [
        -0.125472754240036,
        0.4350157678127289,
        1.0
      ],
      "rotation": 0.0,
      "color": [
        0.0,
        1.0,
        1.0,
        1.0
      ]
    }
  ],
  "Camera": [
    7.8455281257629395,
    -6.72643518447876,
    5.765264511108398
  ],
  "image_filename": "000005209706443981"
}