{
  "Lamp_Fill": [
    -5.479608058929443,
    -3.5257651805877686,
    3.16776180267334
  ],
  "Camera": [
    7.741100788116455,
    -6.4176459312438965,
    5.764340400695801
  ],
  "image_filename": "000010213150098100",
  "Lamp_Key": [
    5.955493927001953,
    -3.716473340988159,
    3.656468391418457
  ],
  "objects": [
    {
      "shape": "SmoothCube_v2",
      "material": "Rubber",
      "3d_coords": [
        1.2539407014846802,
        2.9890999794006348,
        1.0
      ],
      "rotation": 0.0,
      "pixel_coords": [
        100,
        48,
        11.910688400268555
      ],
      "size": 1.0,
      "color": [
        1.0,
        0.0,
        0.0,
        1.0
      ]
    },
    {
      "shape": "SmoothCube_v2",
      "material": "Rubber",
      "3d_coords": [
        -0.8908088803291321,
        1.139758825302124,
        1.5
      ],
      "rotation": 0.0,
      "pixel_coords": [
        68,
        41,
        12.070487022399902
      ],
      "size": 1.5,
      "color": [
        1.0,
        0.0,
        1.0,
        1.0
      ]
    }
  ],
  "Lamp_Back": [
    -2.0656261444091797,
    3.4626657962799072,
    6.564839839935303
  ]
}