{
  "image_filename": "000014291444909032",
  "objects": [
    {
      "shape": "Icosahedron",
      "size": 1.0,
      "material": "data/materials/PoliigonBricksPaintedWhite001.blend",
      "3d_coords": [
        2.8809094429016113,
        -2.3074862957000732,
        1.0
      ],
      "rotation": 0.0,
      "pixel_coords": [
        69,
        76,
        7.667113304138184
      ]
    },
    {
      "shape": "Suzanne",
      "size": 1.0,
      "material": "data/materials/PoliigonChainmailCopperRoundedThin001.blend",
      "3d_coords": [
        -2.5501937866210938,
        -1.7736479043960571,
        1.0
      ],
      "rotation": 0.0,
      "pixel_coords": [
        27,
        50,
        11.601030349731445
      ]
    }
  ],
  "ground_material": "data/materials/PoliigonFabricDenim003.blend",
  "Lamp_Key": [
    6.227062225341797,
    -2.8171751499176025,
    4.004639148712158
  ],
  "Lamp_Back": [
    -1.2352875471115112,
    2.2803690433502197,
    5.665261268615723
  ],
  "Lamp_Fill": [
    -4.732967376708984,
    -3.2703027725219727,
    3.1954102516174316
  ],
  "Camera": [
    7.586824417114258,
    -6.97941780090332,
    4.916853904724121
  ]
}