{
  "image_filename": "000015935624752896",
  "objects": [
    {
      "shape": "Icosahedron",
      "size": 2.0,
      "material": "data/materials/PoliigonRoofTilesTerracotta004.blend",
      "3d_coords": [
        1.152491569519043,
        1.617821216583252,
        2.0
      ],
      "rotation": 0.0,
      "pixel_coords": [
        91,
        40,
        10.447678565979004
      ]
    },
    {
      "shape": "Suzanne",
      "size": 2.0,
      "material": "data/materials/PoliigonMetalSpottyDiscoloration001.blend",
      "3d_coords": [
        -1.8166981935501099,
        -1.4331389665603638,
        2.0
      ],
      "rotation": 0.0,
      "pixel_coords": [
        34,
        38,
        10.723058700561523
      ]
    }
  ],
  "ground_material": "data/materials/PoliigonMetalSpottyDiscoloration001.blend",
  "Lamp_Key": [
    6.665172576904297,
    -2.7259278297424316,
    4.029223918914795
  ],
  "Lamp_Back": [
    -0.4779399633407593,
    2.4721519947052,
    6.523617267608643
  ],
  "Lamp_Fill": [
    -4.467920303344727,
    -3.1472513675689697,
    3.7964444160461426
  ],
  "Camera": [
    7.526677131652832,
    -6.3046650886535645,
    5.601463794708252
  ]
}