{
  "objects": [
    {
      "color": [
        1.0,
        1.0,
        0.0,
        1.0
      ],
      "pixel_coords": [
        44,
        59,
        8.682350158691406
      ],
      "material": "MyMetal",
      "3d_coords": [
        0.6581926345825195,
        -2.261780261993408,
        1.5
      ],
      "rotation": 0.0,
      "size": 1.5,
      "shape": "Sphere"
    },
    {
      "color": [
        0.0,
        1.0,
        1.0,
        1.0
      ],
      "pixel_coords": [
        61,
        33,
        11.535943984985352
      ],
      "material": "Rubber",
      "3d_coords": [
        -1.3626967668533325,
        0.8793649077415466,
        2.0
      ],
      "rotation": 0.0,
      "size": 2.0,
      "shape": "Sphere"
    }
  ],
  "Lamp_Key": [
    6.730067253112793,
    -2.5771324634552,
    5.093892574310303
  ],
  "Camera": [
    7.204287528991699,
    -6.400482177734375,
    5.630178451538086
  ],
  "Lamp_Back": [
    -1.7453075647354126,
    2.5193498134613037,
    6.78325891494751
  ],
  "image_filename": "000015233633617502",
  "Lamp_Fill": [
    -4.2255659103393555,
    -4.781588077545166,
    2.8910765647888184
  ]
}