{
  "image_filename": "000011080354492790",
  "objects": [
    {
      "shape": "Sphere",
      "size": 2.0,
      "material": "data/materials/PoliigonChainmailCopperRoundedThin001.blend",
      "3d_coords": [
        1.384135127067566,
        -0.029294224455952644,
        2.0
      ],
      "rotation": 0.0,
      "pixel_coords": [
        78,
        45,
        9.582825660705566
      ]
    },
    {
      "shape": "Cylinder",
      "size": 1.5,
      "material": "data/materials/PoliigonFabricFleece001.blend",
      "3d_coords": [
        -2.164363145828247,
        0.11364342272281647,
        1.5
      ],
      "rotation": 0.0,
      "pixel_coords": [
        48,
        40,
        12.149941444396973
      ]
    }
  ],
  "ground_material": "data/materials/PoliigonFabricDenim003.blend",
  "Lamp_Key": [
    6.947941780090332,
    -3.4987828731536865,
    4.948184967041016
  ],
  "Lamp_Back": [
    -0.464833527803421,
    3.351813554763794,
    5.425356388092041
  ],
  "Lamp_Fill": [
    -5.514758586883545,
    -3.9304959774017334,
    2.1056718826293945
  ],
  "Camera": [
    7.2182745933532715,
    -6.971340656280518,
    5.4778523445129395
  ]
}