{
  "image_filename": "000015346006500788",
  "objects": [
    {
      "shape": "Cube",
      "size": 2.0,
      "material": "data/materials/PoliigonRoofTilesTerracotta004.blend",
      "3d_coords": [
        -1.1669524908065796,
        -2.8098793029785156,
        2.0
      ],
      "rotation": 0.0,
      "pixel_coords": [
        21,
        46,
        9.234103202819824
      ]
    },
    {
      "shape": "NewellTeapot",
      "size": 2.0,
      "material": "data/materials/PoliigonFabricFleece001.blend",
      "3d_coords": [
        -1.0820298194885254,
        1.2397513389587402,
        2.0
      ],
      "rotation": 0.0,
      "pixel_coords": [
        66,
        33,
        11.594449996948242
      ]
    }
  ],
  "ground_material": "data/materials/PoliigonFabricFleece001.blend",
  "Lamp_Key": [
    6.855349063873291,
    -3.868008613586426,
    4.277780532836914
  ],
  "Lamp_Back": [
    -2.114841938018799,
    2.980567693710327,
    5.8397369384765625
  ],
  "Lamp_Fill": [
    -3.758782148361206,
    -4.502449035644531,
    2.053211212158203
  ],
  "Camera": [
    6.999668598175049,
    -6.665849208831787,
    5.627501964569092
  ]
}