{
  "image_filename": "000008969239446024",
  "objects": [
    {
      "shape": "SmoothCylinder",
      "rotation": 0.0,
      "color": [
        0.0,
        1.0,
        1.0,
        1.0
      ],
      "size": 2.0,
      "pixel_coords": [
        56,
        47,
        9.454952239990234
      ],
      "material": "MyMetal",
      "3d_coords": [
        0.6029630303382874,
        -1.1292401552200317,
        2.0
      ]
    },
    {
      "shape": "SmoothCylinder",
      "rotation": 0.0,
      "color": [
        1.0,
        0.0,
        0.0,
        1.0
      ],
      "size": 1.5,
      "pixel_coords": [
        74,
        36,
        13.006004333496094
      ],
      "material": "MyMetal",
      "3d_coords": [
        -1.483189582824707,
        2.3856618404388428,
        1.5
      ]
    }
  ],
  "Lamp_Key": [
    6.5825114250183105,
    -3.3716580867767334,
    5.09093713760376
  ],
  "Lamp_Back": [
    -1.0232924222946167,
    2.653374433517456,
    5.428248882293701
  ],
  "Camera": [
    7.843730926513672,
    -6.116015434265137,
    5.7013397216796875
  ],
  "Lamp_Fill": [
    -4.042850494384766,
    -3.9609057903289795,
    3.3808481693267822
  ]
}