{
  "Lamp_Key": [
    6.629275798797607,
    -3.219621181488037,
    5.116520404815674
  ],
  "Camera": [
    7.08754825592041,
    -6.169067859649658,
    5.4478020668029785
  ],
  "objects": [
    {
      "3d_coords": [
        0.5128030776977539,
        1.6127262115478516,
        1.5
      ],
      "pixel_coords": [
        84,
        43,
        10.690373420715332
      ],
      "material": "MyMetal",
      "shape": "SmoothCube_v2",
      "rotation": 0.0,
      "size": 1.5,
      "color": [
        0.0,
        1.0,
        0.0,
        1.0
      ]
    },
    {
      "3d_coords": [
        -2.451209306716919,
        0.4157589375972748,
        1.0
      ],
      "pixel_coords": [
        49,
        42,
        12.19546127319336
      ],
      "material": "Rubber",
      "shape": "SmoothCylinder",
      "rotation": 0.0,
      "size": 1.0,
      "color": [
        1.0,
        0.0,
        0.0,
        1.0
      ]
    }
  ],
  "Lamp_Fill": [
    -5.605173587799072,
    -4.204748153686523,
    2.3485405445098877
  ],
  "image_filename": "000001520628599262",
  "Lamp_Back": [
    -0.30215057730674744,
    1.9669181108474731,
    5.356683731079102
  ]
}