{
  "Lamp_Fill": [
    -4.1177568435668945,
    -3.028575897216797,
    3.866748809814453
  ],
  "objects": [
    {
      "shape": "Suzanne",
      "material": "MyMetal",
      "pixel_coords": [
        60,
        50,
        10.97407054901123
      ],
      "size": 1.0,
      "color": [
        0.0,
        1.0,
        1.0,
        1.0
      ],
      "rotation": 0.0,
      "3d_coords": [
        -0.5272247791290283,
        0.010989152826368809,
        1.0
      ]
    },
    {
      "shape": "SmoothCube_v2",
      "material": "Rubber",
      "pixel_coords": [
        25,
        59,
        9.711078643798828
      ],
      "size": 1.0,
      "color": [
        1.0,
        0.0,
        0.0,
        1.0
      ],
      "rotation": 0.0,
      "3d_coords": [
        -0.9376140236854553,
        -2.7094056606292725,
        1.0
      ]
    }
  ],
  "Camera": [
    7.364237308502197,
    -6.269265174865723,
    5.469106197357178
  ],
  "Lamp_Key": [
    7.142077445983887,
    -1.9914889335632324,
    3.3667664527893066
  ],
  "image_filename": "000001193200960265",
  "Lamp_Back": [
    -1.3405907154083252,
    3.471843957901001,
    5.17894983291626
  ]
}