{
  "image_filename": "000014189410967696",
  "Lamp_Key": [
    5.905608654022217,
    -3.333325147628784,
    4.292818069458008
  ],
  "Camera": [
    7.681702136993408,
    -6.452672004699707,
    4.893983840942383
  ],
  "objects": [
    {
      "shape": "Sphere",
      "material": "Rubber",
      "pixel_coords": [
        72,
        30,
        13.187522888183594
      ],
      "size": 2.0,
      "color": [
        0.0,
        1.0,
        0.0,
        1.0
      ],
      "rotation": 0.0,
      "3d_coords": [
        -2.000861167907715,
        2.6383230686187744,
        2.0
      ]
    },
    {
      "shape": "Sphere",
      "material": "MyMetal",
      "pixel_coords": [
        113,
        57,
        9.859458923339844
      ],
      "size": 1.0,
      "color": [
        1.0,
        0.0,
        1.0,
        1.0
      ],
      "rotation": 0.0,
      "3d_coords": [
        2.950326919555664,
        2.016993522644043,
        1.0
      ]
    }
  ],
  "Lamp_Back": [
    -1.3943543434143066,
    2.650714635848999,
    6.5683135986328125
  ],
  "Lamp_Fill": [
    -5.336338043212891,
    -4.566808700561523,
    3.4852328300476074
  ]
}