{
  "image_filename": "000001592172168783",
  "objects": [
    {
      "shape": "Icosahedron",
      "size": 2.0,
      "material": "data/materials/PoliigonMetalSpottyDiscoloration001.blend",
      "3d_coords": [
        2.4133851528167725,
        -1.49904465675354,
        2.0
      ],
      "rotation": 0.0,
      "pixel_coords": [
        72,
        56,
        7.913870811462402
      ]
    },
    {
      "shape": "Sphere",
      "size": 2.0,
      "material": "data/materials/PoliigonFabricDenim003.blend",
      "3d_coords": [
        2.5966827869415283,
        2.968851089477539,
        2.0
      ],
      "rotation": 0.0,
      "pixel_coords": [
        117,
        40,
        10.409744262695312
      ]
    }
  ],
  "ground_material": "data/materials/PoliigonBricksPaintedWhite001.blend",
  "Lamp_Key": [
    6.481229305267334,
    -1.9435404539108276,
    3.8409667015075684
  ],
  "Lamp_Back": [
    -1.0420805215835571,
    2.684969425201416,
    6.610403537750244
  ],
  "Lamp_Fill": [
    -4.3219804763793945,
    -3.102022647857666,
    2.8625786304473877
  ],
  "Camera": [
    7.501193523406982,
    -6.633929252624512,
    5.2886223793029785
  ]
}