{
  "image_filename": "000000330618914636",
  "objects": [
    {
      "shape": "NewellTeapot",
      "size": 1.0,
      "material": "data/materials/PoliigonBricksPaintedWhite001.blend",
      "3d_coords": [
        1.1743178367614746,
        1.76633620262146,
        1.0
      ],
      "rotation": 0.0,
      "pixel_coords": [
        90,
        52,
        11.337984085083008
      ]
    },
    {
      "shape": "Cone",
      "size": 1.0,
      "material": "data/materials/PoliigonBricksFlemishRed001.blend",
      "3d_coords": [
        0.9161670207977295,
        -2.7001280784606934,
        1.0
      ],
      "rotation": 0.0,
      "pixel_coords": [
        41,
        69,
        9.06131362915039
      ]
    }
  ],
  "ground_material": "data/materials/PoliigonBricksPaintedWhite001.blend",
  "Lamp_Key": [
    7.139545917510986,
    -2.357835292816162,
    4.0222930908203125
  ],
  "Lamp_Back": [
    -2.1632182598114014,
    2.025817632675171,
    5.5792131423950195
  ],
  "Lamp_Fill": [
    -4.28165864944458,
    -3.2905662059783936,
    2.934030532836914
  ],
  "Camera": [
    7.836015224456787,
    -6.39403772354126,
    5.7935471534729
  ]
}