{
  "image_filename": "000003327680567358",
  "objects": [
    {
      "shape": "Torus",
      "size": 1.0,
      "material": "data/materials/PoliigonWoodFlooring061.blend",
      "3d_coords": [
        0.9697729349136353,
        -1.807653784751892,
        1.0
      ],
      "rotation": 0.0,
      "pixel_coords": [
        53,
        65,
        8.808876991271973
      ]
    },
    {
      "shape": "Cube",
      "size": 1.0,
      "material": "data/materials/PoliigonBricksPaintedWhite001.blend",
      "3d_coords": [
        -2.5032241344451904,
        -1.527979850769043,
        1.0
      ],
      "rotation": 0.0,
      "pixel_coords": [
        29,
        48,
        11.25861644744873
      ]
    }
  ],
  "ground_material": "data/materials/PoliigonWoodFlooring061.blend",
  "Lamp_Key": [
    6.955392360687256,
    -3.758986473083496,
    4.783127784729004
  ],
  "Lamp_Back": [
    -1.422305703163147,
    2.584667921066284,
    6.151107311248779
  ],
  "Lamp_Fill": [
    -4.401708126068115,
    -4.216089248657227,
    2.443959951400757
  ],
  "Camera": [
    7.229274272918701,
    -6.360867500305176,
    5.265982151031494
  ]
}