{
  "image_filename": "000005705945337619",
  "objects": [
    {
      "shape": "Cone",
      "size": 1.5,
      "material": "data/materials/PoliigonBricksFlemishRed001.blend",
      "3d_coords": [
        2.5303866863250732,
        2.9058501720428467,
        1.5
      ],
      "rotation": 0.0,
      "pixel_coords": [
        115,
        46,
        10.633233070373535
      ]
    },
    {
      "shape": "Cylinder",
      "size": 2.0,
      "material": "data/materials/PoliigonChainmailCopperRoundedThin001.blend",
      "3d_coords": [
        -1.7158308029174805,
        -2.562971591949463,
        2.0
      ],
      "rotation": 0.0,
      "pixel_coords": [
        21,
        43,
        9.859098434448242
      ]
    }
  ],
  "ground_material": "data/materials/PoliigonMetalSpottyDiscoloration001.blend",
  "Lamp_Key": [
    6.311575889587402,
    -2.955827474594116,
    4.0157976150512695
  ],
  "Lamp_Back": [
    -0.38442084193229675,
    2.3676581382751465,
    5.346151828765869
  ],
  "Lamp_Fill": [
    -4.5713396072387695,
    -3.4999377727508545,
    2.1867311000823975
  ],
  "Camera": [
    7.102718830108643,
    -6.581707954406738,
    5.834819316864014
  ]
}