{
  "image_filename": "00000046",
  "objects": [
    {
      "shape": "square",
      "size": 0.425,
      "rotation": 0.0,
      "2d_coords": [
        0.3496713782953381,
        0.22415811194086432
      ],
      "color": [
        0,
        127,
        255
      ]
    },
    {
      "shape": "circle",
      "size": 0.125,
      "rotation": 0.0,
      "2d_coords": [
        0.7387435254184336,
        0.06951985148870593
      ],
      "color": [
        255,
        127,
        0
      ]
    }
  ]
}