{
  "image_filename": "000011563045178604",
  "objects": [
    {
      "shape": "Torus",
      "size": 1.5,
      "material": "data/materials/PoliigonFabricDenim003.blend",
      "3d_coords": [
        1.6485856771469116,
        -0.13462665677070618,
        1.5
      ],
      "rotation": 0.0,
      "pixel_coords": [
        79,
        53,
        8.873120307922363
      ]
    },
    {
      "shape": "Cylinder",
      "size": 2.0,
      "material": "data/materials/PoliigonMetalSpottyDiscoloration001.blend",
      "3d_coords": [
        -1.4088444709777832,
        -1.992135763168335,
        2.0
      ],
      "rotation": 0.0,
      "pixel_coords": [
        29,
        40,
        9.660992622375488
      ]
    }
  ],
  "ground_material": "data/materials/PoliigonBricksPaintedWhite001.blend",
  "Lamp_Key": [
    5.902126789093018,
    -3.0310606956481934,
    3.8190813064575195
  ],
  "Lamp_Back": [
    -1.9650875329971313,
    2.372720956802368,
    6.225437641143799
  ],
  "Lamp_Fill": [
    -4.168996810913086,
    -4.145051956176758,
    2.8662514686584473
  ],
  "Camera": [
    7.32352876663208,
    -6.178472995758057,
    4.883269786834717
  ]
}