{
  "image_filename": "000005152117056488",
  "objects": [
    {
      "shape": "Suzanne",
      "size": 1.5,
      "material": "data/materials/PoliigonBricksFlemishRed001.blend",
      "3d_coords": [
        -2.6334710121154785,
        -2.7503650188446045,
        1.5
      ],
      "rotation": 0.0,
      "pixel_coords": [
        14,
        45,
        10.722484588623047
      ]
    },
    {
      "shape": "Cone",
      "size": 2.0,
      "material": "data/materials/PoliigonRoofTilesTerracotta004.blend",
      "3d_coords": [
        -2.4044411182403564,
        0.7654644250869751,
        2.0
      ],
      "rotation": 0.0,
      "pixel_coords": [
        54,
        30,
        12.196540832519531
      ]
    }
  ],
  "ground_material": "data/materials/PoliigonChainmailCopperRoundedThin001.blend",
  "Lamp_Key": [
    5.655646324157715,
    -3.6179542541503906,
    4.762015342712402
  ],
  "Lamp_Back": [
    -0.18373622000217438,
    3.2665178775787354,
    5.950669765472412
  ],
  "Lamp_Fill": [
    -5.664601802825928,
    -4.31123161315918,
    3.133751392364502
  ],
  "Camera": [
    7.487418174743652,
    -6.012540340423584,
    5.790245532989502
  ]
}