{
  "Lamp_Fill": [
    -4.853238582611084,
    -3.1130268573760986,
    3.498361825942993
  ],
  "Lamp_Back": [
    -0.8611761927604675,
    3.5476529598236084,
    6.247038841247559
  ],
  "image_filename": "000006097751523584",
  "Lamp_Key": [
    6.800834655761719,
    -3.0399813652038574,
    5.120466709136963
  ],
  "objects": [
    {
      "material": "MyMetal",
      "rotation": 0.0,
      "3d_coords": [
        1.0422736406326294,
        2.797419786453247,
        1.5
      ],
      "color": [
        0.0,
        1.0,
        1.0,
        1.0
      ],
      "shape": "Sphere",
      "pixel_coords": [
        97,
        42,
        11.690577507019043
      ],
      "size": 1.5
    },
    {
      "material": "Rubber",
      "rotation": 0.0,
      "3d_coords": [
        -2.562849521636963,
        2.226926565170288,
        2.0
      ],
      "color": [
        1.0,
        0.0,
        0.0,
        1.0
      ],
      "shape": "Sphere",
      "pixel_coords": [
        62,
        30,
        13.458375930786133
      ],
      "size": 2.0
    }
  ],
  "Camera": [
    7.34997034072876,
    -6.966711044311523,
    5.044624328613281
  ]
}