{
  "image_filename": "000007592706036827",
  "objects": [
    {
      "size": 1.5,
      "color": [
        1.0,
        0.0,
        1.0,
        1.0
      ],
      "material": "Rubber",
      "3d_coords": [
        1.0313162803649902,
        -1.5937913656234741,
        1.5
      ],
      "rotation": 0.0,
      "shape": "SmoothCube_v2",
      "pixel_coords": [
        55,
        56,
        8.752561569213867
      ]
    },
    {
      "size": 2.0,
      "color": [
        1.0,
        0.0,
        1.0,
        1.0
      ],
      "material": "MyMetal",
      "3d_coords": [
        -2.3042542934417725,
        -1.6483861207962036,
        2.0
      ],
      "rotation": 0.0,
      "shape": "Sphere",
      "pixel_coords": [
        29,
        36,
        10.810186386108398
      ]
    }
  ],
  "Lamp_Back": [
    -1.8610063791275024,
    3.431591033935547,
    5.843350410461426
  ],
  "Lamp_Key": [
    5.702513217926025,
    -3.073974847793579,
    4.208267688751221
  ],
  "Camera": [
    7.657868385314941,
    -6.199738502502441,
    4.979191303253174
  ],
  "Lamp_Fill": [
    -4.597439765930176,
    -3.8267531394958496,
    3.366380453109741
  ]
}