{
  "image_filename": "000004043362752062",
  "objects": [
    {
      "shape": "Torus",
      "size": 2.0,
      "material": "data/materials/PoliigonWoodFlooring061.blend",
      "3d_coords": [
        1.9662911891937256,
        0.6359782218933105,
        2.0
      ],
      "rotation": 0.0,
      "pixel_coords": [
        92,
        44,
        9.036109924316406
      ]
    },
    {
      "shape": "Cube",
      "size": 1.5,
      "material": "data/materials/PoliigonBricksPaintedWhite001.blend",
      "3d_coords": [
        -2.367518663406372,
        0.9640601277351379,
        1.5
      ],
      "rotation": 0.0,
      "pixel_coords": [
        54,
        36,
        12.322665214538574
      ]
    }
  ],
  "ground_material": "data/materials/PoliigonFabricFleece001.blend",
  "Lamp_Key": [
    6.12442684173584,
    -2.3396894931793213,
    4.085744380950928
  ],
  "Lamp_Back": [
    -0.30991747975349426,
    2.6131348609924316,
    5.8651909828186035
  ],
  "Lamp_Fill": [
    -5.390322208404541,
    -3.0755066871643066,
    3.072293281555176
  ],
  "Camera": [
    7.176361560821533,
    -6.501753330230713,
    4.916040420532227
  ]
}