{
  "objects": [
    {
      "rotation": 0.0,
      "pixel_coords": [
        32,
        49,
        10.713203430175781
      ],
      "color": [
        1.0,
        0.0,
        1.0,
        1.0
      ],
      "shape": "Sphere",
      "material": "Rubber",
      "3d_coords": [
        -1.410766363143921,
        -2.048964262008667,
        1.5
      ],
      "size": 1.5
    },
    {
      "rotation": 0.0,
      "pixel_coords": [
        76,
        42,
        13.528421401977539
      ],
      "color": [
        0.0,
        0.0,
        1.0,
        1.0
      ],
      "shape": "Suzanne",
      "material": "Rubber",
      "3d_coords": [
        -1.1729596853256226,
        2.643118381500244,
        1.0
      ],
      "size": 1.0
    }
  ],
  "image_filename": "000010328701345193",
  "Lamp_Key": [
    6.603653430938721,
    -3.040891408920288,
    5.042799949645996
  ],
  "Lamp_Back": [
    -0.7158041596412659,
    2.425929546356201,
    6.8061933517456055
  ],
  "Lamp_Fill": [
    -5.302865028381348,
    -3.3343427181243896,
    2.843973398208618
  ],
  "Camera": [
    7.6236467361450195,
    -6.806906223297119,
    5.735527515411377
  ]
}