{
  "image_filename": "000006420073159777",
  "objects": [
    {
      "shape": "NewellTeapot",
      "size": 1.0,
      "material": "data/materials/PoliigonChainmailCopperRoundedThin001.blend",
      "3d_coords": [
        1.7795076370239258,
        -1.5481666326522827,
        1.0
      ],
      "rotation": 0.0,
      "pixel_coords": [
        63,
        69,
        8.601700782775879
      ]
    },
    {
      "shape": "Icosahedron",
      "size": 2.0,
      "material": "data/materials/PoliigonFabricFleece001.blend",
      "3d_coords": [
        -1.4629112482070923,
        -1.688618779182434,
        2.0
      ],
      "rotation": 0.0,
      "pixel_coords": [
        33,
        40,
        10.229966163635254
      ]
    }
  ],
  "ground_material": "data/materials/PoliigonWoodFlooring061.blend",
  "Lamp_Key": [
    5.651406288146973,
    -2.969996690750122,
    3.552915334701538
  ],
  "Lamp_Back": [
    -0.9856749176979065,
    3.0899465084075928,
    5.054444789886475
  ],
  "Lamp_Fill": [
    -5.379645824432373,
    -4.010985851287842,
    2.1928436756134033
  ],
  "Camera": [
    7.544416427612305,
    -6.1346235275268555,
    5.450194358825684
  ]
}