{
  "Lamp_Back": [
    -2.150300979614258,
    2.81897234916687,
    5.064298629760742
  ],
  "image_filename": "000001382761179917",
  "Lamp_Fill": [
    -5.109983921051025,
    -3.8110556602478027,
    3.995354413986206
  ],
  "objects": [
    {
      "color": [
        1.0,
        1.0,
        0.0,
        1.0
      ],
      "size": 1.0,
      "material": "MyMetal",
      "rotation": 0.0,
      "shape": "Suzanne",
      "3d_coords": [
        -0.2761300802230835,
        -2.3443470001220703,
        1.0
      ],
      "pixel_coords": [
        36,
        60,
        9.363451957702637
      ]
    },
    {
      "color": [
        1.0,
        0.0,
        1.0,
        1.0
      ],
      "size": 2.0,
      "material": "MyMetal",
      "rotation": 0.0,
      "shape": "SmoothCube_v2",
      "3d_coords": [
        -2.3519253730773926,
        2.5947628021240234,
        2.0
      ],
      "pixel_coords": [
        66,
        29,
        13.359030723571777
      ]
    }
  ],
  "Camera": [
    7.150163173675537,
    -6.951876640319824,
    4.857128143310547
  ],
  "Lamp_Key": [
    7.189374923706055,
    -2.838735580444336,
    3.785654067993164
  ]
}