{
  "image_filename": "00000073",
  "objects": [
    {
      "shape": "square",
      "size": 0.425,
      "rotation": 0.0,
      "2d_coords": [
        0.6556899718931037,
        0.26339428051045416
      ],
      "color": [
        0,
        127,
        255
      ]
    },
    {
      "shape": "square",
      "size": 0.125,
      "rotation": 0.0,
      "2d_coords": [
        0.8293509217098296,
        0.4471893231623697
      ],
      "color": [
        255,
        127,
        0
      ]
    }
  ]
}