{
  "Lamp_Back": [
    -0.6171796917915344,
    3.1775100231170654,
    5.189192295074463
  ],
  "image_filename": "000005203801352067",
  "objects": [
    {
      "size": 1.5,
      "material": "MyMetal",
      "pixel_coords": [
        60,
        57,
        8.667891502380371
      ],
      "color": [
        1.0,
        0.0,
        1.0,
        1.0
      ],
      "shape": "Sphere",
      "rotation": 0.0,
      "3d_coords": [
        1.298662781715393,
        -1.502213954925537,
        1.5
      ]
    },
    {
      "size": 2.0,
      "material": "Rubber",
      "pixel_coords": [
        78,
        31,
        12.348586082458496
      ],
      "color": [
        1.0,
        1.0,
        0.0,
        1.0
      ],
      "shape": "SmoothCube_v2",
      "rotation": 0.0,
      "3d_coords": [
        -0.9697021842002869,
        2.5259571075439453,
        2.0
      ]
    }
  ],
  "Lamp_Key": [
    5.865808486938477,
    -3.7576944828033447,
    5.218991279602051
  ],
  "Lamp_Fill": [
    -4.247204303741455,
    -4.696822166442871,
    3.3561792373657227
  ],
  "Camera": [
    7.235720634460449,
    -6.710569381713867,
    5.1035637855529785
  ]
}