{
  "image_filename": "000006225630437123",
  "objects": [
    {
      "shape": "Cone",
      "size": 1.0,
      "material": "data/materials/PoliigonChainmailCopperRoundedThin001.blend",
      "3d_coords": [
        -0.2994318902492523,
        1.9914547204971313,
        1.0
      ],
      "rotation": 0.0,
      "pixel_coords": [
        80,
        45,
        11.53097915649414
      ]
    },
    {
      "shape": "Sphere",
      "size": 1.0,
      "material": "data/materials/PoliigonRoofTilesTerracotta004.blend",
      "3d_coords": [
        2.5723018646240234,
        2.2064907550811768,
        1.0
      ],
      "rotation": 0.0,
      "pixel_coords": [
        112,
        55,
        9.711324691772461
      ]
    }
  ],
  "ground_material": "data/materials/PoliigonFabricFleece001.blend",
  "Lamp_Key": [
    5.742221355438232,
    -3.383354425430298,
    4.293238162994385
  ],
  "Lamp_Back": [
    -1.7867028713226318,
    3.58738374710083,
    6.343736171722412
  ],
  "Lamp_Fill": [
    -5.587399959564209,
    -3.7458629608154297,
    2.9948952198028564
  ],
  "Camera": [
    7.217229843139648,
    -6.029748916625977,
    5.055943965911865
  ]
}