{
  "Lamp_Fill": [
    -4.238068580627441,
    -3.34033465385437,
    2.0566787719726562
  ],
  "Lamp_Key": [
    5.998968601226807,
    -2.1203408241271973,
    4.113675594329834
  ],
  "objects": [
    {
      "material": "MyMetal",
      "rotation": 0.0,
      "color": [
        0.0,
        1.0,
        1.0,
        1.0
      ],
      "pixel_coords": [
        10,
        39,
        10.350311279296875
      ],
      "size": 2.0,
      "shape": "SmoothCube_v2",
      "3d_coords": [
        -2.8274850845336914,
        -2.7984063625335693,
        2.0
      ]
    },
    {
      "material": "Rubber",
      "rotation": 0.0,
      "color": [
        1.0,
        1.0,
        0.0,
        1.0
      ],
      "pixel_coords": [
        72,
        32,
        12.22679615020752
      ],
      "size": 2.0,
      "shape": "Suzanne",
      "3d_coords": [
        -1.1783580780029297,
        2.0407142639160156,
        2.0
      ]
    }
  ],
  "Camera": [
    7.193850517272949,
    -6.776858329772949,
    5.170712947845459
  ],
  "image_filename": "000003207156159852",
  "Lamp_Back": [
    -1.1268582344055176,
    3.2374393939971924,
    5.639998435974121
  ]
}