{
  "Camera": [
    7.157248020172119,
    -6.837882995605469,
    5.745841026306152
  ],
  "Lamp_Back": [
    -1.8325682878494263,
    3.2168986797332764,
    5.702714443206787
  ],
  "image_filename": "000010045090484529",
  "Lamp_Fill": [
    -3.8635501861572266,
    -4.314902305603027,
    3.2863292694091797
  ],
  "Lamp_Key": [
    5.70837926864624,
    -2.0348641872406006,
    3.8664047718048096
  ],
  "objects": [
    {
      "size": 1.5,
      "pixel_coords": [
        58,
        38,
        12.483909606933594
      ],
      "3d_coords": [
        -1.8522151708602905,
        1.059977412223816,
        1.5
      ],
      "color": [
        0.0,
        1.0,
        0.0,
        1.0
      ],
      "shape": "Suzanne",
      "material": "Rubber",
      "rotation": 0.0
    },
    {
      "size": 1.5,
      "pixel_coords": [
        99,
        48,
        10.47132396697998
      ],
      "3d_coords": [
        1.9880861043930054,
        1.710925817489624,
        1.5
      ],
      "color": [
        0.0,
        0.0,
        1.0,
        1.0
      ],
      "shape": "Suzanne",
      "material": "MyMetal",
      "rotation": 0.0
    }
  ]
}