{
  "image_filename": "00000097",
  "objects": [
    {
      "shape": "star_4",
      "size": 0.425,
      "rotation": 0.0,
      "2d_coords": [
        0.9245867685025561,
        0.377460297582474
      ],
      "color": [
        255,
        127,
        0
      ]
    },
    {
      "shape": "square",
      "size": 0.425,
      "rotation": 0.0,
      "2d_coords": [
        0.7591241758584887,
        0.5497646967202637
      ],
      "color": [
        0,
        127,
        255
      ]
    }
  ]
}