{
  "Camera": [
    7.406041145324707,
    -6.602940082550049,
    5.782281875610352
  ],
  "image_filename": "000012891404805355",
  "Lamp_Fill": [
    -5.552273750305176,
    -3.393425464630127,
    3.308314800262451
  ],
  "objects": [
    {
      "pixel_coords": [
        74,
        38,
        10.953027725219727
      ],
      "material": "Rubber",
      "3d_coords": [
        0.1098531037569046,
        0.9510970711708069,
        2.0
      ],
      "color": [
        1.0,
        0.0,
        0.0,
        1.0
      ],
      "rotation": 0.0,
      "size": 2.0,
      "shape": "Sphere"
    },
    {
      "pixel_coords": [
        45,
        63,
        8.5945405960083
      ],
      "material": "MyMetal",
      "3d_coords": [
        1.075585126876831,
        -2.505520820617676,
        1.5
      ],
      "color": [
        1.0,
        1.0,
        0.0,
        1.0
      ],
      "rotation": 0.0,
      "size": 1.5,
      "shape": "Suzanne"
    }
  ],
  "Lamp_Key": [
    7.366915225982666,
    -2.502260446548462,
    3.921781539916992
  ],
  "Lamp_Back": [
    -0.7525153756141663,
    1.809605598449707,
    5.554830074310303
  ]
}