{
  "objects": [
    {
      "color": [
        1.0,
        0.0,
        0.0,
        1.0
      ],
      "rotation": 0.0,
      "shape": "Suzanne",
      "size": 1.5,
      "pixel_coords": [
        43,
        53,
        10.26060676574707
      ],
      "3d_coords": [
        -0.23557500541210175,
        -1.8398255109786987,
        1.5
      ],
      "material": "Rubber"
    },
    {
      "color": [
        1.0,
        0.0,
        0.0,
        1.0
      ],
      "rotation": 0.0,
      "shape": "SmoothCylinder",
      "size": 2.0,
      "pixel_coords": [
        67,
        32,
        13.441699028015137
      ],
      "3d_coords": [
        -1.9415936470031738,
        2.09169864654541,
        2.0
      ],
      "material": "MyMetal"
    }
  ],
  "Lamp_Back": [
    -1.8070886135101318,
    3.2452385425567627,
    6.066793918609619
  ],
  "Lamp_Key": [
    5.718073844909668,
    -2.5766513347625732,
    4.022435665130615
  ],
  "image_filename": "000010517662925326",
  "Lamp_Fill": [
    -3.8944857120513916,
    -3.1723549365997314,
    3.4532909393310547
  ],
  "Camera": [
    7.865047931671143,
    -6.917098522186279,
    5.615260124206543
  ]
}