{
  "Lamp_Fill": [
    -3.791201591491699,
    -3.3750345706939697,
    3.530701160430908
  ],
  "image_filename": "000004595516293209",
  "Lamp_Back": [
    -0.2167864590883255,
    2.4650039672851562,
    5.417935371398926
  ],
  "Lamp_Key": [
    7.182712078094482,
    -2.6779942512512207,
    3.8173294067382812
  ],
  "objects": [
    {
      "color": [
        0.0,
        1.0,
        1.0,
        1.0
      ],
      "material": "MyMetal",
      "shape": "Suzanne",
      "pixel_coords": [
        79,
        41,
        12.948797225952148
      ],
      "rotation": 0.0,
      "size": 1.0,
      "3d_coords": [
        -1.2113112211227417,
        2.7762863636016846,
        1.0
      ]
    },
    {
      "color": [
        1.0,
        0.0,
        0.0,
        1.0
      ],
      "material": "Rubber",
      "shape": "SmoothCube_v2",
      "pixel_coords": [
        30,
        49,
        11.144150733947754
      ],
      "rotation": 0.0,
      "size": 1.0,
      "3d_coords": [
        -2.2087230682373047,
        -1.716450810432434,
        1.0
      ]
    }
  ],
  "Camera": [
    7.617160797119141,
    -6.1242899894714355,
    5.126518726348877
  ]
}