{
  "image_filename": "000003308523708095",
  "objects": [
    {
      "shape": "Sphere",
      "size": 1.0,
      "material": "data/materials/PoliigonFabricDenim003.blend",
      "3d_coords": [
        0.8175058960914612,
        2.29329252243042,
        1.0
      ],
      "rotation": 0.0,
      "pixel_coords": [
        93,
        48,
        11.044544219970703
      ]
    },
    {
      "shape": "Sphere",
      "size": 1.0,
      "material": "data/materials/PoliigonFabricDenim003.blend",
      "3d_coords": [
        -1.2514818906784058,
        2.5018911361694336,
        1.0
      ],
      "rotation": 0.0,
      "pixel_coords": [
        76,
        40,
        12.537494659423828
      ]
    }
  ],
  "ground_material": "data/materials/PoliigonWoodFlooring061.blend",
  "Lamp_Key": [
    7.032372951507568,
    -3.836428642272949,
    4.72857141494751
  ],
  "Lamp_Back": [
    -1.1433935165405273,
    3.161930799484253,
    5.323720932006836
  ],
  "Lamp_Fill": [
    -5.105442047119141,
    -4.5818986892700195,
    2.0693979263305664
  ],
  "Camera": [
    7.1482648849487305,
    -6.1364030838012695,
    5.206223487854004
  ]
}