{
  "Lamp_Fill": [
    -5.189189910888672,
    -3.7130749225616455,
    2.855297327041626
  ],
  "objects": [
    {
      "rotation": 0.0,
      "shape": "Sphere",
      "color": [
        0.0,
        1.0,
        0.0,
        1.0
      ],
      "3d_coords": [
        0.45614171028137207,
        0.08574928343296051,
        1.5
      ],
      "material": "Rubber",
      "size": 1.5,
      "pixel_coords": [
        69,
        48,
        9.981842041015625
      ]
    },
    {
      "rotation": 0.0,
      "shape": "Suzanne",
      "color": [
        0.0,
        1.0,
        1.0,
        1.0
      ],
      "3d_coords": [
        -2.7215499877929688,
        -2.0425639152526855,
        1.0
      ],
      "material": "MyMetal",
      "size": 1.0,
      "pixel_coords": [
        22,
        48,
        11.135217666625977
      ]
    }
  ],
  "Lamp_Back": [
    -0.7831842303276062,
    2.519253730773926,
    5.40813684463501
  ],
  "Lamp_Key": [
    7.331742286682129,
    -3.1365549564361572,
    4.595860004425049
  ],
  "Camera": [
    7.241278648376465,
    -6.153180122375488,
    5.516082286834717
  ],
  "image_filename": "000010890823132614"
}