{
  "image_filename": "00000066",
  "objects": [
    {
      "shape": "square",
      "size": 0.425,
      "rotation": 0.0,
      "2d_coords": [
        0.40604943517218706,
        0.6244931399824651
      ],
      "color": [
        0,
        127,
        255
      ]
    },
    {
      "shape": "square",
      "size": 0.225,
      "rotation": 0.0,
      "2d_coords": [
        0.46809463883595,
        0.19294943889272165
      ],
      "color": [
        0,
        127,
        255
      ]
    }
  ]
}