{
  "image_filename": "00000023",
  "objects": [
    {
      "shape": "star_4",
      "size": 0.225,
      "rotation": 0.0,
      "2d_coords": [
        0.17023247728510793,
        0.7969970442857802
      ],
      "color": [
        255,
        127,
        0
      ]
    },
    {
      "shape": "star_4",
      "size": 0.125,
      "rotation": 0.0,
      "2d_coords": [
        0.9256275401208174,
        0.9147511922567002
      ],
      "color": [
        255,
        127,
        0
      ]
    }
  ]
}