{
  "image_filename": "000010908620792341",
  "Lamp_Fill": [
    -3.841512441635132,
    -4.012711524963379,
    2.9128551483154297
  ],
  "Lamp_Back": [
    -0.19217094779014587,
    2.003051280975342,
    6.810391902923584
  ],
  "objects": [
    {
      "material": "MyMetal",
      "size": 1.0,
      "shape": "Suzanne",
      "rotation": 0.0,
      "color": [
        1.0,
        0.0,
        0.0,
        1.0
      ],
      "3d_coords": [
        -0.5678130388259888,
        -0.839552104473114,
        1.0
      ],
      "pixel_coords": [
        51,
        53,
        10.626888275146484
      ]
    },
    {
      "material": "MyMetal",
      "size": 1.0,
      "shape": "Sphere",
      "rotation": 0.0,
      "color": [
        1.0,
        1.0,
        0.0,
        1.0
      ],
      "3d_coords": [
        2.5226922035217285,
        -0.13787218928337097,
        1.0
      ],
      "pixel_coords": [
        89,
        63,
        8.97166633605957
      ]
    }
  ],
  "Camera": [
    7.511784076690674,
    -6.702085494995117,
    4.872739791870117
  ],
  "Lamp_Key": [
    5.484188556671143,
    -2.894338846206665,
    4.822554111480713
  ]
}