{
  "Lamp_Fill": [
    -4.200392246246338,
    -3.27164626121521,
    2.1279306411743164
  ],
  "Lamp_Key": [
    7.087064266204834,
    -3.8565027713775635,
    4.000192165374756
  ],
  "objects": [
    {
      "3d_coords": [
        2.4847605228424072,
        0.14723825454711914,
        1.0
      ],
      "material": "Rubber",
      "rotation": 0.0,
      "size": 1.0,
      "pixel_coords": [
        91,
        63,
        8.920215606689453
      ],
      "shape": "SmoothCylinder",
      "color": [
        0.0,
        1.0,
        0.0,
        1.0
      ]
    },
    {
      "3d_coords": [
        -0.9478776454925537,
        -1.2302645444869995,
        1.0
      ],
      "material": "Rubber",
      "rotation": 0.0,
      "size": 1.0,
      "pixel_coords": [
        43,
        53,
        10.424050331115723
      ],
      "shape": "Suzanne",
      "color": [
        1.0,
        1.0,
        0.0,
        1.0
      ]
    }
  ],
  "Camera": [
    7.336146354675293,
    -6.306493759155273,
    5.169294357299805
  ],
  "image_filename": "000006727156013069",
  "Lamp_Back": [
    -1.7750310897827148,
    1.696426510810852,
    5.514806270599365
  ]
}