{
  "image_filename": "000006011006213164",
  "objects": [
    {
      "shape": "Icosahedron",
      "size": 1.0,
      "material": "data/materials/PoliigonFabricDenim003.blend",
      "3d_coords": [
        -2.8367626667022705,
        2.9978723526000977,
        1.0
      ],
      "rotation": 0.0,
      "pixel_coords": [
        67,
        36,
        14.429241180419922
      ]
    },
    {
      "shape": "Icosahedron",
      "size": 2.0,
      "material": "data/materials/PoliigonFabricDenim003.blend",
      "3d_coords": [
        2.9794204235076904,
        -1.4359183311462402,
        2.0
      ],
      "rotation": 0.0,
      "pixel_coords": [
        81,
        62,
        7.624182224273682
      ]
    }
  ],
  "ground_material": "data/materials/PoliigonRoofTilesTerracotta004.blend",
  "Lamp_Key": [
    7.276285171508789,
    -2.8903002738952637,
    4.197790622711182
  ],
  "Lamp_Back": [
    -1.11042320728302,
    1.830324411392212,
    6.733909606933594
  ],
  "Lamp_Fill": [
    -5.379890441894531,
    -3.7815964221954346,
    2.220595121383667
  ],
  "Camera": [
    7.311746120452881,
    -6.577545166015625,
    5.7143683433532715
  ]
}