{
  "objects": [
    {
      "size": 1.5,
      "material": "MyMetal",
      "pixel_coords": [
        63,
        35,
        14.026153564453125
      ],
      "3d_coords": [
        -2.698171854019165,
        2.297264575958252,
        1.5
      ],
      "color": [
        0.0,
        1.0,
        0.0,
        1.0
      ],
      "shape": "Sphere",
      "rotation": 0.0
    },
    {
      "size": 1.0,
      "material": "Rubber",
      "pixel_coords": [
        81,
        58,
        10.218420028686523
      ],
      "3d_coords": [
        1.543110728263855,
        0.24424484372138977,
        1.0
      ],
      "color": [
        1.0,
        0.0,
        0.0,
        1.0
      ],
      "shape": "SmoothCube_v2",
      "rotation": 0.0
    }
  ],
  "Lamp_Key": [
    5.958686351776123,
    -2.491464853286743,
    4.473187446594238
  ],
  "Lamp_Fill": [
    -4.046072959899902,
    -4.01318359375,
    2.508819341659546
  ],
  "Lamp_Back": [
    -0.5910726189613342,
    3.3672266006469727,
    5.3074727058410645
  ],
  "image_filename": "000010550248658744",
  "Camera": [
    7.582499027252197,
    -6.985304355621338,
    5.169840335845947
  ]
}