{
  "image_filename": "00000046",
  "objects": [
    {
      "shape": "triangle",
      "size": 0.425,
      "rotation": 0.0,
      "2d_coords": [
        0.157798138852907,
        0.8586274009972872
      ],
      "color": [
        255,
        127,
        0
      ]
    },
    {
      "shape": "square",
      "size": 0.225,
      "rotation": 0.0,
      "2d_coords": [
        0.4616256956297228,
        0.823850066749835
      ],
      "color": [
        0,
        255,
        0
      ]
    }
  ]
}