{
  "image_filename": "000004304795591771",
  "Lamp_Key": [
    5.917940139770508,
    -3.3792238235473633,
    3.3395187854766846
  ],
  "objects": [
    {
      "color": [
        1.0,
        0.0,
        1.0,
        1.0
      ],
      "rotation": 0.0,
      "shape": "Sphere",
      "material": "MyMetal",
      "size": 1.0,
      "pixel_coords": [
        86,
        48,
        11.287064552307129
      ],
      "3d_coords": [
        0.6773442625999451,
        1.849388599395752,
        1.0
      ]
    },
    {
      "color": [
        0.0,
        0.0,
        1.0,
        1.0
      ],
      "rotation": 0.0,
      "shape": "SmoothCube_v2",
      "material": "MyMetal",
      "size": 1.0,
      "pixel_coords": [
        12,
        51,
        10.804839134216309
      ],
      "3d_coords": [
        -2.973210334777832,
        -2.7403769493103027,
        1.0
      ]
    }
  ],
  "Camera": [
    7.0135884284973145,
    -6.741098880767822,
    5.275959491729736
  ],
  "Lamp_Back": [
    -0.23369674384593964,
    1.7290443181991577,
    5.241424560546875
  ],
  "Lamp_Fill": [
    -4.90186071395874,
    -3.3862953186035156,
    3.022576093673706
  ]
}