{
  "image_filename": "000002269923849260",
  "objects": [
    {
      "shape": "Icosahedron",
      "size": 1.0,
      "material": "data/materials/PoliigonFabricFleece001.blend",
      "3d_coords": [
        -2.162630081176758,
        1.2532553672790527,
        1.0
      ],
      "rotation": 0.0,
      "pixel_coords": [
        59,
        41,
        12.767016410827637
      ]
    },
    {
      "shape": "Cone",
      "size": 1.5,
      "material": "data/materials/PoliigonBricksFlemishRed001.blend",
      "3d_coords": [
        0.9611431956291199,
        -1.3198059797286987,
        1.5
      ],
      "rotation": 0.0,
      "pixel_coords": [
        58,
        56,
        9.014656066894531
      ]
    }
  ],
  "ground_material": "data/materials/PoliigonWoodFlooring061.blend",
  "Lamp_Key": [
    6.933394432067871,
    -3.265300989151001,
    4.770746231079102
  ],
  "Lamp_Back": [
    -0.3428190052509308,
    3.0607848167419434,
    5.877213001251221
  ],
  "Lamp_Fill": [
    -5.22028112411499,
    -3.7332658767700195,
    2.5481231212615967
  ],
  "Camera": [
    7.258134841918945,
    -6.356389999389648,
    5.57745361328125
  ]
}