{
  "Camera": [
    7.7908711433410645,
    -7.007387161254883,
    4.887027263641357
  ],
  "objects": [
    {
      "shape": "Sphere",
      "pixel_coords": [
        52,
        32,
        13.274487495422363
      ],
      "material": "MyMetal",
      "3d_coords": [
        -2.856778621673584,
        1.0439245700836182,
        2.0
      ],
      "size": 2.0,
      "color": [
        0.0,
        1.0,
        0.0,
        1.0
      ],
      "rotation": 0.0
    },
    {
      "shape": "Sphere",
      "pixel_coords": [
        82,
        42,
        12.039502143859863
      ],
      "material": "MyMetal",
      "3d_coords": [
        0.13894449174404144,
        1.9881633520126343,
        1.5
      ],
      "size": 1.5,
      "color": [
        0.0,
        1.0,
        0.0,
        1.0
      ],
      "rotation": 0.0
    }
  ],
  "image_filename": "000015009196550303",
  "Lamp_Fill": [
    -5.0103960037231445,
    -4.7626953125,
    2.559429407119751
  ],
  "Lamp_Key": [
    6.110942363739014,
    -2.1331467628479004,
    4.69476318359375
  ],
  "Lamp_Back": [
    -1.105676531791687,
    1.8416897058486938,
    6.449821949005127
  ]
}