{
  "image_filename": "000002346484730765",
  "Camera": [
    7.797323703765869,
    -6.996500015258789,
    5.744442939758301
  ],
  "Lamp_Key": [
    5.941865921020508,
    -3.70516037940979,
    4.24760627746582
  ],
  "objects": [
    {
      "size": 2.0,
      "color": [
        1.0,
        1.0,
        0.0,
        1.0
      ],
      "3d_coords": [
        2.969383955001831,
        1.9512537717819214,
        2.0
      ],
      "rotation": 0.0,
      "material": "MyMetal",
      "shape": "Sphere",
      "pixel_coords": [
        111,
        46,
        10.190878868103027
      ]
    },
    {
      "size": 2.0,
      "color": [
        0.0,
        0.0,
        1.0,
        1.0
      ],
      "3d_coords": [
        -1.7014684677124023,
        -1.1579546928405762,
        2.0
      ],
      "rotation": 0.0,
      "material": "Rubber",
      "shape": "SmoothCylinder",
      "pixel_coords": [
        40,
        40,
        11.418441772460938
      ]
    }
  ],
  "Lamp_Back": [
    -0.3234163522720337,
    2.065810203552246,
    6.450353622436523
  ],
  "Lamp_Fill": [
    -5.647124290466309,
    -3.2788655757904053,
    3.421752452850342
  ]
}