{
  "image_filename": "000003254564406054",
  "objects": [
    {
      "shape": "Icosahedron",
      "size": 1.0,
      "material": "data/materials/PoliigonFabricDenim003.blend",
      "3d_coords": [
        0.25047653913497925,
        2.991847276687622,
        1.0
      ],
      "rotation": 0.0,
      "pixel_coords": [
        90,
        44,
        12.634391784667969
      ]
    },
    {
      "shape": "Torus",
      "size": 1.5,
      "material": "data/materials/PoliigonFabricFleece001.blend",
      "3d_coords": [
        -2.3795101642608643,
        -1.7466312646865845,
        1.5
      ],
      "rotation": 0.0,
      "pixel_coords": [
        28,
        44,
        11.223456382751465
      ]
    }
  ],
  "ground_material": "data/materials/PoliigonBricksPaintedWhite001.blend",
  "Lamp_Key": [
    6.836222171783447,
    -2.5296473503112793,
    3.522141933441162
  ],
  "Lamp_Back": [
    -1.775755763053894,
    3.6372616291046143,
    6.680338382720947
  ],
  "Lamp_Fill": [
    -4.593107223510742,
    -4.250754356384277,
    2.8604345321655273
  ],
  "Camera": [
    7.347312927246094,
    -6.917536735534668,
    5.439731597900391
  ]
}