{
  "image_filename": "000000247421690943",
  "objects": [
    {
      "shape": "Cone",
      "size": 1.0,
      "material": "data/materials/PoliigonBricksPaintedWhite001.blend",
      "3d_coords": [
        2.268862009048462,
        -0.08437152951955795,
        1.0
      ],
      "rotation": 0.0,
      "pixel_coords": [
        87,
        63,
        9.054319381713867
      ]
    },
    {
      "shape": "Cone",
      "size": 1.0,
      "material": "data/materials/PoliigonFabricDenim003.blend",
      "3d_coords": [
        -2.2082571983337402,
        2.041323661804199,
        1.0
      ],
      "rotation": 0.0,
      "pixel_coords": [
        64,
        40,
        13.201154708862305
      ]
    }
  ],
  "ground_material": "data/materials/PoliigonRoofTilesTerracotta004.blend",
  "Lamp_Key": [
    7.182538032531738,
    -3.694606065750122,
    4.424554824829102
  ],
  "Lamp_Back": [
    -1.4924232959747314,
    2.3279600143432617,
    5.220096588134766
  ],
  "Lamp_Fill": [
    -4.9339776039123535,
    -4.453587532043457,
    3.158362865447998
  ],
  "Camera": [
    7.04926872253418,
    -6.671329021453857,
    5.2414631843566895
  ]
}