{
  "Camera": [
    7.4033966064453125,
    -6.536546230316162,
    5.444650173187256
  ],
  "Lamp_Key": [
    5.622444152832031,
    -3.71164608001709,
    4.003262519836426
  ],
  "image_filename": "000002979521042789",
  "Lamp_Fill": [
    -5.058455944061279,
    -3.966791868209839,
    2.662444591522217
  ],
  "objects": [
    {
      "3d_coords": [
        0.1226421371102333,
        -0.8899146318435669,
        1.0
      ],
      "size": 1.0,
      "color": [
        0.0,
        1.0,
        0.0,
        1.0
      ],
      "material": "Rubber",
      "pixel_coords": [
        56,
        56,
        10.198344230651855
      ],
      "shape": "Suzanne",
      "rotation": 0.0
    },
    {
      "3d_coords": [
        2.2800073623657227,
        2.7772583961486816,
        1.0
      ],
      "size": 1.0,
      "color": [
        0.0,
        0.0,
        1.0,
        1.0
      ],
      "material": "MyMetal",
      "pixel_coords": [
        110,
        52,
        10.90761947631836
      ],
      "shape": "Sphere",
      "rotation": 0.0
    }
  ],
  "Lamp_Back": [
    -2.0164785385131836,
    2.306222677230835,
    5.034627914428711
  ]
}