{
  "objects": [
    {
      "shape": "SmoothCylinder",
      "size": 2.0,
      "rotation": 0.0,
      "3d_coords": [
        2.6771080493927,
        -1.84064519405365,
        2.0
      ],
      "material": "MyMetal",
      "pixel_coords": [
        73,
        61,
        7.39348030090332
      ],
      "color": [
        1.0,
        0.0,
        0.0,
        1.0
      ]
    },
    {
      "shape": "SmoothCylinder",
      "size": 1.0,
      "rotation": 0.0,
      "3d_coords": [
        -2.1122028827667236,
        -1.7957450151443481,
        1.0
      ],
      "material": "Rubber",
      "pixel_coords": [
        29,
        51,
        10.990392684936523
      ],
      "color": [
        0.0,
        1.0,
        0.0,
        1.0
      ]
    }
  ],
  "Camera": [
    7.193634033203125,
    -6.5889387130737305,
    5.457174301147461
  ],
  "Lamp_Key": [
    5.842228412628174,
    -3.4735915660858154,
    4.697696685791016
  ],
  "Lamp_Fill": [
    -4.02079963684082,
    -4.31584358215332,
    2.9627792835235596
  ],
  "Lamp_Back": [
    -0.2417338341474533,
    1.9467449188232422,
    6.211159706115723
  ],
  "image_filename": "000015930573498468"
}