{
  "image_filename": "000012357429554422",
  "objects": [
    {
      "shape": "Torus",
      "size": 2.0,
      "material": "data/materials/PoliigonWoodFlooring061.blend",
      "3d_coords": [
        -1.5390937328338623,
        -2.296234130859375,
        2.0
      ],
      "rotation": 0.0,
      "pixel_coords": [
        25,
        42,
        9.853425025939941
      ]
    },
    {
      "shape": "Suzanne",
      "size": 1.5,
      "material": "data/materials/PoliigonFabricFleece001.blend",
      "3d_coords": [
        2.338893413543701,
        2.6694371700286865,
        1.5
      ],
      "rotation": 0.0,
      "pixel_coords": [
        111,
        46,
        10.64501953125
      ]
    }
  ],
  "ground_material": "data/materials/PoliigonBricksFlemishRed001.blend",
  "Lamp_Key": [
    6.970958709716797,
    -3.264350175857544,
    4.708651065826416
  ],
  "Lamp_Back": [
    -1.446900486946106,
    3.3560097217559814,
    6.618657112121582
  ],
  "Lamp_Fill": [
    -3.9307689666748047,
    -3.654374122619629,
    3.8006553649902344
  ],
  "Camera": [
    7.150944709777832,
    -6.841254711151123,
    5.272373676300049
  ]
}