{
  "Lamp_Key": [
    5.795604228973389,
    -1.9438021183013916,
    3.6534948348999023
  ],
  "Lamp_Fill": [
    -4.326859951019287,
    -3.8718128204345703,
    3.0370235443115234
  ],
  "Camera": [
    7.931888580322266,
    -6.8651957511901855,
    5.131518840789795
  ],
  "image_filename": "000010270750515764",
  "objects": [
    {
      "3d_coords": [
        0.9633309841156006,
        1.5829415321350098,
        1.0
      ],
      "material": "MyMetal",
      "shape": "SmoothCylinder",
      "size": 1.0,
      "pixel_coords": [
        86,
        51,
        11.51495361328125
      ],
      "color": [
        0.0,
        0.0,
        1.0,
        1.0
      ],
      "rotation": 0.0
    },
    {
      "3d_coords": [
        -1.8466979265213013,
        -1.320061206817627,
        1.0
      ],
      "material": "Rubber",
      "shape": "SmoothCylinder",
      "size": 1.0,
      "pixel_coords": [
        38,
        50,
        11.716968536376953
      ],
      "color": [
        1.0,
        0.0,
        1.0,
        1.0
      ],
      "rotation": 0.0
    }
  ],
  "Lamp_Back": [
    -1.668971061706543,
    3.4139702320098877,
    6.168844699859619
  ]
}