{
  "image_filename": "000011716924579044",
  "objects": [
    {
      "shape": "Sphere",
      "size": 1.5,
      "material": "data/materials/PoliigonWoodFlooring061.blend",
      "3d_coords": [
        2.329359531402588,
        -0.8304973244667053,
        1.5
      ],
      "rotation": 0.0,
      "pixel_coords": [
        80,
        62,
        8.682255744934082
      ]
    },
    {
      "shape": "Torus",
      "size": 2.0,
      "material": "data/materials/PoliigonBricksFlemishRed001.blend",
      "3d_coords": [
        -2.821676015853882,
        -1.673661470413208,
        2.0
      ],
      "rotation": 0.0,
      "pixel_coords": [
        24,
        37,
        11.102496147155762
      ]
    }
  ],
  "ground_material": "data/materials/PoliigonBricksPaintedWhite001.blend",
  "Lamp_Key": [
    6.650722980499268,
    -3.39626145362854,
    5.129387855529785
  ],
  "Lamp_Back": [
    -1.9469282627105713,
    3.5192205905914307,
    6.73681640625
  ],
  "Lamp_Fill": [
    -5.548011302947998,
    -4.954153060913086,
    2.749032497406006
  ],
  "Camera": [
    7.027791976928711,
    -6.801657676696777,
    5.826320171356201
  ]
}