{
  "image_filename": "000001079924294153",
  "objects": [
    {
      "shape": "Cylinder",
      "size": 2.0,
      "material": "data/materials/PoliigonChainmailCopperRoundedThin001.blend",
      "3d_coords": [
        1.164939284324646,
        2.4632389545440674,
        2.0
      ],
      "rotation": 0.0,
      "pixel_coords": [
        98,
        37,
        10.809343338012695
      ]
    },
    {
      "shape": "Torus",
      "size": 1.5,
      "material": "data/materials/PoliigonWoodFlooring061.blend",
      "3d_coords": [
        0.8919499516487122,
        -2.735732316970825,
        1.5
      ],
      "rotation": 0.0,
      "pixel_coords": [
        38,
        61,
        8.351744651794434
      ]
    }
  ],
  "ground_material": "data/materials/PoliigonBricksFlemishRed001.blend",
  "Lamp_Key": [
    6.9323859214782715,
    -3.4330928325653076,
    5.230523586273193
  ],
  "Lamp_Back": [
    -2.029958724975586,
    2.5081863403320312,
    6.146586894989014
  ],
  "Lamp_Fill": [
    -4.0568437576293945,
    -4.818896770477295,
    3.6169450283050537
  ],
  "Camera": [
    7.621275901794434,
    -6.2067131996154785,
    5.356553077697754
  ]
}