{
  "Lamp_Back": [
    -1.276124119758606,
    2.8435323238372803,
    6.2263875007629395
  ],
  "objects": [
    {
      "size": 1.0,
      "shape": "SmoothCube_v2",
      "material": "Rubber",
      "rotation": 0.0,
      "3d_coords": [
        2.8690967559814453,
        -1.6331132650375366,
        1.0
      ],
      "pixel_coords": [
        74,
        75,
        8.565895080566406
      ],
      "color": [
        1.0,
        0.0,
        0.0,
        1.0
      ]
    },
    {
      "size": 2.0,
      "shape": "SmoothCylinder",
      "material": "MyMetal",
      "rotation": 0.0,
      "3d_coords": [
        -0.4863487780094147,
        1.1887062788009644,
        2.0
      ],
      "pixel_coords": [
        71,
        37,
        11.914769172668457
      ],
      "color": [
        0.0,
        0.0,
        1.0,
        1.0
      ]
    }
  ],
  "Lamp_Fill": [
    -3.671325922012329,
    -3.2753701210021973,
    3.286968469619751
  ],
  "Camera": [
    7.915350914001465,
    -6.7385149002075195,
    5.765785217285156
  ],
  "Lamp_Key": [
    6.71573543548584,
    -2.9954071044921875,
    4.929686546325684
  ],
  "image_filename": "000004301711292234"
}