{
  "Lamp_Fill": [
    -3.8955063819885254,
    -4.379088878631592,
    2.6488265991210938
  ],
  "Lamp_Back": [
    -0.3337351381778717,
    2.410632848739624,
    6.627915382385254
  ],
  "image_filename": "000010656252563065",
  "Camera": [
    7.090616226196289,
    -6.1775593757629395,
    4.936546325683594
  ],
  "objects": [
    {
      "rotation": 0.0,
      "color": [
        0.0,
        1.0,
        1.0,
        1.0
      ],
      "pixel_coords": [
        24,
        43,
        10.376004219055176
      ],
      "3d_coords": [
        -2.3162593841552734,
        -1.881400227546692,
        1.5
      ],
      "material": "MyMetal",
      "shape": "SmoothCube_v2",
      "size": 1.5
    },
    {
      "rotation": 0.0,
      "color": [
        1.0,
        0.0,
        1.0,
        1.0
      ],
      "pixel_coords": [
        93,
        50,
        9.131089210510254
      ],
      "3d_coords": [
        1.9193845987319946,
        0.8398855328559875,
        1.5
      ],
      "material": "MyMetal",
      "shape": "SmoothCylinder",
      "size": 1.5
    }
  ],
  "Lamp_Key": [
    7.046905040740967,
    -3.6086528301239014,
    3.6103787422180176
  ]
}