{
  "image_filename": "000002424335176732",
  "Lamp_Back": [
    -1.2552562952041626,
    2.9672017097473145,
    5.510351181030273
  ],
  "Camera": [
    7.149486541748047,
    -6.515770435333252,
    5.565400123596191
  ],
  "Lamp_Key": [
    7.18978214263916,
    -2.467602014541626,
    5.234948635101318
  ],
  "Lamp_Fill": [
    -4.601533889770508,
    -4.135017395019531,
    2.5302579402923584
  ],
  "objects": [
    {
      "rotation": 0.0,
      "size": 1.5,
      "material": "MyMetal",
      "3d_coords": [
        -1.1328846216201782,
        -2.008249044418335,
        1.5
      ],
      "pixel_coords": [
        32,
        49,
        9.965133666992188
      ],
      "color": [
        0.0,
        1.0,
        1.0,
        1.0
      ],
      "shape": "SmoothCube_v2"
    },
    {
      "rotation": 0.0,
      "size": 2.0,
      "material": "MyMetal",
      "3d_coords": [
        2.9834799766540527,
        -1.166958212852478,
        2.0
      ],
      "pixel_coords": [
        85,
        60,
        7.569875240325928
      ],
      "color": [
        0.0,
        1.0,
        1.0,
        1.0
      ],
      "shape": "Sphere"
    }
  ]
}