{
  "image_filename": "00000079",
  "objects": [
    {
      "shape": "square",
      "size": 0.325,
      "rotation": 0.0,
      "2d_coords": [
        0.5294618995452649,
        0.7725086882172743
      ],
      "color": [
        255,
        0,
        255
      ]
    },
    {
      "shape": "square",
      "size": 0.325,
      "rotation": 0.0,
      "2d_coords": [
        0.718290961816614,
        0.15394361209499127
      ],
      "color": [
        255,
        0,
        255
      ]
    }
  ]
}