{
  "image_filename": "000005676452066296",
  "objects": [
    {
      "shape": "Torus",
      "size": 2.0,
      "material": "data/materials/PoliigonWoodFlooring061.blend",
      "3d_coords": [
        -2.5244569778442383,
        -0.5522058010101318,
        2.0
      ],
      "rotation": 0.0,
      "pixel_coords": [
        38,
        34,
        11.60340690612793
      ]
    },
    {
      "shape": "NewellTeapot",
      "size": 2.0,
      "material": "data/materials/PoliigonWoodFlooring061.blend",
      "3d_coords": [
        1.135632038116455,
        2.6411375999450684,
        2.0
      ],
      "rotation": 0.0,
      "pixel_coords": [
        98,
        36,
        11.204890251159668
      ]
    }
  ],
  "ground_material": "data/materials/PoliigonChainmailCopperRoundedThin001.blend",
  "Lamp_Key": [
    7.438411235809326,
    -2.064260959625244,
    5.187766075134277
  ],
  "Lamp_Back": [
    -0.21787457168102264,
    2.9162251949310303,
    5.630582809448242
  ],
  "Lamp_Fill": [
    -5.085134029388428,
    -3.8921284675598145,
    2.7078628540039062
  ],
  "Camera": [
    7.1330885887146,
    -6.7599687576293945,
    5.666763782501221
  ]
}