{
  "image_filename": "00000022",
  "objects": [
    {
      "shape": "square",
      "size": 0.425,
      "rotation": 0.0,
      "2d_coords": [
        0.23457735976606248,
        0.7390464014983109
      ],
      "color": [
        0,
        127,
        255
      ]
    },
    {
      "shape": "square",
      "size": 0.425,
      "rotation": 0.0,
      "2d_coords": [
        0.8121268627552659,
        0.8041508743215801
      ],
      "color": [
        0,
        255,
        0
      ]
    }
  ]
}