{
  "image_filename": "000004518978672664",
  "Camera": [
    7.948013782501221,
    -7.001537799835205,
    5.667895793914795
  ],
  "Lamp_Key": [
    5.892477989196777,
    -3.0601534843444824,
    4.683830738067627
  ],
  "Lamp_Fill": [
    -5.282736301422119,
    -4.014769554138184,
    4.002202033996582
  ],
  "Lamp_Back": [
    -2.144697904586792,
    2.9968371391296387,
    6.28236722946167
  ],
  "objects": [
    {
      "material": "MyMetal",
      "pixel_coords": [
        80,
        45,
        11.816615104675293
      ],
      "3d_coords": [
        0.4560907483100891,
        1.3946924209594727,
        1.5
      ],
      "color": [
        0.0,
        1.0,
        1.0,
        1.0
      ],
      "shape": "Suzanne",
      "size": 1.5,
      "rotation": 0.0
    },
    {
      "material": "Rubber",
      "pixel_coords": [
        40,
        49,
        9.76721477508545
      ],
      "3d_coords": [
        -0.01005478110164404,
        -2.246062755584717,
        2.0
      ],
      "color": [
        0.0,
        1.0,
        0.0,
        1.0
      ],
      "shape": "Sphere",
      "size": 2.0,
      "rotation": 0.0
    }
  ]
}