{
  "image_filename": "00000027",
  "objects": [
    {
      "shape": "triangle",
      "size": 0.325,
      "rotation": 0.0,
      "2d_coords": [
        0.580791410353207,
        0.20287372248933844
      ],
      "color": [
        255,
        0,
        255
      ]
    },
    {
      "shape": "circle",
      "size": 0.425,
      "rotation": 0.0,
      "2d_coords": [
        0.23073820650389176,
        0.20693744671063558
      ],
      "color": [
        0,
        127,
        255
      ]
    }
  ]
}