{
  "objects": [
    {
      "material": "MyMetal",
      "pixel_coords": [
        40,
        40,
        11.274251937866211
      ],
      "shape": "SmoothCube_v2",
      "size": 1.5,
      "color": [
        1.0,
        0.0,
        0.0,
        1.0
      ],
      "rotation": 0.0,
      "3d_coords": [
        -2.31943678855896,
        -0.6280090808868408,
        1.5
      ]
    },
    {
      "material": "Rubber",
      "pixel_coords": [
        79,
        68,
        8.193779945373535
      ],
      "shape": "Suzanne",
      "size": 1.0,
      "color": [
        1.0,
        0.0,
        1.0,
        1.0
      ],
      "rotation": 0.0,
      "3d_coords": [
        2.3746261596679688,
        -0.8466556072235107,
        1.0
      ]
    }
  ],
  "image_filename": "000005768175366928",
  "Camera": [
    7.308940410614014,
    -6.0814361572265625,
    5.0236992835998535
  ],
  "Lamp_Fill": [
    -5.065458297729492,
    -4.383677959442139,
    2.303934097290039
  ],
  "Lamp_Key": [
    7.08030366897583,
    -2.3828535079956055,
    4.910130977630615
  ],
  "Lamp_Back": [
    -1.6731576919555664,
    3.34466552734375,
    5.423832893371582
  ]
}