{
  "Lamp_Fill": [
    -4.104844570159912,
    -3.8043212890625,
    2.0452916622161865
  ],
  "image_filename": "000001928358265358",
  "Lamp_Key": [
    7.433496475219727,
    -2.1052324771881104,
    5.081966876983643
  ],
  "Lamp_Back": [
    -1.775181531906128,
    2.623913526535034,
    5.6341657638549805
  ],
  "Camera": [
    7.2540602684021,
    -6.466502666473389,
    5.077485084533691
  ],
  "objects": [
    {
      "material": "Rubber",
      "shape": "SmoothCube_v2",
      "color": [
        1.0,
        0.0,
        1.0,
        1.0
      ],
      "rotation": 0.0,
      "pixel_coords": [
        29,
        48,
        9.92416000366211
      ],
      "size": 1.5,
      "3d_coords": [
        -1.367916226387024,
        -2.120502233505249,
        1.5
      ]
    },
    {
      "material": "MyMetal",
      "shape": "Suzanne",
      "color": [
        0.0,
        1.0,
        1.0,
        1.0
      ],
      "rotation": 0.0,
      "pixel_coords": [
        99,
        61,
        9.182092666625977
      ],
      "size": 1.0,
      "3d_coords": [
        2.6499407291412354,
        0.7358660697937012,
        1.0
      ]
    }
  ]
}