{
  "objects": [
    {
      "color": [
        0.0,
        1.0,
        1.0,
        1.0
      ],
      "pixel_coords": [
        91,
        41,
        11.17155647277832
      ],
      "size": 1.5,
      "3d_coords": [
        0.5609617829322815,
        2.4010980129241943,
        1.5
      ],
      "material": "MyMetal",
      "rotation": 0.0,
      "shape": "SmoothCylinder"
    },
    {
      "color": [
        0.0,
        1.0,
        0.0,
        1.0
      ],
      "pixel_coords": [
        44,
        43,
        9.229876518249512
      ],
      "size": 2.0,
      "3d_coords": [
        -0.2590305805206299,
        -1.4853065013885498,
        2.0
      ],
      "material": "MyMetal",
      "rotation": 0.0,
      "shape": "Sphere"
    }
  ],
  "Lamp_Fill": [
    -3.698190689086914,
    -3.1322624683380127,
    3.289527416229248
  ],
  "image_filename": "000001906456433231",
  "Camera": [
    7.239798545837402,
    -6.297505855560303,
    5.072111129760742
  ],
  "Lamp_Back": [
    -1.4949060678482056,
    2.9139604568481445,
    6.7736735343933105
  ],
  "Lamp_Key": [
    6.675661087036133,
    -3.853924036026001,
    4.045504570007324
  ]
}