{
  "image_filename": "00000068",
  "objects": [
    {
      "shape": "star_4",
      "size": 0.425,
      "rotation": 0.0,
      "2d_coords": [
        0.5843049390888877,
        0.43494244654164316
      ],
      "color": [
        255,
        0,
        255
      ]
    },
    {
      "shape": "star_4",
      "size": 0.225,
      "rotation": 0.0,
      "2d_coords": [
        0.43168724066514297,
        0.7548876644057401
      ],
      "color": [
        0,
        127,
        255
      ]
    }
  ]
}