{
  "objects": [
    {
      "3d_coords": [
        1.8445180654525757,
        -1.1199926137924194,
        2.0
      ],
      "material": "MyMetal",
      "size": 2.0,
      "shape": "Sphere",
      "rotation": 0.0,
      "color": [
        0.0,
        1.0,
        0.0,
        1.0
      ],
      "pixel_coords": [
        71,
        49,
        8.014457702636719
      ]
    },
    {
      "3d_coords": [
        -1.5651673078536987,
        -2.7779672145843506,
        1.5
      ],
      "material": "MyMetal",
      "size": 1.5,
      "shape": "Sphere",
      "rotation": 0.0,
      "color": [
        0.0,
        1.0,
        0.0,
        1.0
      ],
      "pixel_coords": [
        18,
        49,
        9.480692863464355
      ]
    }
  ],
  "Lamp_Key": [
    5.589019298553467,
    -3.636075735092163,
    4.951725959777832
  ],
  "Camera": [
    7.103000640869141,
    -6.522024631500244,
    4.875000953674316
  ],
  "Lamp_Fill": [
    -5.366494178771973,
    -4.384912490844727,
    3.610029697418213
  ],
  "Lamp_Back": [
    -0.5471683144569397,
    3.418381929397583,
    4.940811634063721
  ],
  "image_filename": "000011508894938747"
}