{
  "image_filename": "000002760605225486",
  "objects": [
    {
      "shape": "Torus",
      "size": 1.5,
      "material": "data/materials/PoliigonWoodFlooring061.blend",
      "3d_coords": [
        1.65296471118927,
        2.385453224182129,
        1.5
      ],
      "rotation": 0.0,
      "pixel_coords": [
        102,
        45,
        10.637027740478516
      ]
    },
    {
      "shape": "Torus",
      "size": 1.0,
      "material": "data/materials/PoliigonChainmailCopperRoundedThin001.blend",
      "3d_coords": [
        2.722223997116089,
        -2.662533760070801,
        1.0
      ],
      "rotation": 0.0,
      "pixel_coords": [
        58,
        82,
        7.353847026824951
      ]
    }
  ],
  "ground_material": "data/materials/PoliigonChainmailCopperRoundedThin001.blend",
  "Lamp_Key": [
    5.595826148986816,
    -3.4428796768188477,
    4.279642581939697
  ],
  "Lamp_Back": [
    -1.0739771127700806,
    2.1454830169677734,
    5.625613689422607
  ],
  "Lamp_Fill": [
    -4.596088409423828,
    -3.620898962020874,
    3.3462471961975098
  ],
  "Camera": [
    7.570441246032715,
    -6.186880588531494,
    5.378820896148682
  ]
}