{
  "Lamp_Key": [
    5.750765323638916,
    -3.00791335105896,
    4.931697368621826
  ],
  "Lamp_Back": [
    -0.8974427580833435,
    2.982288122177124,
    5.892056941986084
  ],
  "Camera": [
    7.956352710723877,
    -6.776586532592773,
    5.104248046875
  ],
  "image_filename": "000006912144558901",
  "objects": [
    {
      "shape": "Suzanne",
      "material": "MyMetal",
      "3d_coords": [
        0.11839670687913895,
        -1.3433527946472168,
        1.5
      ],
      "size": 1.5,
      "rotation": 0.0,
      "color": [
        1.0,
        1.0,
        0.0,
        1.0
      ],
      "pixel_coords": [
        51,
        51,
        10.109001159667969
      ]
    },
    {
      "shape": "Suzanne",
      "material": "MyMetal",
      "3d_coords": [
        1.698707938194275,
        2.771676540374756,
        1.5
      ],
      "size": 1.5,
      "rotation": 0.0,
      "color": [
        1.0,
        0.0,
        0.0,
        1.0
      ],
      "pixel_coords": [
        103,
        45,
        11.425517082214355
      ]
    }
  ],
  "Lamp_Fill": [
    -3.773426055908203,
    -3.5383386611938477,
    2.6886892318725586
  ]
}