{
  "objects": [
    {
      "size": 2.0,
      "shape": "Sphere",
      "rotation": 0.0,
      "3d_coords": [
        -0.05164989084005356,
        1.0343022346496582,
        2.0
      ],
      "material": "MyMetal",
      "color": [
        1.0,
        1.0,
        0.0,
        1.0
      ],
      "pixel_coords": [
        73,
        38,
        11.351264953613281
      ]
    },
    {
      "size": 1.0,
      "shape": "Suzanne",
      "rotation": 0.0,
      "3d_coords": [
        -0.40136754512786865,
        -2.480466842651367,
        1.0
      ],
      "material": "Rubber",
      "color": [
        1.0,
        1.0,
        0.0,
        1.0
      ],
      "pixel_coords": [
        34,
        60,
        9.920103073120117
      ]
    }
  ],
  "image_filename": "000002887200546776",
  "Lamp_Back": [
    -0.3957010805606842,
    3.2980761528015137,
    5.49890661239624
  ],
  "Camera": [
    7.582303524017334,
    -6.997857093811035,
    5.326124668121338
  ],
  "Lamp_Key": [
    6.749366760253906,
    -2.2957749366760254,
    4.679322242736816
  ],
  "Lamp_Fill": [
    -4.822082042694092,
    -3.993989944458008,
    3.628798007965088
  ]
}