{
  "image_filename": "000015033336689913",
  "objects": [
    {
      "shape": "Suzanne",
      "size": 2.0,
      "material": "data/materials/PoliigonChainmailCopperRoundedThin001.blend",
      "3d_coords": [
        -2.6629552841186523,
        0.344611257314682,
        2.0
      ],
      "rotation": 0.0,
      "pixel_coords": [
        46,
        31,
        11.989578247070312
      ]
    },
    {
      "shape": "Cylinder",
      "size": 1.0,
      "material": "data/materials/PoliigonFabricDenim003.blend",
      "3d_coords": [
        0.5388860702514648,
        0.791395902633667,
        1.0
      ],
      "rotation": 0.0,
      "pixel_coords": [
        76,
        52,
        10.681587219238281
      ]
    }
  ],
  "ground_material": "data/materials/PoliigonBricksFlemishRed001.blend",
  "Lamp_Key": [
    6.707564830780029,
    -2.894418478012085,
    4.172112464904785
  ],
  "Lamp_Back": [
    -1.719313383102417,
    1.667862892150879,
    5.676316738128662
  ],
  "Lamp_Fill": [
    -5.214542865753174,
    -3.1723580360412598,
    2.323759078979492
  ],
  "Camera": [
    7.098348140716553,
    -6.548395156860352,
    5.356922149658203
  ]
}