{
  "image_filename": "000006083149413703",
  "objects": [
    {
      "shape": "Torus",
      "size": 1.5,
      "material": "data/materials/PoliigonWoodFlooring061.blend",
      "3d_coords": [
        -0.4090255796909332,
        -0.28981709480285645,
        1.5
      ],
      "rotation": 0.0,
      "pixel_coords": [
        57,
        46,
        10.202116012573242
      ]
    },
    {
      "shape": "Icosahedron",
      "size": 1.0,
      "material": "data/materials/PoliigonRoofTilesTerracotta004.blend",
      "3d_coords": [
        -0.1228346899151802,
        2.2746059894561768,
        1.0
      ],
      "rotation": 0.0,
      "pixel_coords": [
        84,
        44,
        11.697879791259766
      ]
    }
  ],
  "ground_material": "data/materials/PoliigonBricksPaintedWhite001.blend",
  "Lamp_Key": [
    6.231804847717285,
    -2.0307223796844482,
    4.94957160949707
  ],
  "Lamp_Back": [
    -1.4638015031814575,
    3.152951240539551,
    4.899817943572998
  ],
  "Lamp_Fill": [
    -5.516445636749268,
    -3.2665884494781494,
    3.5993897914886475
  ],
  "Camera": [
    7.068902492523193,
    -6.030660629272461,
    5.653642177581787
  ]
}