{
  "Lamp_Key": [
    6.572532653808594,
    -2.0196118354797363,
    4.467330455780029
  ],
  "Lamp_Back": [
    -1.5633556842803955,
    1.747676968574524,
    6.148080825805664
  ],
  "Lamp_Fill": [
    -4.453787326812744,
    -4.8156585693359375,
    2.840156078338623
  ],
  "objects": [
    {
      "size": 1.5,
      "pixel_coords": [
        41,
        38,
        12.033004760742188
      ],
      "material": "MyMetal",
      "shape": "Suzanne",
      "3d_coords": [
        -2.7127597332000732,
        -0.19219383597373962,
        1.5
      ],
      "color": [
        0.0,
        1.0,
        0.0,
        1.0
      ],
      "rotation": 0.0
    },
    {
      "size": 1.0,
      "pixel_coords": [
        59,
        81,
        7.514458656311035
      ],
      "material": "MyMetal",
      "shape": "SmoothCylinder",
      "3d_coords": [
        2.4505937099456787,
        -2.6879560947418213,
        1.0
      ],
      "color": [
        0.0,
        1.0,
        1.0,
        1.0
      ],
      "rotation": 0.0
    }
  ],
  "Camera": [
    7.05556583404541,
    -6.7173943519592285,
    5.461456298828125
  ],
  "image_filename": "000010340734571255"
}