{
  "image_filename": "000000031682685362",
  "objects": [
    {
      "shape": "Icosahedron",
      "size": 1.0,
      "material": "data/materials/PoliigonBricksFlemishRed001.blend",
      "3d_coords": [
        -0.8991206884384155,
        -2.3747408390045166,
        1.0
      ],
      "rotation": 0.0,
      "pixel_coords": [
        29,
        57,
        9.46938419342041
      ]
    },
    {
      "shape": "NewellTeapot",
      "size": 1.5,
      "material": "data/materials/PoliigonRoofTilesTerracotta004.blend",
      "3d_coords": [
        -2.6840872764587402,
        0.30007314682006836,
        1.5
      ],
      "rotation": 0.0,
      "pixel_coords": [
        46,
        36,
        11.988335609436035
      ]
    }
  ],
  "ground_material": "data/materials/PoliigonFabricFleece001.blend",
  "Lamp_Key": [
    5.764960765838623,
    -3.2576956748962402,
    4.083528995513916
  ],
  "Lamp_Back": [
    -1.3267704248428345,
    2.5000226497650146,
    5.9724650382995605
  ],
  "Lamp_Fill": [
    -4.705547332763672,
    -4.415806293487549,
    3.9438626766204834
  ],
  "Camera": [
    7.09981632232666,
    -6.308865547180176,
    5.006379127502441
  ]
}