{
  "image_filename": "00000039",
  "objects": [
    {
      "shape": "circle",
      "size": 0.125,
      "rotation": 0.0,
      "2d_coords": [
        0.6586182340497166,
        0.8413112867281944
      ],
      "color": [
        0,
        127,
        255
      ]
    },
    {
      "shape": "circle",
      "size": 0.425,
      "rotation": 0.0,
      "2d_coords": [
        0.5288275155265428,
        0.3565817696240542
      ],
      "color": [
        0,
        127,
        255
      ]
    }
  ]
}