{
  "Lamp_Key": [
    7.1492085456848145,
    -3.5886781215667725,
    4.306029319763184
  ],
  "Camera": [
    7.467808246612549,
    -6.957001209259033,
    5.032312393188477
  ],
  "objects": [
    {
      "size": 1.5,
      "3d_coords": [
        0.5243320465087891,
        -2.544344663619995,
        1.5
      ],
      "color": [
        0.0,
        1.0,
        0.0,
        1.0
      ],
      "shape": "Suzanne",
      "material": "MyMetal",
      "pixel_coords": [
        40,
        58,
        8.816505432128906
      ],
      "rotation": 0.0
    },
    {
      "size": 1.0,
      "3d_coords": [
        -2.6931755542755127,
        1.9049254655838013,
        1.0
      ],
      "color": [
        1.0,
        0.0,
        1.0,
        1.0
      ],
      "shape": "SmoothCylinder",
      "material": "MyMetal",
      "pixel_coords": [
        60,
        40,
        13.869244575500488
      ],
      "rotation": 0.0
    }
  ],
  "Lamp_Back": [
    -1.6848890781402588,
    3.5317318439483643,
    6.7156219482421875
  ],
  "image_filename": "000013164606375215",
  "Lamp_Fill": [
    -5.608570575714111,
    -4.475760459899902,
    3.916109800338745
  ]
}