{
  "Camera": [
    7.436501502990723,
    -6.5037126541137695,
    4.910783290863037
  ],
  "image_filename": "000008172981293963",
  "Lamp_Key": [
    6.393977165222168,
    -2.806123733520508,
    4.245799541473389
  ],
  "objects": [
    {
      "material": "Rubber",
      "shape": "Suzanne",
      "3d_coords": [
        -1.8467565774917603,
        -2.0811991691589355,
        1.0
      ],
      "size": 1.0,
      "rotation": 0.0,
      "color": [
        0.0,
        1.0,
        0.0,
        1.0
      ],
      "pixel_coords": [
        27,
        52,
        10.60529899597168
      ]
    },
    {
      "material": "Rubber",
      "shape": "Suzanne",
      "3d_coords": [
        1.8908672332763672,
        0.5828906893730164,
        1.5
      ],
      "size": 1.5,
      "rotation": 0.0,
      "color": [
        0.0,
        1.0,
        0.0,
        1.0
      ],
      "pixel_coords": [
        89,
        51,
        9.433869361877441
      ]
    }
  ],
  "Lamp_Back": [
    -1.3909510374069214,
    1.7587729692459106,
    5.044760227203369
  ],
  "Lamp_Fill": [
    -5.234014987945557,
    -3.2411911487579346,
    2.5677428245544434
  ]
}