{
  "image_filename": "00000045",
  "objects": [
    {
      "shape": "square",
      "size": 0.325,
      "rotation": 0.0,
      "2d_coords": [
        0.7380717370494498,
        0.428047402158156
      ],
      "color": [
        255,
        0,
        255
      ]
    },
    {
      "shape": "triangle",
      "size": 0.125,
      "rotation": 0.0,
      "2d_coords": [
        0.08380854725353555,
        0.9361684606723764
      ],
      "color": [
        255,
        127,
        0
      ]
    }
  ]
}