{
  "image_filename": "000003391408471921",
  "Camera": [
    7.468076229095459,
    -6.584970474243164,
    5.163694381713867
  ],
  "Lamp_Key": [
    7.260862350463867,
    -3.138007402420044,
    4.60213565826416
  ],
  "Lamp_Back": [
    -2.098996639251709,
    3.0892765522003174,
    6.034206390380859
  ],
  "objects": [
    {
      "size": 1.5,
      "rotation": 0.0,
      "shape": "SmoothCylinder",
      "pixel_coords": [
        96,
        44,
        11.006298065185547
      ],
      "material": "Rubber",
      "color": [
        0.0,
        1.0,
        1.0,
        1.0
      ],
      "3d_coords": [
        1.2488332986831665,
        2.23545503616333,
        1.5
      ]
    },
    {
      "size": 1.5,
      "rotation": 0.0,
      "shape": "Sphere",
      "pixel_coords": [
        42,
        48,
        10.245124816894531
      ],
      "material": "MyMetal",
      "color": [
        1.0,
        0.0,
        1.0,
        1.0
      ],
      "3d_coords": [
        -0.8164492845535278,
        -1.4032822847366333,
        1.5
      ]
    }
  ],
  "Lamp_Fill": [
    -5.601963043212891,
    -3.561934471130371,
    3.6587796211242676
  ]
}