{
  "image_filename": "000002698561999195",
  "objects": [
    {
      "shape": "Sphere",
      "size": 1.0,
      "material": "data/materials/PoliigonWoodFlooring061.blend",
      "3d_coords": [
        2.889834403991699,
        2.655395984649658,
        1.0
      ],
      "rotation": 0.0,
      "pixel_coords": [
        115,
        54,
        10.769353866577148
      ]
    },
    {
      "shape": "Cylinder",
      "size": 1.5,
      "material": "data/materials/PoliigonRoofTilesTerracotta004.blend",
      "3d_coords": [
        2.0805373191833496,
        -1.3201076984405518,
        1.5
      ],
      "rotation": 0.0,
      "pixel_coords": [
        72,
        62,
        8.62765121459961
      ]
    }
  ],
  "ground_material": "data/materials/PoliigonBricksPaintedWhite001.blend",
  "Lamp_Key": [
    6.230179786682129,
    -2.123535394668579,
    4.130983829498291
  ],
  "Lamp_Back": [
    -1.1116827726364136,
    3.0111825466156006,
    5.783759593963623
  ],
  "Lamp_Fill": [
    -4.9450554847717285,
    -3.3492634296417236,
    3.9238529205322266
  ],
  "Camera": [
    7.176971912384033,
    -6.927220821380615,
    5.65704870223999
  ]
}