{
  "image_filename": "000004681357151354",
  "objects": [
    {
      "shape": "Icosahedron",
      "size": 2.0,
      "material": "data/materials/PoliigonFabricDenim003.blend",
      "3d_coords": [
        1.128872275352478,
        0.3811720907688141,
        2.0
      ],
      "rotation": 0.0,
      "pixel_coords": [
        79,
        44,
        9.83255386352539
      ]
    },
    {
      "shape": "Icosahedron",
      "size": 1.5,
      "material": "data/materials/PoliigonWoodFlooring061.blend",
      "3d_coords": [
        -2.615164041519165,
        1.4760825634002686,
        1.5
      ],
      "rotation": 0.0,
      "pixel_coords": [
        57,
        34,
        13.122570037841797
      ]
    }
  ],
  "ground_material": "data/materials/PoliigonBricksFlemishRed001.blend",
  "Lamp_Key": [
    7.241634368896484,
    -3.147531032562256,
    4.145453929901123
  ],
  "Lamp_Back": [
    -1.4824469089508057,
    2.3666574954986572,
    5.530340671539307
  ],
  "Lamp_Fill": [
    -5.561635971069336,
    -4.479353427886963,
    3.9500701427459717
  ],
  "Camera": [
    7.294806480407715,
    -6.538791179656982,
    5.727908134460449
  ]
}