{
  "image_filename": "000008392754592428",
  "objects": [
    {
      "shape": "Cylinder",
      "size": 1.5,
      "material": "data/materials/PoliigonFabricFleece001.blend",
      "3d_coords": [
        -2.1680164337158203,
        -2.211792230606079,
        1.5
      ],
      "rotation": 0.0,
      "pixel_coords": [
        22,
        44,
        10.31187629699707
      ]
    },
    {
      "shape": "Cone",
      "size": 2.0,
      "material": "data/materials/PoliigonBricksPaintedWhite001.blend",
      "3d_coords": [
        0.33563730120658875,
        1.5598448514938354,
        2.0
      ],
      "rotation": 0.0,
      "pixel_coords": [
        83,
        36,
        10.527277946472168
      ]
    }
  ],
  "ground_material": "data/materials/PoliigonFabricDenim003.blend",
  "Lamp_Key": [
    5.600042819976807,
    -3.7211833000183105,
    4.038224697113037
  ],
  "Lamp_Back": [
    -0.9124515056610107,
    2.103724241256714,
    5.150228500366211
  ],
  "Lamp_Fill": [
    -5.266448974609375,
    -3.9058291912078857,
    2.232288360595703
  ],
  "Camera": [
    7.318719863891602,
    -6.142420768737793,
    5.034259796142578
  ]
}