{
  "image_filename": "000008727252414320",
  "Camera": [
    7.711241245269775,
    -6.084874629974365,
    5.4527082443237305
  ],
  "Lamp_Key": [
    7.024364471435547,
    -2.589073657989502,
    4.862863540649414
  ],
  "objects": [
    {
      "3d_coords": [
        -2.964317560195923,
        0.682361900806427,
        2.0
      ],
      "pixel_coords": [
        50,
        30,
        12.668320655822754
      ],
      "color": [
        1.0,
        0.0,
        1.0,
        1.0
      ],
      "material": "Rubber",
      "shape": "SmoothCylinder",
      "size": 2.0,
      "rotation": 0.0
    },
    {
      "3d_coords": [
        0.7962220907211304,
        1.2208397388458252,
        1.5
      ],
      "pixel_coords": [
        83,
        46,
        10.621512413024902
      ],
      "color": [
        0.0,
        0.0,
        1.0,
        1.0
      ],
      "material": "MyMetal",
      "shape": "Sphere",
      "size": 1.5,
      "rotation": 0.0
    }
  ],
  "Lamp_Back": [
    -2.041370153427124,
    1.6704075336456299,
    6.235419750213623
  ],
  "Lamp_Fill": [
    -4.142633438110352,
    -3.509572744369507,
    3.170724868774414
  ]
}