{
  "image_filename": "000007328988039406",
  "Camera": [
    7.930964946746826,
    -6.068958282470703,
    5.2505950927734375
  ],
  "Lamp_Key": [
    7.435584545135498,
    -2.4135212898254395,
    4.830608367919922
  ],
  "objects": [
    {
      "color": [
        1.0,
        1.0,
        0.0,
        1.0
      ],
      "pixel_coords": [
        75,
        31,
        12.571651458740234
      ],
      "size": 2.0,
      "shape": "Sphere",
      "3d_coords": [
        -1.3855369091033936,
        2.315810441970825,
        2.0
      ],
      "material": "MyMetal",
      "rotation": 0.0
    },
    {
      "color": [
        0.0,
        1.0,
        1.0,
        1.0
      ],
      "pixel_coords": [
        107,
        57,
        10.060406684875488
      ],
      "size": 1.0,
      "shape": "Suzanne",
      "3d_coords": [
        2.5511574745178223,
        1.9265120029449463,
        1.0
      ],
      "material": "MyMetal",
      "rotation": 0.0
    }
  ],
  "Lamp_Fill": [
    -3.734811782836914,
    -3.7786786556243896,
    2.9727272987365723
  ],
  "Lamp_Back": [
    -1.1058765649795532,
    3.0020737648010254,
    5.253612041473389
  ]
}