{
  "objects": [
    {
      "material": "MyMetal",
      "rotation": 0.0,
      "3d_coords": [
        -0.14991481602191925,
        -1.6340084075927734,
        1.5
      ],
      "size": 1.5,
      "color": [
        1.0,
        1.0,
        0.0,
        1.0
      ],
      "shape": "Suzanne",
      "pixel_coords": [
        45,
        51,
        9.908337593078613
      ]
    },
    {
      "material": "Rubber",
      "rotation": 0.0,
      "3d_coords": [
        2.886075258255005,
        -0.8998397588729858,
        1.0
      ],
      "size": 1.0,
      "color": [
        1.0,
        1.0,
        0.0,
        1.0
      ],
      "shape": "SmoothCylinder",
      "pixel_coords": [
        83,
        70,
        8.463820457458496
      ]
    }
  ],
  "Camera": [
    7.847477436065674,
    -6.5655951499938965,
    5.0477118492126465
  ],
  "Lamp_Fill": [
    -4.7394890785217285,
    -4.398778915405273,
    2.4812941551208496
  ],
  "Lamp_Key": [
    5.776724338531494,
    -2.5862648487091064,
    4.2702155113220215
  ],
  "image_filename": "000008664780388857",
  "Lamp_Back": [
    -0.6611030101776123,
    2.425307273864746,
    4.840296268463135
  ]
}