{
  "image_filename": "000001426894658691",
  "objects": [
    {
      "shape": "Icosahedron",
      "size": 1.5,
      "material": "data/materials/PoliigonFabricFleece001.blend",
      "3d_coords": [
        -1.1225281953811646,
        1.3512243032455444,
        1.5
      ],
      "rotation": 0.0,
      "pixel_coords": [
        67,
        40,
        12.263638496398926
      ]
    },
    {
      "shape": "Suzanne",
      "size": 1.0,
      "material": "data/materials/PoliigonFabricDenim003.blend",
      "3d_coords": [
        1.7589062452316284,
        -2.557469367980957,
        1.0
      ],
      "rotation": 0.0,
      "pixel_coords": [
        52,
        72,
        8.255735397338867
      ]
    }
  ],
  "ground_material": "data/materials/PoliigonRoofTilesTerracotta004.blend",
  "Lamp_Key": [
    5.861296653747559,
    -2.520275115966797,
    4.81831169128418
  ],
  "Lamp_Back": [
    -1.0766061544418335,
    3.025806427001953,
    6.384642601013184
  ],
  "Lamp_Fill": [
    -4.773340225219727,
    -4.400979995727539,
    3.770771026611328
  ],
  "Camera": [
    7.457369804382324,
    -6.864200592041016,
    5.226299285888672
  ]
}