{
  "image_filename": "000011791049765048",
  "Camera": [
    7.850832462310791,
    -6.173202037811279,
    5.301082611083984
  ],
  "Lamp_Back": [
    -1.22109055519104,
    3.3125765323638916,
    6.6593708992004395
  ],
  "Lamp_Key": [
    6.669147491455078,
    -3.2919158935546875,
    3.93367075920105
  ],
  "objects": [
    {
      "material": "MyMetal",
      "color": [
        0.0,
        1.0,
        1.0,
        1.0
      ],
      "3d_coords": [
        1.7574806213378906,
        -2.3119914531707764,
        1.5
      ],
      "pixel_coords": [
        51,
        64,
        8.121055603027344
      ],
      "size": 1.5,
      "shape": "SmoothCube_v2",
      "rotation": 0.0
    },
    {
      "material": "MyMetal",
      "color": [
        0.0,
        1.0,
        1.0,
        1.0
      ],
      "3d_coords": [
        -2.8235127925872803,
        -0.2019258290529251,
        1.5
      ],
      "pixel_coords": [
        43,
        38,
        12.453858375549316
      ],
      "size": 1.5,
      "shape": "SmoothCube_v2",
      "rotation": 0.0
    }
  ],
  "Lamp_Fill": [
    -4.7465105056762695,
    -4.132646083831787,
    3.535256862640381
  ]
}