{
  "image_filename": "000004594478685802",
  "objects": [
    {
      "shape": "NewellTeapot",
      "size": 1.0,
      "material": "data/materials/PoliigonMetalSpottyDiscoloration001.blend",
      "3d_coords": [
        0.7641295790672302,
        2.2055764198303223,
        1.0
      ],
      "rotation": 0.0,
      "pixel_coords": [
        91,
        49,
        11.594240188598633
      ]
    },
    {
      "shape": "Cylinder",
      "size": 1.0,
      "material": "data/materials/PoliigonFabricFleece001.blend",
      "3d_coords": [
        -2.164083957672119,
        -1.0402321815490723,
        1.0
      ],
      "rotation": 0.0,
      "pixel_coords": [
        39,
        48,
        11.872247695922852
      ]
    }
  ],
  "ground_material": "data/materials/PoliigonWoodFlooring061.blend",
  "Lamp_Key": [
    6.461819648742676,
    -3.131735324859619,
    4.947904109954834
  ],
  "Lamp_Back": [
    -2.074227809906006,
    1.8766961097717285,
    5.800980567932129
  ],
  "Lamp_Fill": [
    -5.5203094482421875,
    -3.37158465385437,
    3.054407835006714
  ],
  "Camera": [
    7.913329601287842,
    -6.161750793457031,
    5.440454959869385
  ]
}