{
  "Camera": [
    7.054654121398926,
    -6.279101371765137,
    5.699008464813232
  ],
  "Lamp_Fill": [
    -3.7516722679138184,
    -4.538974285125732,
    2.2639167308807373
  ],
  "Lamp_Back": [
    -0.7870223522186279,
    3.6289281845092773,
    6.251904010772705
  ],
  "objects": [
    {
      "size": 2.0,
      "material": "MyMetal",
      "pixel_coords": [
        14,
        38,
        10.411968231201172
      ],
      "rotation": 0.0,
      "3d_coords": [
        -2.827375650405884,
        -2.448107957839966,
        2.0
      ],
      "shape": "Sphere",
      "color": [
        1.0,
        1.0,
        0.0,
        1.0
      ]
    },
    {
      "size": 1.5,
      "material": "Rubber",
      "pixel_coords": [
        90,
        38,
        11.824912071228027
      ],
      "rotation": 0.0,
      "3d_coords": [
        0.09180126339197159,
        2.8599584102630615,
        1.5
      ],
      "shape": "SmoothCube_v2",
      "color": [
        1.0,
        0.0,
        1.0,
        1.0
      ]
    }
  ],
  "image_filename": "000014845689477977",
  "Lamp_Key": [
    5.9187703132629395,
    -3.4746594429016113,
    3.835597276687622
  ]
}