{
  "Lamp_Key": [
    7.091844081878662,
    -2.800640106201172,
    4.556173324584961
  ],
  "Lamp_Fill": [
    -4.936151027679443,
    -3.4848828315734863,
    3.9882404804229736
  ],
  "objects": [
    {
      "color": [
        0.0,
        1.0,
        0.0,
        1.0
      ],
      "rotation": 0.0,
      "pixel_coords": [
        77,
        35,
        11.751692771911621
      ],
      "material": "MyMetal",
      "shape": "Sphere",
      "3d_coords": [
        -0.3368070423603058,
        1.8087300062179565,
        2.0
      ],
      "size": 2.0
    },
    {
      "color": [
        1.0,
        1.0,
        0.0,
        1.0
      ],
      "rotation": 0.0,
      "pixel_coords": [
        64,
        81,
        7.700046062469482
      ],
      "material": "Rubber",
      "shape": "SmoothCube_v2",
      "3d_coords": [
        2.7494595050811768,
        -2.5165467262268066,
        1.0
      ],
      "size": 1.0
    }
  ],
  "Camera": [
    7.380026817321777,
    -6.740702152252197,
    5.570632457733154
  ],
  "image_filename": "000007362611347416",
  "Lamp_Back": [
    -0.7289512753486633,
    1.8491325378417969,
    5.967801094055176
  ]
}