{
  "image_filename": "000001746712006886",
  "objects": [
    {
      "shape": "Cone",
      "size": 2.0,
      "material": "data/materials/PoliigonChainmailCopperRoundedThin001.blend",
      "3d_coords": [
        -0.5220431685447693,
        0.7248121500015259,
        2.0
      ],
      "rotation": 0.0,
      "pixel_coords": [
        66,
        37,
        11.23675537109375
      ]
    },
    {
      "shape": "Suzanne",
      "size": 1.0,
      "material": "data/materials/PoliigonChainmailCopperRoundedThin001.blend",
      "3d_coords": [
        1.719009518623352,
        -1.8692355155944824,
        1.0
      ],
      "rotation": 0.0,
      "pixel_coords": [
        60,
        67,
        8.600854873657227
      ]
    }
  ],
  "ground_material": "data/materials/PoliigonBricksPaintedWhite001.blend",
  "Lamp_Key": [
    7.139589309692383,
    -3.506620407104492,
    4.026327133178711
  ],
  "Lamp_Back": [
    -1.6631110906600952,
    3.0260744094848633,
    6.744223594665527
  ],
  "Lamp_Fill": [
    -3.9220919609069824,
    -3.54671049118042,
    2.374166965484619
  ],
  "Camera": [
    7.6708455085754395,
    -6.7408599853515625,
    4.863113880157471
  ]
}