{
  "Lamp_Key": [
    7.436892986297607,
    -3.490133762359619,
    4.189329624176025
  ],
  "Lamp_Back": [
    -1.9276384115219116,
    2.8049111366271973,
    5.51533317565918
  ],
  "image_filename": "000003696609730361",
  "Camera": [
    7.5312652587890625,
    -6.942006587982178,
    5.6709418296813965
  ],
  "objects": [
    {
      "material": "MyMetal",
      "3d_coords": [
        -2.906049966812134,
        -1.7009450197219849,
        2.0
      ],
      "rotation": 0.0,
      "shape": "Suzanne",
      "size": 2.0,
      "color": [
        1.0,
        0.0,
        0.0,
        1.0
      ],
      "pixel_coords": [
        25,
        37,
        11.599802017211914
      ]
    },
    {
      "material": "MyMetal",
      "3d_coords": [
        1.1366716623306274,
        2.0299413204193115,
        1.5
      ],
      "rotation": 0.0,
      "shape": "Sphere",
      "size": 1.5,
      "color": [
        0.0,
        1.0,
        1.0,
        1.0
      ],
      "pixel_coords": [
        92,
        45,
        11.45361614227295
      ]
    }
  ],
  "Lamp_Fill": [
    -4.964170932769775,
    -3.5187721252441406,
    2.2148704528808594
  ]
}