{
  "image_filename": "00000069",
  "objects": [
    {
      "shape": "circle",
      "size": 0.125,
      "rotation": 0.0,
      "2d_coords": [
        0.49722327374712677,
        0.20497613667735692
      ],
      "color": [
        255,
        127,
        0
      ]
    },
    {
      "shape": "circle",
      "size": 0.225,
      "rotation": 0.0,
      "2d_coords": [
        0.15976238152762678,
        0.4612376644519463
      ],
      "color": [
        0,
        127,
        255
      ]
    }
  ]
}