{
  "image_filename": "00000017",
  "objects": [
    {
      "shape": "star_4",
      "size": 0.325,
      "rotation": 0.0,
      "2d_coords": [
        0.18832487450701685,
        0.7073979589101149
      ],
      "color": [
        255,
        127,
        0
      ]
    },
    {
      "shape": "triangle",
      "size": 0.125,
      "rotation": 0.0,
      "2d_coords": [
        0.596534528627692,
        0.3118212862553816
      ],
      "color": [
        255,
        0,
        255
      ]
    }
  ]
}