{
  "image_filename": "000000672146966517",
  "objects": [
    {
      "shape": "Suzanne",
      "size": 1.5,
      "material": "data/materials/PoliigonFabricFleece001.blend",
      "3d_coords": [
        -2.1625635623931885,
        -2.8516507148742676,
        1.5
      ],
      "rotation": 0.0,
      "pixel_coords": [
        15,
        48,
        10.194457054138184
      ]
    },
    {
      "shape": "Cone",
      "size": 2.0,
      "material": "data/materials/PoliigonRoofTilesTerracotta004.blend",
      "3d_coords": [
        2.6407549381256104,
        1.9310719966888428,
        2.0
      ],
      "rotation": 0.0,
      "pixel_coords": [
        110,
        42,
        9.854680061340332
      ]
    }
  ],
  "ground_material": "data/materials/PoliigonFabricDenim003.blend",
  "Lamp_Key": [
    6.289310932159424,
    -2.0489420890808105,
    4.198591709136963
  ],
  "Lamp_Back": [
    -1.990035057067871,
    2.8834381103515625,
    6.216865062713623
  ],
  "Lamp_Fill": [
    -5.594808101654053,
    -3.9082090854644775,
    2.521057367324829
  ],
  "Camera": [
    7.2307281494140625,
    -6.989487648010254,
    5.0383100509643555
  ]
}