{
  "image_filename": "000000328308204401",
  "objects": [
    {
      "shape": "Icosahedron",
      "size": 2.0,
      "material": "data/materials/PoliigonMetalSpottyDiscoloration001.blend",
      "3d_coords": [
        0.9898502826690674,
        0.9739399552345276,
        2.0
      ],
      "rotation": 0.0,
      "pixel_coords": [
        82,
        41,
        10.505118370056152
      ]
    },
    {
      "shape": "Suzanne",
      "size": 2.0,
      "material": "data/materials/PoliigonChainmailCopperRoundedThin001.blend",
      "3d_coords": [
        -2.8471035957336426,
        -2.3767354488372803,
        2.0
      ],
      "rotation": 0.0,
      "pixel_coords": [
        18,
        38,
        11.16528606414795
      ]
    }
  ],
  "ground_material": "data/materials/PoliigonRoofTilesTerracotta004.blend",
  "Lamp_Key": [
    7.052123069763184,
    -3.540530204772949,
    3.6364176273345947
  ],
  "Lamp_Back": [
    -1.0368772745132446,
    2.34368896484375,
    5.242663860321045
  ],
  "Lamp_Fill": [
    -3.6869499683380127,
    -4.946896076202393,
    3.3547286987304688
  ],
  "Camera": [
    7.763489246368408,
    -6.614178657531738,
    5.424676895141602
  ]
}