{
  "Camera": [
    7.769819259643555,
    -6.274058818817139,
    5.403145790100098
  ],
  "Lamp_Fill": [
    -4.256537914276123,
    -3.321535348892212,
    2.0256118774414062
  ],
  "Lamp_Key": [
    5.922227382659912,
    -2.32949161529541,
    3.7053205966949463
  ],
  "image_filename": "000005054498563665",
  "objects": [
    {
      "material": "Rubber",
      "3d_coords": [
        0.17354650795459747,
        -2.0158803462982178,
        1.0
      ],
      "pixel_coords": [
        43,
        61,
        9.646149635314941
      ],
      "size": 1.0,
      "rotation": 0.0,
      "shape": "Sphere",
      "color": [
        0.0,
        1.0,
        0.0,
        1.0
      ]
    },
    {
      "material": "Rubber",
      "3d_coords": [
        1.5730698108673096,
        1.8901349306106567,
        1.0
      ],
      "pixel_coords": [
        96,
        53,
        10.846761703491211
      ],
      "size": 1.0,
      "rotation": 0.0,
      "shape": "Sphere",
      "color": [
        0.0,
        1.0,
        0.0,
        1.0
      ]
    }
  ],
  "Lamp_Back": [
    -1.4555357694625854,
    1.8459417819976807,
    5.5807271003723145
  ]
}