{
  "image_filename": "000000851777720356",
  "objects": [
    {
      "shape": "NewellTeapot",
      "size": 2.0,
      "material": "data/materials/PoliigonChainmailCopperRoundedThin001.blend",
      "3d_coords": [
        -1.949121117591858,
        -1.2902297973632812,
        2.0
      ],
      "rotation": 0.0,
      "pixel_coords": [
        34,
        38,
        10.745080947875977
      ]
    },
    {
      "shape": "Cylinder",
      "size": 2.0,
      "material": "data/materials/PoliigonMetalSpottyDiscoloration001.blend",
      "3d_coords": [
        0.806362509727478,
        2.9178805351257324,
        2.0
      ],
      "rotation": 0.0,
      "pixel_coords": [
        97,
        34,
        11.49786376953125
      ]
    }
  ],
  "ground_material": "data/materials/PoliigonRoofTilesTerracotta004.blend",
  "Lamp_Key": [
    5.939769268035889,
    -2.116459608078003,
    3.486990213394165
  ],
  "Lamp_Back": [
    -0.9243329167366028,
    1.80649733543396,
    6.350062847137451
  ],
  "Lamp_Fill": [
    -3.9411425590515137,
    -4.206820487976074,
    3.139866590499878
  ],
  "Camera": [
    7.21114444732666,
    -6.728899955749512,
    5.347527027130127
  ]
}