{
  "image_filename": "000002394749952566",
  "objects": [
    {
      "shape": "Cone",
      "size": 2.0,
      "material": "data/materials/PoliigonBricksPaintedWhite001.blend",
      "3d_coords": [
        1.3430931568145752,
        -2.831617593765259,
        2.0
      ],
      "rotation": 0.0,
      "pixel_coords": [
        43,
        58,
        8.18843936920166
      ]
    },
    {
      "shape": "Sphere",
      "size": 2.0,
      "material": "data/materials/PoliigonBricksFlemishRed001.blend",
      "3d_coords": [
        1.4932087659835815,
        2.2027032375335693,
        2.0
      ],
      "rotation": 0.0,
      "pixel_coords": [
        97,
        40,
        11.038666725158691
      ]
    }
  ],
  "ground_material": "data/materials/PoliigonFabricFleece001.blend",
  "Lamp_Key": [
    5.918430328369141,
    -2.845158576965332,
    4.2810211181640625
  ],
  "Lamp_Back": [
    -2.117459535598755,
    2.0819528102874756,
    6.7648444175720215
  ],
  "Lamp_Fill": [
    -5.393206596374512,
    -3.9197304248809814,
    3.490940809249878
  ],
  "Camera": [
    7.57773494720459,
    -6.844733715057373,
    5.692025661468506
  ]
}