{
  "Lamp_Key": [
    5.569872856140137,
    -2.815505266189575,
    4.052691459655762
  ],
  "Lamp_Back": [
    -1.0299516916275024,
    2.849579334259033,
    6.408506870269775
  ],
  "image_filename": "000009577669284256",
  "Camera": [
    7.104856014251709,
    -6.635044097900391,
    5.3319926261901855
  ],
  "objects": [
    {
      "shape": "Suzanne",
      "rotation": 0.0,
      "size": 1.0,
      "color": [
        0.0,
        0.0,
        1.0,
        1.0
      ],
      "material": "Rubber",
      "3d_coords": [
        2.522390604019165,
        -0.3531898260116577,
        1.0
      ],
      "pixel_coords": [
        87,
        66,
        8.778910636901855
      ]
    },
    {
      "shape": "SmoothCube_v2",
      "rotation": 0.0,
      "size": 1.0,
      "color": [
        1.0,
        0.0,
        1.0,
        1.0
      ],
      "material": "MyMetal",
      "3d_coords": [
        2.2251265048980713,
        2.1815268993377686,
        1.0
      ],
      "pixel_coords": [
        106,
        53,
        10.486234664916992
      ]
    }
  ],
  "Lamp_Fill": [
    -4.4601593017578125,
    -3.455524206161499,
    2.4546871185302734
  ]
}