{
  "image_filename": "00000074",
  "objects": [
    {
      "shape": "square",
      "size": 0.225,
      "rotation": 0.0,
      "2d_coords": [
        0.5746736122838719,
        0.8458096348340832
      ],
      "color": [
        0,
        127,
        255
      ]
    },
    {
      "shape": "square",
      "size": 0.225,
      "rotation": 0.0,
      "2d_coords": [
        0.7503163615749234,
        0.6836319467710872
      ],
      "color": [
        0,
        127,
        255
      ]
    }
  ]
}