{
  "Lamp_Back": [
    -1.2782914638519287,
    2.900864839553833,
    6.159544467926025
  ],
  "Camera": [
    7.9046783447265625,
    -6.026767253875732,
    5.04191255569458
  ],
  "Lamp_Key": [
    6.283750057220459,
    -3.85187029838562,
    4.016058444976807
  ],
  "image_filename": "000007868672695129",
  "Lamp_Fill": [
    -3.7139267921447754,
    -4.314145088195801,
    2.4673264026641846
  ],
  "objects": [
    {
      "pixel_coords": [
        66,
        40,
        13.507528305053711
      ],
      "size": 1.0,
      "material": "Rubber",
      "color": [
        1.0,
        0.0,
        0.0,
        1.0
      ],
      "rotation": 0.0,
      "3d_coords": [
        -2.4093334674835205,
        2.0443925857543945,
        1.0
      ],
      "shape": "SmoothCube_v2"
    },
    {
      "pixel_coords": [
        87,
        51,
        11.021933555603027
      ],
      "size": 1.0,
      "material": "Rubber",
      "color": [
        1.0,
        0.0,
        0.0,
        1.0
      ],
      "rotation": 0.0,
      "3d_coords": [
        0.7979900240898132,
        1.6543253660202026,
        1.0
      ],
      "shape": "SmoothCube_v2"
    }
  ]
}