{
  "image_filename": "00000014",
  "objects": [
    {
      "shape": "star_4",
      "size": 0.225,
      "rotation": 0.0,
      "2d_coords": [
        0.8437224281641789,
        0.5401394019624858
      ],
      "color": [
        0,
        255,
        0
      ]
    },
    {
      "shape": "circle",
      "size": 0.425,
      "rotation": 0.0,
      "2d_coords": [
        0.26416020909005306,
        0.27240344399719135
      ],
      "color": [
        255,
        127,
        0
      ]
    }
  ]
}