{
  "image_filename": "000006986423065299",
  "objects": [
    {
      "shape": "Cube",
      "size": 2.0,
      "material": "data/materials/PoliigonFabricDenim003.blend",
      "3d_coords": [
        -1.6331102848052979,
        -0.5033791065216064,
        2.0
      ],
      "rotation": 0.0,
      "pixel_coords": [
        47,
        37,
        11.378706932067871
      ]
    },
    {
      "shape": "Sphere",
      "size": 2.0,
      "material": "data/materials/PoliigonWoodFlooring061.blend",
      "3d_coords": [
        2.864652633666992,
        -1.006920337677002,
        2.0
      ],
      "rotation": 0.0,
      "pixel_coords": [
        82,
        59,
        8.076422691345215
      ]
    }
  ],
  "ground_material": "data/materials/PoliigonFabricFleece001.blend",
  "Lamp_Key": [
    5.507396221160889,
    -2.464514970779419,
    4.770678520202637
  ],
  "Lamp_Back": [
    -1.9927887916564941,
    2.6562883853912354,
    6.7394843101501465
  ],
  "Lamp_Fill": [
    -4.427077293395996,
    -3.2895989418029785,
    2.314964532852173
  ],
  "Camera": [
    7.772524356842041,
    -6.322483539581299,
    5.746739387512207
  ]
}