{
  "Lamp_Back": [
    -1.9186910390853882,
    2.777724504470825,
    5.439327716827393
  ],
  "image_filename": "000013137320840713",
  "Lamp_Key": [
    6.772470951080322,
    -2.6954901218414307,
    3.7264742851257324
  ],
  "Lamp_Fill": [
    -4.666759490966797,
    -4.058220863342285,
    2.7445380687713623
  ],
  "objects": [
    {
      "material": "MyMetal",
      "rotation": 0.0,
      "size": 1.5,
      "pixel_coords": [
        94,
        45,
        10.481663703918457
      ],
      "color": [
        1.0,
        0.0,
        1.0,
        1.0
      ],
      "3d_coords": [
        1.2515777349472046,
        1.843541145324707,
        1.5
      ],
      "shape": "Sphere"
    },
    {
      "material": "Rubber",
      "rotation": 0.0,
      "size": 1.0,
      "pixel_coords": [
        67,
        67,
        8.595832824707031
      ],
      "color": [
        1.0,
        1.0,
        0.0,
        1.0
      ],
      "3d_coords": [
        1.7840771675109863,
        -1.2792779207229614,
        1.0
      ],
      "shape": "Suzanne"
    }
  ],
  "Camera": [
    7.252021789550781,
    -6.2633819580078125,
    5.384923458099365
  ]
}