{
  "Lamp_Fill": [
    -5.230696201324463,
    -4.604853630065918,
    2.6247470378875732
  ],
  "Camera": [
    7.499013900756836,
    -6.416075706481934,
    5.213202476501465
  ],
  "Lamp_Key": [
    5.51375675201416,
    -2.1178479194641113,
    4.350752830505371
  ],
  "objects": [
    {
      "rotation": 0.0,
      "shape": "Suzanne",
      "material": "Rubber",
      "pixel_coords": [
        62,
        61,
        8.254833221435547
      ],
      "size": 1.5,
      "color": [
        0.0,
        0.0,
        1.0,
        1.0
      ],
      "3d_coords": [
        1.8170949220657349,
        -1.7138673067092896,
        1.5
      ]
    },
    {
      "rotation": 0.0,
      "shape": "SmoothCube_v2",
      "material": "Rubber",
      "pixel_coords": [
        76,
        53,
        10.676141738891602
      ],
      "size": 1.0,
      "color": [
        1.0,
        0.0,
        1.0,
        1.0
      ],
      "3d_coords": [
        0.5897679328918457,
        0.6575295329093933,
        1.0
      ]
    }
  ],
  "Lamp_Back": [
    -1.2296421527862549,
    2.4193408489227295,
    4.962033748626709
  ],
  "image_filename": "000005334406474282"
}