{
  "image_filename": "00000068",
  "objects": [
    {
      "shape": "circle",
      "size": 0.425,
      "rotation": 0.0,
      "2d_coords": [
        0.4095060778504026,
        0.1998547634559191
      ],
      "color": [
        0,
        127,
        255
      ]
    },
    {
      "shape": "triangle",
      "size": 0.325,
      "rotation": 0.0,
      "2d_coords": [
        0.37071963766063143,
        0.4977169139698598
      ],
      "color": [
        255,
        0,
        255
      ]
    }
  ]
}