{
  "Lamp_Key": [
    6.631941795349121,
    -3.268643617630005,
    3.5541200637817383
  ],
  "Camera": [
    7.050381660461426,
    -6.054182529449463,
    5.7981181144714355
  ],
  "Lamp_Fill": [
    -4.300935745239258,
    -4.658926963806152,
    2.1088943481445312
  ],
  "image_filename": "000010841945523777",
  "Lamp_Back": [
    -1.5134443044662476,
    3.3612747192382812,
    5.901000499725342
  ],
  "objects": [
    {
      "rotation": 0.0,
      "shape": "Sphere",
      "color": [
        0.0,
        1.0,
        0.0,
        1.0
      ],
      "pixel_coords": [
        28,
        58,
        8.71562385559082
      ],
      "size": 1.5,
      "3d_coords": [
        -0.1891346424818039,
        -2.832564353942871,
        1.5
      ],
      "material": "Rubber"
    },
    {
      "rotation": 0.0,
      "shape": "SmoothCylinder",
      "color": [
        0.0,
        0.0,
        1.0,
        1.0
      ],
      "pixel_coords": [
        120,
        48,
        10.006856918334961
      ],
      "size": 1.5,
      "3d_coords": [
        2.761655569076538,
        2.939927577972412,
        1.5
      ],
      "material": "Rubber"
    }
  ]
}