{
  "image_filename": "000002430932029746",
  "objects": [
    {
      "shape": "Suzanne",
      "size": 1.5,
      "material": "data/materials/PoliigonBricksFlemishRed001.blend",
      "3d_coords": [
        -0.9240820407867432,
        -1.2518138885498047,
        1.5
      ],
      "rotation": 0.0,
      "pixel_coords": [
        43,
        47,
        10.197949409484863
      ]
    },
    {
      "shape": "Cube",
      "size": 1.0,
      "material": "data/materials/PoliigonWoodFlooring061.blend",
      "3d_coords": [
        -2.302353858947754,
        1.9412473440170288,
        1.0
      ],
      "rotation": 0.0,
      "pixel_coords": [
        62,
        39,
        13.207745552062988
      ]
    }
  ],
  "ground_material": "data/materials/PoliigonBricksPaintedWhite001.blend",
  "Lamp_Key": [
    6.906625747680664,
    -3.4909682273864746,
    5.0574798583984375
  ],
  "Lamp_Back": [
    -1.9070440530776978,
    2.106215715408325,
    5.361457824707031
  ],
  "Lamp_Fill": [
    -5.416745185852051,
    -3.9311795234680176,
    2.6451714038848877
  ],
  "Camera": [
    7.046589374542236,
    -6.553423881530762,
    5.527554512023926
  ]
}