{
  "Lamp_Back": [
    -1.504828929901123,
    2.5631353855133057,
    5.143187999725342
  ],
  "Lamp_Fill": [
    -4.550154209136963,
    -4.663080215454102,
    3.831371307373047
  ],
  "image_filename": "000009473725131585",
  "Camera": [
    7.020987510681152,
    -6.929631233215332,
    4.976863384246826
  ],
  "objects": [
    {
      "shape": "SmoothCylinder",
      "material": "MyMetal",
      "color": [
        1.0,
        0.0,
        1.0,
        1.0
      ],
      "size": 1.5,
      "pixel_coords": [
        77,
        39,
        11.872941970825195
      ],
      "rotation": 0.0,
      "3d_coords": [
        -0.4172268509864807,
        1.9681264162063599,
        1.5
      ]
    },
    {
      "shape": "SmoothCube_v2",
      "material": "Rubber",
      "color": [
        1.0,
        0.0,
        1.0,
        1.0
      ],
      "size": 1.0,
      "pixel_coords": [
        78,
        69,
        8.256583213806152
      ],
      "rotation": 0.0,
      "3d_coords": [
        2.4521048069000244,
        -1.2500101327896118,
        1.0
      ]
    }
  ],
  "Lamp_Key": [
    7.062723159790039,
    -3.618516683578491,
    4.999993324279785
  ]
}