{
  "Lamp_Key": [
    5.959881782531738,
    -2.055563449859619,
    5.082673072814941
  ],
  "Lamp_Back": [
    -1.2882598638534546,
    2.353983163833618,
    6.064046859741211
  ],
  "Camera": [
    7.74632453918457,
    -6.393618583679199,
    5.239368915557861
  ],
  "image_filename": "000013270527407086",
  "objects": [
    {
      "rotation": 0.0,
      "material": "Rubber",
      "color": [
        0.0,
        1.0,
        0.0,
        1.0
      ],
      "pixel_coords": [
        79,
        38,
        12.66533374786377
      ],
      "shape": "SmoothCube_v2",
      "size": 1.5,
      "3d_coords": [
        -0.8793149590492249,
        2.5325136184692383,
        1.5
      ]
    },
    {
      "rotation": 0.0,
      "material": "Rubber",
      "color": [
        0.0,
        0.0,
        1.0,
        1.0
      ],
      "pixel_coords": [
        41,
        39,
        10.67031192779541
      ],
      "shape": "SmoothCylinder",
      "size": 2.0,
      "3d_coords": [
        -1.339501142501831,
        -1.1501686573028564,
        2.0
      ]
    }
  ],
  "Lamp_Fill": [
    -4.572443962097168,
    -4.439961910247803,
    3.672860860824585
  ]
}