{
  "image_filename": "00000040",
  "objects": [
    {
      "shape": "circle",
      "size": 0.125,
      "rotation": 0.0,
      "2d_coords": [
        0.27357211857467395,
        0.5052797454427775
      ],
      "color": [
        255,
        127,
        0
      ]
    },
    {
      "shape": "circle",
      "size": 0.125,
      "rotation": 0.0,
      "2d_coords": [
        0.3293427433818303,
        0.3857313774926727
      ],
      "color": [
        255,
        0,
        255
      ]
    }
  ]
}