{
  "image_filename": "000007718321595958",
  "objects": [
    {
      "shape": "Icosahedron",
      "size": 1.5,
      "material": "data/materials/PoliigonFabricFleece001.blend",
      "3d_coords": [
        -0.5331211686134338,
        -2.011202573776245,
        1.5
      ],
      "rotation": 0.0,
      "pixel_coords": [
        36,
        51,
        9.476301193237305
      ]
    },
    {
      "shape": "Cylinder",
      "size": 2.0,
      "material": "data/materials/PoliigonChainmailCopperRoundedThin001.blend",
      "3d_coords": [
        -2.916166067123413,
        0.6768043637275696,
        2.0
      ],
      "rotation": 0.0,
      "pixel_coords": [
        48,
        30,
        12.365716934204102
      ]
    }
  ],
  "ground_material": "data/materials/PoliigonWoodFlooring061.blend",
  "Lamp_Key": [
    7.402327537536621,
    -3.317791700363159,
    3.313524007797241
  ],
  "Lamp_Back": [
    -0.18760712444782257,
    1.8352547883987427,
    5.291666030883789
  ],
  "Lamp_Fill": [
    -4.778331756591797,
    -4.877585411071777,
    2.021939754486084
  ],
  "Camera": [
    7.349787712097168,
    -6.260520935058594,
    5.230860233306885
  ]
}