{
  "image_filename": "000012342051426853",
  "objects": [
    {
      "shape": "Cylinder",
      "size": 2.0,
      "material": "data/materials/PoliigonChainmailCopperRoundedThin001.blend",
      "3d_coords": [
        -2.9193999767303467,
        1.4025598764419556,
        2.0
      ],
      "rotation": 0.0,
      "pixel_coords": [
        56,
        31,
        13.453020095825195
      ]
    },
    {
      "shape": "Cube",
      "size": 1.5,
      "material": "data/materials/PoliigonBricksPaintedWhite001.blend",
      "3d_coords": [
        1.2231812477111816,
        -2.88000750541687,
        1.5
      ],
      "rotation": 0.0,
      "pixel_coords": [
        40,
        62,
        8.336174964904785
      ]
    }
  ],
  "ground_material": "data/materials/PoliigonBricksPaintedWhite001.blend",
  "Lamp_Key": [
    7.399630546569824,
    -2.117547035217285,
    4.642561912536621
  ],
  "Lamp_Back": [
    -1.8132816553115845,
    2.057398557662964,
    6.660480499267578
  ],
  "Lamp_Fill": [
    -3.7442054748535156,
    -4.9164252281188965,
    3.982919216156006
  ],
  "Camera": [
    7.9363908767700195,
    -6.645381927490234,
    5.005703926086426
  ]
}