{
  "image_filename": "00000000",
  "objects": [
    {
      "shape": "circle",
      "size": 0.425,
      "rotation": 0.0,
      "2d_coords": [
        0.47624724074633945,
        0.7708196767816798
      ],
      "color": [
        0,
        255,
        0
      ]
    },
    {
      "shape": "circle",
      "size": 0.325,
      "rotation": 0.0,
      "2d_coords": [
        0.5184297315960844,
        0.6609915771070644
      ],
      "color": [
        0,
        255,
        0
      ]
    }
  ]
}