{
  "Camera": [
    7.435732364654541,
    -6.546473026275635,
    4.98557186126709
  ],
  "objects": [
    {
      "size": 1.0,
      "material": "MyMetal",
      "rotation": 0.0,
      "pixel_coords": [
        96,
        48,
        11.530281066894531
      ],
      "shape": "Sphere",
      "color": [
        0.0,
        1.0,
        0.0,
        1.0
      ],
      "3d_coords": [
        1.000281810760498,
        2.642535448074341,
        1.0
      ]
    },
    {
      "size": 2.0,
      "material": "Rubber",
      "rotation": 0.0,
      "pixel_coords": [
        55,
        32,
        12.044501304626465
      ],
      "shape": "Sphere",
      "color": [
        0.0,
        1.0,
        0.0,
        1.0
      ],
      "3d_coords": [
        -2.0509395599365234,
        0.8095710277557373,
        2.0
      ]
    }
  ],
  "Lamp_Fill": [
    -4.1499247550964355,
    -3.6186835765838623,
    3.5561089515686035
  ],
  "image_filename": "000016846605190879",
  "Lamp_Back": [
    -0.8729140758514404,
    1.7633672952651978,
    6.62160587310791
  ],
  "Lamp_Key": [
    5.528512954711914,
    -2.7393906116485596,
    5.162242412567139
  ]
}