{
  "image_filename": "000009490261037720",
  "objects": [
    {
      "shape": "Sphere",
      "size": 1.5,
      "material": "data/materials/PoliigonChainmailCopperRoundedThin001.blend",
      "3d_coords": [
        1.488718867301941,
        -1.384469985961914,
        1.5
      ],
      "rotation": 0.0,
      "pixel_coords": [
        62,
        56,
        8.613046646118164
      ]
    },
    {
      "shape": "NewellTeapot",
      "size": 1.0,
      "material": "data/materials/PoliigonBricksPaintedWhite001.blend",
      "3d_coords": [
        -2.470585823059082,
        -0.5310645699501038,
        1.0
      ],
      "rotation": 0.0,
      "pixel_coords": [
        41,
        46,
        12.058034896850586
      ]
    }
  ],
  "ground_material": "data/materials/PoliigonRoofTilesTerracotta004.blend",
  "Lamp_Key": [
    6.877933025360107,
    -3.423356294631958,
    3.5142998695373535
  ],
  "Lamp_Back": [
    -0.927940845489502,
    2.2010059356689453,
    6.374788284301758
  ],
  "Lamp_Fill": [
    -5.439387798309326,
    -3.0796689987182617,
    2.1811742782592773
  ],
  "Camera": [
    7.663180828094482,
    -6.393208980560303,
    4.846492290496826
  ]
}