{
  "image_filename": "000007126420667728",
  "objects": [
    {
      "shape": "Sphere",
      "size": 1.5,
      "material": "data/materials/PoliigonFabricDenim003.blend",
      "3d_coords": [
        -2.7558367252349854,
        -1.6191411018371582,
        1.5
      ],
      "rotation": 0.0,
      "pixel_coords": [
        26,
        41,
        11.180379867553711
      ]
    },
    {
      "shape": "Sphere",
      "size": 2.0,
      "material": "data/materials/PoliigonRoofTilesTerracotta004.blend",
      "3d_coords": [
        0.2565830945968628,
        0.5305604934692383,
        2.0
      ],
      "rotation": 0.0,
      "pixel_coords": [
        72,
        39,
        10.165139198303223
      ]
    }
  ],
  "ground_material": "data/materials/PoliigonFabricFleece001.blend",
  "Lamp_Key": [
    6.201422214508057,
    -3.640479326248169,
    3.7124385833740234
  ],
  "Lamp_Back": [
    -1.840793251991272,
    2.1370010375976562,
    4.858286380767822
  ],
  "Lamp_Fill": [
    -5.538631916046143,
    -3.685598850250244,
    2.029723644256592
  ],
  "Camera": [
    7.197547912597656,
    -6.184077739715576,
    5.688684940338135
  ]
}