{
  "image_filename": "00000018",
  "objects": [
    {
      "shape": "star_4",
      "size": 0.425,
      "rotation": 0.0,
      "2d_coords": [
        0.46721788192832964,
        0.2998658356652587
      ],
      "color": [
        0,
        127,
        255
      ]
    },
    {
      "shape": "triangle",
      "size": 0.325,
      "rotation": 0.0,
      "2d_coords": [
        0.5572776686623914,
        0.7401446999093327
      ],
      "color": [
        0,
        127,
        255
      ]
    }
  ]
}