{
  "image_filename": "00000091",
  "objects": [
    {
      "shape": "triangle",
      "size": 0.425,
      "rotation": 0.0,
      "2d_coords": [
        0.18125992093100438,
        0.8082562459309649
      ],
      "color": [
        0,
        127,
        255
      ]
    },
    {
      "shape": "star_4",
      "size": 0.125,
      "rotation": 0.0,
      "2d_coords": [
        0.6035522185715866,
        0.5471951530924699
      ],
      "color": [
        0,
        255,
        0
      ]
    }
  ]
}