{
  "image_filename": "000003123817311198",
  "objects": [
    {
      "shape": "Suzanne",
      "size": 1.0,
      "material": "data/materials/PoliigonFabricDenim003.blend",
      "3d_coords": [
        -0.348930299282074,
        1.8839659690856934,
        1.0
      ],
      "rotation": 0.0,
      "pixel_coords": [
        79,
        46,
        12.209243774414062
      ]
    },
    {
      "shape": "Suzanne",
      "size": 2.0,
      "material": "data/materials/PoliigonFabricDenim003.blend",
      "3d_coords": [
        1.593681812286377,
        -2.2775721549987793,
        2.0
      ],
      "rotation": 0.0,
      "pixel_coords": [
        50,
        55,
        8.127504348754883
      ]
    }
  ],
  "ground_material": "data/materials/PoliigonWoodFlooring061.blend",
  "Lamp_Key": [
    7.255731105804443,
    -3.679438352584839,
    3.533498525619507
  ],
  "Lamp_Back": [
    -0.33760878443717957,
    2.6248867511749268,
    5.644278049468994
  ],
  "Lamp_Fill": [
    -4.12802267074585,
    -3.327463388442993,
    2.180659532546997
  ],
  "Camera": [
    7.905195236206055,
    -6.207047939300537,
    5.417636394500732
  ]
}