{
  "image_filename": "00000090",
  "objects": [
    {
      "shape": "circle",
      "size": 0.125,
      "rotation": 0.0,
      "2d_coords": [
        0.7591867284043278,
        0.23836178587592566
      ],
      "color": [
        0,
        255,
        0
      ]
    },
    {
      "shape": "star_4",
      "size": 0.225,
      "rotation": 0.0,
      "2d_coords": [
        0.10483901372520964,
        0.5742800108193056
      ],
      "color": [
        255,
        127,
        0
      ]
    }
  ]
}