{
  "Camera": [
    6.991519451141357,
    -6.105583667755127,
    5.534677982330322
  ],
  "Lamp_Fill": [
    -5.148144721984863,
    -3.061251163482666,
    3.4142379760742188
  ],
  "objects": [
    {
      "pixel_coords": [
        94,
        51,
        9.379030227661133
      ],
      "material": "Rubber",
      "size": 1.5,
      "shape": "SmoothCube_v2",
      "rotation": 0.0,
      "3d_coords": [
        1.8886321783065796,
        0.9948017597198486,
        1.5
      ],
      "color": [
        1.0,
        0.0,
        1.0,
        1.0
      ]
    },
    {
      "pixel_coords": [
        18,
        42,
        9.317142486572266
      ],
      "material": "MyMetal",
      "size": 2.0,
      "shape": "Sphere",
      "rotation": 0.0,
      "3d_coords": [
        -1.614502191543579,
        -2.672943353652954,
        2.0
      ],
      "color": [
        1.0,
        1.0,
        0.0,
        1.0
      ]
    }
  ],
  "image_filename": "000004411519630579",
  "Lamp_Key": [
    6.534759044647217,
    -2.753721237182617,
    4.457018852233887
  ],
  "Lamp_Back": [
    -2.117494583129883,
    2.188814163208008,
    5.699648380279541
  ]
}