{
  "Lamp_Back": [
    -1.6800049543380737,
    1.9299521446228027,
    5.746006011962891
  ],
  "image_filename": "000003606927202565",
  "Lamp_Fill": [
    -4.173103332519531,
    -3.9165637493133545,
    3.403019428253174
  ],
  "objects": [
    {
      "size": 1.5,
      "shape": "SmoothCube_v2",
      "3d_coords": [
        1.4231549501419067,
        -0.6796901822090149,
        1.5
      ],
      "pixel_coords": [
        69,
        56,
        9.547574043273926
      ],
      "material": "Rubber",
      "rotation": 0.0,
      "color": [
        1.0,
        1.0,
        0.0,
        1.0
      ]
    },
    {
      "size": 1.5,
      "shape": "SmoothCylinder",
      "3d_coords": [
        -2.6583750247955322,
        -0.6548773646354675,
        1.5
      ],
      "pixel_coords": [
        39,
        40,
        12.31521224975586
      ],
      "material": "Rubber",
      "rotation": 0.0,
      "color": [
        1.0,
        0.0,
        0.0,
        1.0
      ]
    }
  ],
  "Lamp_Key": [
    5.563199520111084,
    -3.745424509048462,
    4.941019535064697
  ],
  "Camera": [
    7.840349197387695,
    -6.392792224884033,
    5.716601371765137
  ]
}