{
  "Lamp_Back": [
    -1.925602674484253,
    2.337649345397949,
    6.057230472564697
  ],
  "Camera": [
    7.640659809112549,
    -6.200223922729492,
    5.131507396697998
  ],
  "Lamp_Key": [
    6.334012985229492,
    -2.2570416927337646,
    4.449457168579102
  ],
  "objects": [
    {
      "material": "Rubber",
      "rotation": 0.0,
      "3d_coords": [
        -0.6072208881378174,
        -2.1077260971069336,
        1.5
      ],
      "size": 1.5,
      "pixel_coords": [
        35,
        50,
        9.644390106201172
      ],
      "color": [
        1.0,
        0.0,
        1.0,
        1.0
      ],
      "shape": "SmoothCube_v2"
    },
    {
      "material": "Rubber",
      "rotation": 0.0,
      "3d_coords": [
        2.8993518352508545,
        0.8658708333969116,
        1.0
      ],
      "size": 1.0,
      "pixel_coords": [
        102,
        62,
        9.122669219970703
      ],
      "color": [
        1.0,
        0.0,
        1.0,
        1.0
      ],
      "shape": "Suzanne"
    }
  ],
  "image_filename": "000002168872075609",
  "Lamp_Fill": [
    -5.499114990234375,
    -4.618829250335693,
    3.9316582679748535
  ]
}