{
  "Camera": [
    7.215943813323975,
    -6.694729328155518,
    4.896669864654541
  ],
  "Lamp_Back": [
    -2.1078033447265625,
    3.6201469898223877,
    5.733353614807129
  ],
  "Lamp_Fill": [
    -4.282191753387451,
    -4.793347358703613,
    3.154585838317871
  ],
  "image_filename": "000015836599442379",
  "objects": [
    {
      "shape": "SmoothCylinder",
      "3d_coords": [
        1.1449443101882935,
        -2.088130474090576,
        1.0
      ],
      "material": "Rubber",
      "size": 1.0,
      "color": [
        0.0,
        1.0,
        1.0,
        1.0
      ],
      "pixel_coords": [
        52,
        66,
        8.525485038757324
      ],
      "rotation": 0.0
    },
    {
      "shape": "SmoothCylinder",
      "3d_coords": [
        -1.2510895729064941,
        -1.9146533012390137,
        1.0
      ],
      "material": "Rubber",
      "size": 1.0,
      "color": [
        1.0,
        0.0,
        0.0,
        1.0
      ],
      "pixel_coords": [
        33,
        54,
        10.203777313232422
      ],
      "rotation": 0.0
    }
  ],
  "Lamp_Key": [
    6.509068489074707,
    -2.567546844482422,
    3.361391544342041
  ]
}