{
  "Camera": [
    7.32952356338501,
    -6.97925329208374,
    5.589948654174805
  ],
  "image_filename": "000010925349071068",
  "Lamp_Fill": [
    -5.020120143890381,
    -4.6370849609375,
    3.3406758308410645
  ],
  "Lamp_Key": [
    6.2463250160217285,
    -2.163957118988037,
    4.7213215827941895
  ],
  "objects": [
    {
      "3d_coords": [
        2.64365816116333,
        -0.6540954113006592,
        1.5
      ],
      "rotation": 0.0,
      "shape": "SmoothCube_v2",
      "material": "Rubber",
      "size": 1.5,
      "pixel_coords": [
        86,
        61,
        8.766026496887207
      ],
      "color": [
        1.0,
        0.0,
        1.0,
        1.0
      ]
    },
    {
      "3d_coords": [
        -0.25957322120666504,
        1.9237651824951172,
        1.5
      ],
      "rotation": 0.0,
      "shape": "SmoothCube_v2",
      "material": "Rubber",
      "size": 1.5,
      "pixel_coords": [
        78,
        40,
        12.162575721740723
      ],
      "color": [
        1.0,
        0.0,
        1.0,
        1.0
      ]
    }
  ],
  "Lamp_Back": [
    -0.38005346059799194,
    1.7677321434020996,
    5.216984748840332
  ]
}