{
  "Camera": [
    7.397273063659668,
    -6.523233890533447,
    5.4366021156311035
  ],
  "Lamp_Fill": [
    -4.549520492553711,
    -4.687953948974609,
    2.23343825340271
  ],
  "Lamp_Key": [
    6.043046474456787,
    -2.3144140243530273,
    4.8784990310668945
  ],
  "objects": [
    {
      "material": "Rubber",
      "3d_coords": [
        -2.8308393955230713,
        1.0255224704742432,
        2.0
      ],
      "pixel_coords": [
        52,
        30,
        12.74977970123291
      ],
      "rotation": 0.0,
      "color": [
        0.0,
        1.0,
        1.0,
        1.0
      ],
      "shape": "Suzanne",
      "size": 2.0
    },
    {
      "material": "Rubber",
      "3d_coords": [
        0.6771937012672424,
        -2.122082233428955,
        2.0
      ],
      "pixel_coords": [
        45,
        51,
        8.622347831726074
      ],
      "rotation": 0.0,
      "color": [
        0.0,
        1.0,
        1.0,
        1.0
      ],
      "shape": "Suzanne",
      "size": 2.0
    }
  ],
  "image_filename": "000003680665992187",
  "Lamp_Back": [
    -1.2374807596206665,
    2.690948009490967,
    5.167842388153076
  ]
}