{
  "image_filename": "00000093",
  "objects": [
    {
      "shape": "circle",
      "size": 0.225,
      "rotation": 0.0,
      "2d_coords": [
        0.8051807487151282,
        0.24294471407475599
      ],
      "color": [
        0,
        255,
        0
      ]
    },
    {
      "shape": "circle",
      "size": 0.325,
      "rotation": 0.0,
      "2d_coords": [
        0.5863489935504704,
        0.8286760406175346
      ],
      "color": [
        255,
        0,
        255
      ]
    }
  ]
}