{
  "image_filename": "000009268840935035",
  "objects": [
    {
      "shape": "NewellTeapot",
      "size": 2.0,
      "material": "data/materials/PoliigonWoodFlooring061.blend",
      "3d_coords": [
        2.5476362705230713,
        2.8612377643585205,
        2.0
      ],
      "rotation": 0.0,
      "pixel_coords": [
        115,
        41,
        10.539921760559082
      ]
    },
    {
      "shape": "Icosahedron",
      "size": 1.0,
      "material": "data/materials/PoliigonWoodFlooring061.blend",
      "3d_coords": [
        -0.8791726231575012,
        0.8790154457092285,
        1.0
      ],
      "rotation": 0.0,
      "pixel_coords": [
        65,
        47,
        12.122596740722656
      ]
    }
  ],
  "ground_material": "data/materials/PoliigonRoofTilesTerracotta004.blend",
  "Lamp_Key": [
    6.126888751983643,
    -2.652207851409912,
    4.903425693511963
  ],
  "Lamp_Back": [
    -1.669029712677002,
    3.012951135635376,
    4.965790748596191
  ],
  "Lamp_Fill": [
    -4.835369110107422,
    -4.01774787902832,
    3.8511807918548584
  ],
  "Camera": [
    7.466825008392334,
    -6.620967864990234,
    5.824441432952881
  ]
}