{
  "objects": [
    {
      "shape": "Suzanne",
      "size": 2.0,
      "rotation": 0.0,
      "color": [
        1.0,
        0.0,
        1.0,
        1.0
      ],
      "material": "Rubber",
      "3d_coords": [
        0.28732895851135254,
        -2.9494211673736572,
        2.0
      ],
      "pixel_coords": [
        32,
        51,
        8.858192443847656
      ]
    },
    {
      "shape": "SmoothCube_v2",
      "size": 1.5,
      "rotation": 0.0,
      "color": [
        1.0,
        0.0,
        1.0,
        1.0
      ],
      "material": "Rubber",
      "3d_coords": [
        -0.8516468405723572,
        2.0338685512542725,
        1.5
      ],
      "pixel_coords": [
        75,
        39,
        12.74113655090332
      ]
    }
  ],
  "image_filename": "000017342112398353",
  "Lamp_Back": [
    -0.6113868951797485,
    3.3723344802856445,
    6.607901096343994
  ],
  "Lamp_Fill": [
    -5.5220160484313965,
    -3.615243911743164,
    3.6315128803253174
  ],
  "Camera": [
    7.903717517852783,
    -6.753659725189209,
    5.297348976135254
  ],
  "Lamp_Key": [
    7.436567783355713,
    -3.8195247650146484,
    4.274191856384277
  ]
}