{
  "objects": [
    {
      "material": "Rubber",
      "rotation": 0.0,
      "shape": "SmoothCube_v2",
      "size": 1.5,
      "color": [
        1.0,
        0.0,
        1.0,
        1.0
      ],
      "pixel_coords": [
        50,
        49,
        10.720176696777344
      ],
      "3d_coords": [
        -0.3880787491798401,
        -1.0428402423858643,
        1.5
      ]
    },
    {
      "material": "Rubber",
      "rotation": 0.0,
      "shape": "SmoothCube_v2",
      "size": 1.0,
      "color": [
        1.0,
        0.0,
        0.0,
        1.0
      ],
      "pixel_coords": [
        87,
        47,
        12.429691314697266
      ],
      "3d_coords": [
        0.2949333190917969,
        2.373981475830078,
        1.0
      ]
    }
  ],
  "Camera": [
    7.921121120452881,
    -6.648435592651367,
    5.6057448387146
  ],
  "Lamp_Fill": [
    -4.492056846618652,
    -4.6379475593566895,
    3.6554973125457764
  ],
  "Lamp_Key": [
    6.5713019371032715,
    -2.0323097705841064,
    3.4224703311920166
  ],
  "Lamp_Back": [
    -0.6022886633872986,
    2.651287794113159,
    4.9569854736328125
  ],
  "image_filename": "000003420183597314"
}