{
  "objects": [
    {
      "pixel_coords": [
        92,
        57,
        9.101662635803223
      ],
      "rotation": 0.0,
      "color": [
        1.0,
        0.0,
        1.0,
        1.0
      ],
      "3d_coords": [
        2.6945488452911377,
        0.030658001080155373,
        1.5
      ],
      "shape": "SmoothCube_v2",
      "material": "Rubber",
      "size": 1.5
    },
    {
      "pixel_coords": [
        59,
        45,
        11.334924697875977
      ],
      "rotation": 0.0,
      "color": [
        1.0,
        0.0,
        1.0,
        1.0
      ],
      "3d_coords": [
        -0.6211652159690857,
        0.04186918959021568,
        1.5
      ],
      "shape": "SmoothCube_v2",
      "material": "Rubber",
      "size": 1.5
    }
  ],
  "image_filename": "000004173412706276",
  "Lamp_Key": [
    7.078152656555176,
    -3.619290590286255,
    4.232296466827393
  ],
  "Lamp_Back": [
    -0.7605588436126709,
    2.842085599899292,
    5.391690731048584
  ],
  "Camera": [
    7.767619609832764,
    -6.816825866699219,
    5.1947245597839355
  ],
  "Lamp_Fill": [
    -4.421345233917236,
    -4.49314546585083,
    2.1886637210845947
  ]
}