{
  "image_filename": "000004255470583196",
  "Lamp_Key": [
    7.084898471832275,
    -2.331469774246216,
    4.324394702911377
  ],
  "Camera": [
    7.93861198425293,
    -6.933388710021973,
    5.207184314727783
  ],
  "objects": [
    {
      "pixel_coords": [
        54,
        57,
        8.096924781799316
      ],
      "rotation": 0.0,
      "3d_coords": [
        1.9421848058700562,
        -2.478806734085083,
        2.0
      ],
      "color": [
        1.0,
        1.0,
        0.0,
        1.0
      ],
      "size": 2.0,
      "material": "MyMetal",
      "shape": "Sphere"
    },
    {
      "pixel_coords": [
        93,
        48,
        10.792597770690918
      ],
      "rotation": 0.0,
      "3d_coords": [
        1.7092503309249878,
        1.449733853340149,
        1.5
      ],
      "color": [
        1.0,
        0.0,
        1.0,
        1.0
      ],
      "size": 1.5,
      "material": "Rubber",
      "shape": "SmoothCube_v2"
    }
  ],
  "Lamp_Fill": [
    -3.827786445617676,
    -3.5592072010040283,
    2.534649133682251
  ],
  "Lamp_Back": [
    -1.7593233585357666,
    3.433371067047119,
    6.086083889007568
  ]
}