{
  "image_filename": "000014149753875286",
  "objects": [
    {
      "shape": "NewellTeapot",
      "size": 1.0,
      "material": "data/materials/PoliigonWoodFlooring061.blend",
      "3d_coords": [
        -0.652167022228241,
        0.1808578372001648,
        1.0
      ],
      "rotation": 0.0,
      "pixel_coords": [
        61,
        50,
        11.594547271728516
      ]
    },
    {
      "shape": "Sphere",
      "size": 1.5,
      "material": "data/materials/PoliigonChainmailCopperRoundedThin001.blend",
      "3d_coords": [
        1.7985999584197998,
        -2.953917980194092,
        1.5
      ],
      "rotation": 0.0,
      "pixel_coords": [
        44,
        70,
        7.984114170074463
      ]
    }
  ],
  "ground_material": "data/materials/PoliigonChainmailCopperRoundedThin001.blend",
  "Lamp_Key": [
    5.510891437530518,
    -3.738478899002075,
    3.70114803314209
  ],
  "Lamp_Back": [
    -1.6836034059524536,
    2.641577959060669,
    4.927515029907227
  ],
  "Lamp_Fill": [
    -5.2636399269104,
    -4.972647190093994,
    3.4191176891326904
  ],
  "Camera": [
    7.767561435699463,
    -6.317042350769043,
    5.772383689880371
  ]
}