{
  "Lamp_Back": [
    -1.91168212890625,
    2.6933369636535645,
    6.627553462982178
  ],
  "Lamp_Key": [
    6.201031684875488,
    -2.597428798675537,
    4.153372764587402
  ],
  "Lamp_Fill": [
    -4.797238826751709,
    -3.122370481491089,
    3.765615701675415
  ],
  "Camera": [
    7.1861443519592285,
    -6.403656005859375,
    5.586101055145264
  ],
  "image_filename": "000009763382805131",
  "objects": [
    {
      "color": [
        0.0,
        0.0,
        1.0,
        1.0
      ],
      "size": 1.0,
      "rotation": 0.0,
      "3d_coords": [
        2.9501760005950928,
        2.099304437637329,
        1.0
      ],
      "material": "MyMetal",
      "pixel_coords": [
        114,
        58,
        9.929905891418457
      ],
      "shape": "Sphere"
    },
    {
      "color": [
        1.0,
        0.0,
        0.0,
        1.0
      ],
      "size": 1.5,
      "rotation": 0.0,
      "3d_coords": [
        -0.19970792531967163,
        -1.4130079746246338,
        1.5
      ],
      "material": "Rubber",
      "pixel_coords": [
        47,
        51,
        9.691861152648926
      ],
      "shape": "Suzanne"
    }
  ]
}