{
  "image_filename": "000014355932724555",
  "objects": [
    {
      "shape": "Icosahedron",
      "size": 1.0,
      "material": "data/materials/PoliigonWoodFlooring061.blend",
      "3d_coords": [
        -2.647458553314209,
        -2.74819278717041,
        1.0
      ],
      "rotation": 0.0,
      "pixel_coords": [
        16,
        51,
        11.1717529296875
      ]
    },
    {
      "shape": "Suzanne",
      "size": 1.5,
      "material": "data/materials/PoliigonMetalSpottyDiscoloration001.blend",
      "3d_coords": [
        0.14797908067703247,
        1.5727272033691406,
        1.5
      ],
      "rotation": 0.0,
      "pixel_coords": [
        80,
        43,
        11.364013671875
      ]
    }
  ],
  "ground_material": "data/materials/PoliigonWoodFlooring061.blend",
  "Lamp_Key": [
    5.984470367431641,
    -2.0091214179992676,
    5.17766809463501
  ],
  "Lamp_Back": [
    -1.4723234176635742,
    3.2379729747772217,
    6.182751178741455
  ],
  "Lamp_Fill": [
    -5.425755500793457,
    -4.016737937927246,
    4.002697944641113
  ],
  "Camera": [
    7.9572343826293945,
    -6.224963665008545,
    4.976694107055664
  ]
}