{
  "Lamp_Key": [
    6.098699569702148,
    -3.042905807495117,
    4.622618675231934
  ],
  "image_filename": "000005273738616271",
  "objects": [
    {
      "material": "Rubber",
      "color": [
        0.0,
        0.0,
        1.0,
        1.0
      ],
      "size": 2.0,
      "rotation": 0.0,
      "3d_coords": [
        -1.2301969528198242,
        -2.878030776977539,
        2.0
      ],
      "pixel_coords": [
        21,
        44,
        9.67835521697998
      ],
      "shape": "Sphere"
    },
    {
      "material": "MyMetal",
      "color": [
        1.0,
        0.0,
        1.0,
        1.0
      ],
      "size": 1.0,
      "rotation": 0.0,
      "3d_coords": [
        -1.1663591861724854,
        0.5405959486961365,
        1.0
      ],
      "pixel_coords": [
        60,
        47,
        12.047459602355957
      ],
      "shape": "Sphere"
    }
  ],
  "Camera": [
    7.738414287567139,
    -6.503788948059082,
    5.297992706298828
  ],
  "Lamp_Back": [
    -0.5088497400283813,
    3.4113333225250244,
    5.322210788726807
  ],
  "Lamp_Fill": [
    -3.78861665725708,
    -4.143124580383301,
    3.7056519985198975
  ]
}