{
  "Lamp_Key": [
    6.060460567474365,
    -2.3349263668060303,
    3.587494134902954
  ],
  "Lamp_Back": [
    -0.8192409873008728,
    3.2407212257385254,
    6.089576721191406
  ],
  "Lamp_Fill": [
    -4.512105941772461,
    -3.634570598602295,
    2.1725199222564697
  ],
  "objects": [
    {
      "shape": "SmoothCylinder",
      "size": 2.0,
      "color": [
        0.0,
        0.0,
        1.0,
        1.0
      ],
      "material": "Rubber",
      "rotation": 0.0,
      "pixel_coords": [
        50,
        30,
        12.665241241455078
      ],
      "3d_coords": [
        -2.872476816177368,
        0.7775489687919617,
        2.0
      ]
    },
    {
      "shape": "SmoothCube_v2",
      "size": 2.0,
      "color": [
        1.0,
        0.0,
        0.0,
        1.0
      ],
      "material": "Rubber",
      "rotation": 0.0,
      "pixel_coords": [
        64,
        55,
        8.026871681213379
      ],
      "3d_coords": [
        1.9683575630187988,
        -1.6526411771774292,
        2.0
      ]
    }
  ],
  "image_filename": "000003733284206318",
  "Camera": [
    7.595066070556641,
    -6.322870254516602,
    5.353424549102783
  ]
}