{
  "image_filename": "00000063",
  "objects": [
    {
      "shape": "square",
      "size": 0.325,
      "rotation": 0.0,
      "2d_coords": [
        0.3633064529178297,
        0.6419347143270102
      ],
      "color": [
        0,
        127,
        255
      ]
    },
    {
      "shape": "square",
      "size": 0.425,
      "rotation": 0.0,
      "2d_coords": [
        0.4328495536333607,
        0.23182011050234824
      ],
      "color": [
        0,
        127,
        255
      ]
    }
  ]
}