{
  "Lamp_Fill": [
    -4.0918474197387695,
    -3.0674898624420166,
    2.0540049076080322
  ],
  "Lamp_Back": [
    -2.0898876190185547,
    3.5387356281280518,
    5.737909317016602
  ],
  "Lamp_Key": [
    5.569438457489014,
    -2.1894469261169434,
    3.6281464099884033
  ],
  "objects": [
    {
      "rotation": 0.0,
      "size": 2.0,
      "material": "MyMetal",
      "3d_coords": [
        1.548125147819519,
        -2.5880837440490723,
        2.0
      ],
      "shape": "Sphere",
      "pixel_coords": [
        48,
        56,
        8.159610748291016
      ],
      "color": [
        1.0,
        1.0,
        0.0,
        1.0
      ]
    },
    {
      "rotation": 0.0,
      "size": 1.5,
      "material": "MyMetal",
      "3d_coords": [
        2.3513026237487793,
        1.3462620973587036,
        1.5
      ],
      "shape": "SmoothCube_v2",
      "pixel_coords": [
        99,
        51,
        10.144487380981445
      ],
      "color": [
        0.0,
        1.0,
        1.0,
        1.0
      ]
    }
  ],
  "image_filename": "000005817615111996",
  "Camera": [
    7.766292572021484,
    -6.765917778015137,
    5.395188331604004
  ]
}