{
  "image_filename": "00000020",
  "objects": [
    {
      "shape": "circle",
      "size": 0.425,
      "rotation": 0.0,
      "2d_coords": [
        0.2677729682257889,
        0.818007397280047
      ],
      "color": [
        255,
        0,
        255
      ]
    },
    {
      "shape": "star_4",
      "size": 0.125,
      "rotation": 0.0,
      "2d_coords": [
        0.48053327633598925,
        0.4976522289487964
      ],
      "color": [
        255,
        127,
        0
      ]
    }
  ]
}