{
  "Lamp_Fill": [
    -4.615914821624756,
    -4.430387496948242,
    2.9010376930236816
  ],
  "Camera": [
    7.943332195281982,
    -6.69978666305542,
    5.719431400299072
  ],
  "Lamp_Back": [
    -1.9044220447540283,
    1.719046711921692,
    5.167337894439697
  ],
  "image_filename": "000010228311712546",
  "objects": [
    {
      "3d_coords": [
        -2.0357439517974854,
        1.8672032356262207,
        1.5
      ],
      "material": "MyMetal",
      "pixel_coords": [
        65,
        37,
        13.556181907653809
      ],
      "rotation": 0.0,
      "shape": "SmoothCylinder",
      "color": [
        0.0,
        1.0,
        0.0,
        1.0
      ],
      "size": 1.5
    },
    {
      "3d_coords": [
        1.6760492324829102,
        0.21967463195323944,
        1.5
      ],
      "material": "Rubber",
      "pixel_coords": [
        81,
        53,
        10.139915466308594
      ],
      "rotation": 0.0,
      "shape": "SmoothCylinder",
      "color": [
        0.0,
        1.0,
        0.0,
        1.0
      ],
      "size": 1.5
    }
  ],
  "Lamp_Key": [
    5.951569557189941,
    -1.9668946266174316,
    4.8360595703125
  ]
}