{
  "Lamp_Back": [
    -0.22473295032978058,
    3.5591044425964355,
    5.394778728485107
  ],
  "Lamp_Key": [
    5.540036201477051,
    -2.1905229091644287,
    5.116353511810303
  ],
  "objects": [
    {
      "color": [
        1.0,
        0.0,
        0.0,
        1.0
      ],
      "3d_coords": [
        1.967932939529419,
        2.716519594192505,
        1.0
      ],
      "shape": "SmoothCube_v2",
      "size": 1.0,
      "pixel_coords": [
        107,
        50,
        10.880132675170898
      ],
      "material": "Rubber",
      "rotation": 0.0
    },
    {
      "color": [
        1.0,
        1.0,
        0.0,
        1.0
      ],
      "3d_coords": [
        -0.825266420841217,
        1.4311885833740234,
        2.0
      ],
      "shape": "SmoothCylinder",
      "size": 2.0,
      "pixel_coords": [
        70,
        33,
        11.421591758728027
      ],
      "material": "Rubber",
      "rotation": 0.0
    }
  ],
  "Lamp_Fill": [
    -4.396183967590332,
    -4.073737144470215,
    3.0501110553741455
  ],
  "Camera": [
    7.024774551391602,
    -6.669841289520264,
    5.116851329803467
  ],
  "image_filename": "000010533166941573"
}