{
  "Lamp_Back": [
    -1.5502759218215942,
    2.597900390625,
    6.172891616821289
  ],
  "Lamp_Fill": [
    -4.861770153045654,
    -3.064955711364746,
    2.16082763671875
  ],
  "Lamp_Key": [
    6.99717378616333,
    -3.722609519958496,
    4.836561679840088
  ],
  "image_filename": "000013888225224755",
  "objects": [
    {
      "size": 1.0,
      "rotation": 0.0,
      "pixel_coords": [
        48,
        47,
        11.873080253601074
      ],
      "shape": "Sphere",
      "color": [
        0.0,
        1.0,
        0.0,
        1.0
      ],
      "3d_coords": [
        -1.719986915588379,
        -0.2352318912744522,
        1.0
      ],
      "material": "MyMetal"
    },
    {
      "size": 1.0,
      "rotation": 0.0,
      "pixel_coords": [
        98,
        60,
        9.927640914916992
      ],
      "shape": "SmoothCube_v2",
      "color": [
        0.0,
        1.0,
        1.0,
        1.0
      ],
      "3d_coords": [
        2.474207878112793,
        0.9658596515655518,
        1.0
      ],
      "material": "Rubber"
    }
  ],
  "Camera": [
    7.222276210784912,
    -6.704874515533447,
    5.792494297027588
  ]
}