{
  "image_filename": "000012055734335822",
  "objects": [
    {
      "shape": "Icosahedron",
      "size": 1.0,
      "material": "data/materials/PoliigonBricksFlemishRed001.blend",
      "3d_coords": [
        2.5806212425231934,
        -0.7921735644340515,
        1.0
      ],
      "rotation": 0.0,
      "pixel_coords": [
        82,
        68,
        9.000924110412598
      ]
    },
    {
      "shape": "Torus",
      "size": 2.0,
      "material": "data/materials/PoliigonBricksPaintedWhite001.blend",
      "3d_coords": [
        -1.7058656215667725,
        1.8354920148849487,
        2.0
      ],
      "rotation": 0.0,
      "pixel_coords": [
        66,
        32,
        12.914263725280762
      ]
    }
  ],
  "ground_material": "data/materials/PoliigonRoofTilesTerracotta004.blend",
  "Lamp_Key": [
    7.1619486808776855,
    -2.4291937351226807,
    4.04888391494751
  ],
  "Lamp_Back": [
    -2.0313212871551514,
    2.4044189453125,
    6.2977118492126465
  ],
  "Lamp_Fill": [
    -5.205532073974609,
    -4.694004535675049,
    3.0300939083099365
  ],
  "Camera": [
    7.591552257537842,
    -6.971932888031006,
    5.373288154602051
  ]
}