{
  "image_filename": "000014352190262223",
  "objects": [
    {
      "shape": "Cylinder",
      "size": 1.0,
      "material": "data/materials/PoliigonChainmailCopperRoundedThin001.blend",
      "3d_coords": [
        0.4465121328830719,
        -2.3041365146636963,
        1.0
      ],
      "rotation": 0.0,
      "pixel_coords": [
        41,
        64,
        8.591809272766113
      ]
    },
    {
      "shape": "Torus",
      "size": 1.0,
      "material": "data/materials/PoliigonWoodFlooring061.blend",
      "3d_coords": [
        -1.522495150566101,
        1.765824794769287,
        1.0
      ],
      "rotation": 0.0,
      "pixel_coords": [
        67,
        42,
        12.311644554138184
      ]
    }
  ],
  "ground_material": "data/materials/PoliigonBricksPaintedWhite001.blend",
  "Lamp_Key": [
    5.4579267501831055,
    -2.9678585529327393,
    4.229283809661865
  ],
  "Lamp_Back": [
    -0.285542756319046,
    2.586982250213623,
    5.911001205444336
  ],
  "Lamp_Fill": [
    -4.274412631988525,
    -3.1118617057800293,
    2.3087728023529053
  ],
  "Camera": [
    7.017571926116943,
    -6.406466007232666,
    4.971545696258545
  ]
}