{
  "image_filename": "00000060",
  "objects": [
    {
      "shape": "circle",
      "size": 0.425,
      "rotation": 0.0,
      "2d_coords": [
        0.8518138594606792,
        0.708746139147185
      ],
      "color": [
        0,
        255,
        0
      ]
    },
    {
      "shape": "circle",
      "size": 0.325,
      "rotation": 0.0,
      "2d_coords": [
        0.3330498399565889,
        0.19413025051562172
      ],
      "color": [
        0,
        255,
        0
      ]
    }
  ]
}