{
  "Lamp_Fill": [
    -3.8860929012298584,
    -4.81238317489624,
    2.976048231124878
  ],
  "image_filename": "000001589603252882",
  "objects": [
    {
      "rotation": 0.0,
      "shape": "SmoothCube_v2",
      "size": 2.0,
      "color": [
        1.0,
        0.0,
        0.0,
        1.0
      ],
      "3d_coords": [
        -1.6056535243988037,
        2.0482146739959717,
        2.0
      ],
      "material": "Rubber",
      "pixel_coords": [
        68,
        31,
        12.786755561828613
      ]
    },
    {
      "rotation": 0.0,
      "shape": "Sphere",
      "size": 1.0,
      "color": [
        0.0,
        1.0,
        0.0,
        1.0
      ],
      "3d_coords": [
        0.7288177609443665,
        -1.9948883056640625,
        1.0
      ],
      "material": "MyMetal",
      "pixel_coords": [
        50,
        65,
        9.354828834533691
      ]
    }
  ],
  "Lamp_Key": [
    6.580519676208496,
    -2.9177162647247314,
    4.833559036254883
  ],
  "Lamp_Back": [
    -1.073336124420166,
    2.8508620262145996,
    5.129691123962402
  ],
  "Camera": [
    7.201857089996338,
    -7.004817485809326,
    5.622433185577393
  ]
}