{
  "Lamp_Fill": [
    -4.593887805938721,
    -3.5369200706481934,
    3.6576554775238037
  ],
  "image_filename": "000005920246696598",
  "Lamp_Key": [
    7.17532205581665,
    -2.040675401687622,
    4.403112888336182
  ],
  "Lamp_Back": [
    -0.9311475157737732,
    1.673048496246338,
    6.027059078216553
  ],
  "Camera": [
    7.254608154296875,
    -6.895249843597412,
    5.105367660522461
  ],
  "objects": [
    {
      "pixel_coords": [
        40,
        46,
        10.609565734863281
      ],
      "material": "MyMetal",
      "3d_coords": [
        -1.3039283752441406,
        -1.28135347366333,
        1.5
      ],
      "color": [
        0.0,
        1.0,
        0.0,
        1.0
      ],
      "rotation": 0.0,
      "size": 1.5,
      "shape": "Sphere"
    },
    {
      "pixel_coords": [
        63,
        42,
        12.964921951293945
      ],
      "material": "Rubber",
      "3d_coords": [
        -1.8590396642684937,
        1.602376103401184,
        1.0
      ],
      "color": [
        1.0,
        0.0,
        0.0,
        1.0
      ],
      "rotation": 0.0,
      "size": 1.0,
      "shape": "SmoothCube_v2"
    }
  ]
}