{
  "Lamp_Back": [
    -0.2989034056663513,
    2.0182087421417236,
    5.720136642456055
  ],
  "objects": [
    {
      "rotation": 0.0,
      "pixel_coords": [
        91,
        39,
        12.138171195983887
      ],
      "color": [
        0.0,
        0.0,
        1.0,
        1.0
      ],
      "material": "MyMetal",
      "3d_coords": [
        0.22261500358581543,
        2.9087257385253906,
        1.5
      ],
      "size": 1.5,
      "shape": "Sphere"
    },
    {
      "rotation": 0.0,
      "pixel_coords": [
        28,
        43,
        11.390278816223145
      ],
      "color": [
        1.0,
        0.0,
        0.0,
        1.0
      ],
      "material": "MyMetal",
      "3d_coords": [
        -2.5275042057037354,
        -1.7347309589385986,
        1.5
      ],
      "size": 1.5,
      "shape": "SmoothCube_v2"
    }
  ],
  "image_filename": "000007148893227750",
  "Camera": [
    7.6499223709106445,
    -6.365627765655518,
    5.544849395751953
  ],
  "Lamp_Key": [
    6.819497585296631,
    -2.1295511722564697,
    3.8272056579589844
  ],
  "Lamp_Fill": [
    -3.9696810245513916,
    -3.2253365516662598,
    3.8868701457977295
  ]
}