{
  "image_filename": "000012081475060900",
  "Camera": [
    7.393331527709961,
    -6.896429061889648,
    5.3376617431640625
  ],
  "objects": [
    {
      "material": "MyMetal",
      "size": 1.0,
      "3d_coords": [
        -1.1718571186065674,
        0.2466423213481903,
        1.0
      ],
      "rotation": 0.0,
      "shape": "Sphere",
      "color": [
        0.0,
        1.0,
        0.0,
        1.0
      ],
      "pixel_coords": [
        57,
        48,
        11.87267780303955
      ]
    },
    {
      "material": "MyMetal",
      "size": 1.5,
      "3d_coords": [
        0.24802030622959137,
        -2.4525461196899414,
        1.5
      ],
      "rotation": 0.0,
      "shape": "Suzanne",
      "color": [
        0.0,
        1.0,
        1.0,
        1.0
      ],
      "pixel_coords": [
        39,
        57,
        9.092890739440918
      ]
    }
  ],
  "Lamp_Key": [
    5.984713554382324,
    -3.6511170864105225,
    3.598762035369873
  ],
  "Lamp_Fill": [
    -4.078996658325195,
    -3.767240524291992,
    3.8786652088165283
  ],
  "Lamp_Back": [
    -1.4499118328094482,
    1.8142037391662598,
    6.781476974487305
  ]
}