{
  "image_filename": "00000084",
  "objects": [
    {
      "shape": "triangle",
      "size": 0.325,
      "rotation": 0.0,
      "2d_coords": [
        0.8456206393771425,
        0.5851429352699712
      ],
      "color": [
        0,
        127,
        255
      ]
    },
    {
      "shape": "triangle",
      "size": 0.425,
      "rotation": 0.0,
      "2d_coords": [
        0.5346097789344778,
        0.36532689016869235
      ],
      "color": [
        255,
        0,
        255
      ]
    }
  ]
}