{
  "objects": [
    {
      "3d_coords": [
        -0.7443438768386841,
        -2.538015365600586,
        2.0
      ],
      "material": "Rubber",
      "pixel_coords": [
        27,
        47,
        9.080081939697266
      ],
      "size": 2.0,
      "color": [
        1.0,
        0.0,
        0.0,
        1.0
      ],
      "rotation": 0.0,
      "shape": "SmoothCube_v2"
    },
    {
      "3d_coords": [
        -0.685766339302063,
        1.0765773057937622,
        1.0
      ],
      "material": "MyMetal",
      "pixel_coords": [
        68,
        46,
        11.639738082885742
      ],
      "size": 1.0,
      "color": [
        0.0,
        0.0,
        1.0,
        1.0
      ],
      "rotation": 0.0,
      "shape": "SmoothCylinder"
    }
  ],
  "Lamp_Fill": [
    -3.9864161014556885,
    -4.773030757904053,
    2.4871716499328613
  ],
  "Lamp_Key": [
    5.561845302581787,
    -2.632294178009033,
    3.518031120300293
  ],
  "Camera": [
    7.069496154785156,
    -6.40280294418335,
    5.661233425140381
  ],
  "Lamp_Back": [
    -1.3825361728668213,
    2.2776269912719727,
    4.82778787612915
  ],
  "image_filename": "000002151584273602"
}