{
  "objects": [
    {
      "shape": "SmoothCube_v2",
      "color": [
        1.0,
        1.0,
        0.0,
        1.0
      ],
      "material": "Rubber",
      "pixel_coords": [
        77,
        41,
        13.102670669555664
      ],
      "rotation": 0.0,
      "3d_coords": [
        -1.419440746307373,
        2.6949644088745117,
        1.0
      ],
      "size": 1.0
    },
    {
      "shape": "Suzanne",
      "color": [
        1.0,
        1.0,
        0.0,
        1.0
      ],
      "material": "Rubber",
      "pixel_coords": [
        28,
        35,
        11.114188194274902
      ],
      "rotation": 0.0,
      "3d_coords": [
        -2.6307566165924072,
        -1.5051876306533813,
        2.0
      ],
      "size": 2.0
    }
  ],
  "image_filename": "000017229058910887",
  "Lamp_Fill": [
    -3.92470645904541,
    -4.826883792877197,
    3.90755033493042
  ],
  "Camera": [
    7.65667724609375,
    -6.271238803863525,
    4.856046199798584
  ],
  "Lamp_Back": [
    -1.3676143884658813,
    1.8120014667510986,
    5.220841884613037
  ],
  "Lamp_Key": [
    6.40944766998291,
    -2.0077614784240723,
    4.750818252563477
  ]
}