{
  "image_filename": "000001136051240258",
  "objects": [
    {
      "shape": "Suzanne",
      "size": 1.0,
      "material": "data/materials/PoliigonFabricDenim003.blend",
      "3d_coords": [
        0.8151112794876099,
        -2.8019869327545166,
        1.0
      ],
      "rotation": 0.0,
      "pixel_coords": [
        38,
        70,
        8.192062377929688
      ]
    },
    {
      "shape": "Cone",
      "size": 1.0,
      "material": "data/materials/PoliigonBricksFlemishRed001.blend",
      "3d_coords": [
        -1.5773189067840576,
        0.14164450764656067,
        1.0
      ],
      "rotation": 0.0,
      "pixel_coords": [
        52,
        46,
        11.46434497833252
      ]
    }
  ],
  "ground_material": "data/materials/PoliigonFabricFleece001.blend",
  "Lamp_Key": [
    6.754327297210693,
    -2.2428805828094482,
    3.922711133956909
  ],
  "Lamp_Back": [
    -1.6932181119918823,
    1.987707257270813,
    5.677706718444824
  ],
  "Lamp_Fill": [
    -5.00290060043335,
    -4.420975685119629,
    3.706040620803833
  ],
  "Camera": [
    7.062881946563721,
    -6.310715198516846,
    5.273670196533203
  ]
}