{
  "Camera": [
    7.441270351409912,
    -6.246236324310303,
    4.917856693267822
  ],
  "image_filename": "000015066111824333",
  "objects": [
    {
      "pixel_coords": [
        46,
        50,
        10.830242156982422
      ],
      "material": "MyMetal",
      "shape": "Sphere",
      "3d_coords": [
        -1.2550565004348755,
        -0.8105142712593079,
        1.0
      ],
      "size": 1.0,
      "color": [
        0.0,
        1.0,
        0.0,
        1.0
      ],
      "rotation": 0.0
    },
    {
      "pixel_coords": [
        92,
        39,
        11.627795219421387
      ],
      "material": "MyMetal",
      "shape": "SmoothCylinder",
      "3d_coords": [
        0.2876441776752472,
        2.8113853931427,
        1.5
      ],
      "size": 1.5,
      "color": [
        0.0,
        0.0,
        1.0,
        1.0
      ],
      "rotation": 0.0
    }
  ],
  "Lamp_Back": [
    -1.8285821676254272,
    3.5772652626037598,
    6.701225280761719
  ],
  "Lamp_Key": [
    7.279354095458984,
    -3.0637073516845703,
    3.920252799987793
  ],
  "Lamp_Fill": [
    -3.8862051963806152,
    -4.868767261505127,
    2.777038335800171
  ]
}