{
  "image_filename": "000003470637555140",
  "objects": [
    {
      "shape": "Sphere",
      "size": 1.0,
      "material": "data/materials/PoliigonRoofTilesTerracotta004.blend",
      "3d_coords": [
        2.5242106914520264,
        -1.7363600730895996,
        1.0
      ],
      "rotation": 0.0,
      "pixel_coords": [
        72,
        73,
        8.033744812011719
      ]
    },
    {
      "shape": "Cone",
      "size": 1.0,
      "material": "data/materials/PoliigonBricksFlemishRed001.blend",
      "3d_coords": [
        -0.461540162563324,
        1.9957009553909302,
        1.0
      ],
      "rotation": 0.0,
      "pixel_coords": [
        77,
        45,
        12.220215797424316
      ]
    }
  ],
  "ground_material": "data/materials/PoliigonBricksFlemishRed001.blend",
  "Lamp_Key": [
    5.756767272949219,
    -2.727510452270508,
    4.3183512687683105
  ],
  "Lamp_Back": [
    -0.9789831042289734,
    3.352515697479248,
    5.464939594268799
  ],
  "Lamp_Fill": [
    -4.557556629180908,
    -3.1046533584594727,
    2.4052350521087646
  ],
  "Camera": [
    7.232578277587891,
    -6.7561211585998535,
    5.201867580413818
  ]
}