{
  "Lamp_Back": [
    -0.382451593875885,
    3.376579523086548,
    5.677743434906006
  ],
  "image_filename": "000008142531722727",
  "objects": [
    {
      "rotation": 0.0,
      "material": "Rubber",
      "3d_coords": [
        1.7475579977035522,
        2.5338006019592285,
        2.0
      ],
      "pixel_coords": [
        105,
        37,
        10.366096496582031
      ],
      "color": [
        1.0,
        0.0,
        1.0,
        1.0
      ],
      "shape": "Suzanne",
      "size": 2.0
    },
    {
      "rotation": 0.0,
      "material": "MyMetal",
      "3d_coords": [
        -2.6636531352996826,
        -1.1550555229187012,
        1.5
      ],
      "pixel_coords": [
        31,
        41,
        11.27330493927002
      ],
      "color": [
        1.0,
        0.0,
        1.0,
        1.0
      ],
      "shape": "Sphere",
      "size": 1.5
    }
  ],
  "Lamp_Key": [
    5.524085998535156,
    -2.195518970489502,
    5.01495361328125
  ],
  "Lamp_Fill": [
    -4.075526237487793,
    -3.602924346923828,
    3.512801170349121
  ],
  "Camera": [
    7.1475701332092285,
    -6.543484687805176,
    5.012760639190674
  ]
}