{
  "Camera": [
    7.051095962524414,
    -6.532009601593018,
    5.327359199523926
  ],
  "image_filename": "000011958849547900",
  "Lamp_Fill": [
    -4.516256809234619,
    -3.719421625137329,
    3.1051084995269775
  ],
  "objects": [
    {
      "pixel_coords": [
        96,
        43,
        9.400468826293945
      ],
      "shape": "Sphere",
      "color": [
        0.0,
        0.0,
        1.0,
        1.0
      ],
      "size": 2.0,
      "rotation": 0.0,
      "3d_coords": [
        1.9985743761062622,
        1.115437388420105,
        2.0
      ],
      "material": "Rubber"
    },
    {
      "pixel_coords": [
        51,
        46,
        11.610658645629883
      ],
      "shape": "Suzanne",
      "color": [
        1.0,
        1.0,
        0.0,
        1.0
      ],
      "size": 1.0,
      "rotation": 0.0,
      "3d_coords": [
        -1.6838299036026,
        0.04321158677339554,
        1.0
      ],
      "material": "MyMetal"
    }
  ],
  "Lamp_Back": [
    -0.8438911437988281,
    1.7170140743255615,
    6.292187690734863
  ],
  "Lamp_Key": [
    7.161834239959717,
    -2.4338760375976562,
    4.996535778045654
  ]
}