{
  "Lamp_Key": [
    6.559992790222168,
    -2.620765447616577,
    4.424476146697998
  ],
  "Lamp_Fill": [
    -5.089824676513672,
    -4.661070346832275,
    3.3543715476989746
  ],
  "Lamp_Back": [
    -1.825330376625061,
    2.821286678314209,
    4.816127777099609
  ],
  "Camera": [
    7.950754642486572,
    -6.959381580352783,
    5.152676582336426
  ],
  "objects": [
    {
      "pixel_coords": [
        103,
        52,
        11.428449630737305
      ],
      "shape": "Suzanne",
      "color": [
        1.0,
        0.0,
        0.0,
        1.0
      ],
      "3d_coords": [
        2.0197694301605225,
        2.495011806488037,
        1.0
      ],
      "rotation": 0.0,
      "material": "Rubber",
      "size": 1.0
    },
    {
      "pixel_coords": [
        83,
        45,
        13.187775611877441
      ],
      "shape": "Suzanne",
      "color": [
        0.0,
        1.0,
        1.0,
        1.0
      ],
      "3d_coords": [
        -0.35740557312965393,
        2.7510488033294678,
        1.0
      ],
      "rotation": 0.0,
      "material": "MyMetal",
      "size": 1.0
    }
  ],
  "image_filename": "000003246273153143"
}