{
  "image_filename": "000002255479978060",
  "objects": [
    {
      "rotation": 0.0,
      "color": [
        0.0,
        1.0,
        1.0,
        1.0
      ],
      "pixel_coords": [
        36,
        51,
        11.06896686553955
      ],
      "3d_coords": [
        -1.6497726440429688,
        -1.4787524938583374,
        1.0
      ],
      "material": "MyMetal",
      "size": 1.0,
      "shape": "Suzanne"
    },
    {
      "rotation": 0.0,
      "color": [
        0.0,
        0.0,
        1.0,
        1.0
      ],
      "pixel_coords": [
        62,
        29,
        12.848550796508789
      ],
      "3d_coords": [
        -2.3859164714813232,
        1.766993522644043,
        2.0
      ],
      "material": "Rubber",
      "size": 2.0,
      "shape": "SmoothCylinder"
    }
  ],
  "Lamp_Key": [
    6.192545413970947,
    -2.418684244155884,
    3.3353805541992188
  ],
  "Camera": [
    7.40795373916626,
    -6.313416957855225,
    5.790441513061523
  ],
  "Lamp_Fill": [
    -3.837106704711914,
    -4.268320560455322,
    3.745584726333618
  ],
  "Lamp_Back": [
    -1.0356740951538086,
    1.9474812746047974,
    6.496214866638184
  ]
}