{
  "Lamp_Back": [
    -0.2213776409626007,
    2.3280248641967773,
    6.810243606567383
  ],
  "Lamp_Key": [
    6.0839457511901855,
    -3.2748959064483643,
    3.810945749282837
  ],
  "image_filename": "000001167749890694",
  "Lamp_Fill": [
    -3.939789056777954,
    -4.373515605926514,
    2.767932415008545
  ],
  "objects": [
    {
      "pixel_coords": [
        23,
        51,
        11.043994903564453
      ],
      "shape": "Suzanne",
      "size": 1.0,
      "material": "Rubber",
      "color": [
        0.0,
        0.0,
        1.0,
        1.0
      ],
      "rotation": 0.0,
      "3d_coords": [
        -2.4374024868011475,
        -2.0946638584136963,
        1.0
      ]
    },
    {
      "pixel_coords": [
        94,
        42,
        9.682323455810547
      ],
      "shape": "Suzanne",
      "size": 2.0,
      "material": "Rubber",
      "color": [
        0.0,
        0.0,
        1.0,
        1.0
      ],
      "rotation": 0.0,
      "3d_coords": [
        1.91903555393219,
        1.0403019189834595,
        2.0
      ]
    }
  ],
  "Camera": [
    7.3068060874938965,
    -6.872520923614502,
    4.937294006347656
  ]
}