{
  "image_filename": "00000004",
  "objects": [
    {
      "shape": "star_4",
      "size": 0.425,
      "rotation": 0.0,
      "2d_coords": [
        0.6188366758458521,
        0.46647050722412553
      ],
      "color": [
        0,
        127,
        255
      ]
    },
    {
      "shape": "circle",
      "size": 0.225,
      "rotation": 0.0,
      "2d_coords": [
        0.8924281613049879,
        0.1852855658821634
      ],
      "color": [
        0,
        255,
        0
      ]
    }
  ]
}