{
  "image_filename": "00000024",
  "objects": [
    {
      "shape": "triangle",
      "size": 0.325,
      "rotation": 0.0,
      "2d_coords": [
        0.40662172207009545,
        0.5648237300453278
      ],
      "color": [
        255,
        127,
        0
      ]
    },
    {
      "shape": "star_4",
      "size": 0.325,
      "rotation": 0.0,
      "2d_coords": [
        0.29553971218202035,
        0.38376751929609987
      ],
      "color": [
        0,
        127,
        255
      ]
    }
  ]
}