{
  "Lamp_Fill": [
    -5.648717880249023,
    -4.535033702850342,
    3.036869525909424
  ],
  "Lamp_Key": [
    6.6098504066467285,
    -3.794133424758911,
    3.728362560272217
  ],
  "Lamp_Back": [
    -1.3535410165786743,
    3.2206406593322754,
    5.015554904937744
  ],
  "Camera": [
    7.679771900177002,
    -6.500871658325195,
    5.458674430847168
  ],
  "objects": [
    {
      "size": 1.5,
      "rotation": 0.0,
      "pixel_coords": [
        84,
        38,
        12.545039176940918
      ],
      "3d_coords": [
        -0.41004180908203125,
        2.7083497047424316,
        1.5
      ],
      "shape": "SmoothCube_v2",
      "color": [
        0.0,
        1.0,
        1.0,
        1.0
      ],
      "material": "MyMetal"
    },
    {
      "size": 1.5,
      "rotation": 0.0,
      "pixel_coords": [
        76,
        61,
        8.661964416503906
      ],
      "3d_coords": [
        2.2941765785217285,
        -0.9346048831939697,
        1.5
      ],
      "shape": "SmoothCylinder",
      "color": [
        1.0,
        0.0,
        0.0,
        1.0
      ],
      "material": "MyMetal"
    }
  ],
  "image_filename": "000017416494766205"
}