{
  "image_filename": "00000098",
  "objects": [
    {
      "shape": "square",
      "size": 0.425,
      "rotation": 0.0,
      "2d_coords": [
        0.5512723207883778,
        0.5089397297836006
      ],
      "color": [
        0,
        127,
        255
      ]
    },
    {
      "shape": "square",
      "size": 0.425,
      "rotation": 0.0,
      "2d_coords": [
        0.8491046763243237,
        0.399245133567812
      ],
      "color": [
        0,
        127,
        255
      ]
    }
  ]
}