{
  "image_filename": "00000046",
  "objects": [
    {
      "shape": "circle",
      "size": 0.425,
      "rotation": 0.0,
      "2d_coords": [
        0.37888202635071344,
        0.33271296418021745
      ],
      "color": [
        0,
        127,
        255
      ]
    },
    {
      "shape": "circle",
      "size": 0.125,
      "rotation": 0.0,
      "2d_coords": [
        0.5565048118682654,
        0.8657188046307928
      ],
      "color": [
        255,
        0,
        255
      ]
    }
  ]
}