{
  "image_filename": "000011643015954118",
  "Lamp_Back": [
    -1.779252290725708,
    2.242349863052368,
    6.352511882781982
  ],
  "Lamp_Key": [
    5.533478736877441,
    -3.874537467956543,
    3.7371904850006104
  ],
  "Camera": [
    7.765446186065674,
    -6.414897918701172,
    4.999281883239746
  ],
  "Lamp_Fill": [
    -4.923717498779297,
    -3.4599874019622803,
    2.925464153289795
  ],
  "objects": [
    {
      "shape": "SmoothCylinder",
      "rotation": 0.0,
      "material": "MyMetal",
      "pixel_coords": [
        52,
        38,
        10.666308403015137
      ],
      "color": [
        0.0,
        0.0,
        1.0,
        1.0
      ],
      "3d_coords": [
        -0.8335373997688293,
        -0.4644562005996704,
        2.0
      ],
      "size": 2.0
    },
    {
      "shape": "Sphere",
      "rotation": 0.0,
      "material": "MyMetal",
      "pixel_coords": [
        100,
        47,
        8.942575454711914
      ],
      "color": [
        0.0,
        1.0,
        0.0,
        1.0
      ],
      "3d_coords": [
        2.6833903789520264,
        0.7713329195976257,
        2.0
      ],
      "size": 2.0
    }
  ]
}