{
  "Lamp_Back": [
    -0.5997467041015625,
    1.7904154062271118,
    4.9345502853393555
  ],
  "Camera": [
    7.468896865844727,
    -6.937106609344482,
    5.235672950744629
  ],
  "Lamp_Key": [
    5.677967071533203,
    -2.32877516746521,
    3.846439838409424
  ],
  "image_filename": "000002505088154897",
  "objects": [
    {
      "material": "Rubber",
      "3d_coords": [
        -0.15574410557746887,
        1.235373616218567,
        2.0
      ],
      "rotation": 0.0,
      "pixel_coords": [
        74,
        37,
        11.39508056640625
      ],
      "color": [
        1.0,
        1.0,
        0.0,
        1.0
      ],
      "size": 2.0,
      "shape": "SmoothCube_v2"
    },
    {
      "material": "Rubber",
      "3d_coords": [
        -2.554115056991577,
        -2.2394185066223145,
        1.5
      ],
      "rotation": 0.0,
      "pixel_coords": [
        21,
        45,
        11.08320140838623
      ],
      "color": [
        1.0,
        0.0,
        1.0,
        1.0
      ],
      "size": 1.5,
      "shape": "Sphere"
    }
  ],
  "Lamp_Fill": [
    -4.130188465118408,
    -3.0908844470977783,
    2.253607749938965
  ]
}