{
  "image_filename": "00000009",
  "objects": [
    {
      "shape": "circle",
      "size": 0.125,
      "rotation": 0.0,
      "2d_coords": [
        0.06496517636048053,
        0.2576681018661161
      ],
      "color": [
        255,
        127,
        0
      ]
    },
    {
      "shape": "circle",
      "size": 0.125,
      "rotation": 0.0,
      "2d_coords": [
        0.7384205290971715,
        0.8997111674919092
      ],
      "color": [
        255,
        127,
        0
      ]
    }
  ]
}