{
  "Camera": [
    7.456024169921875,
    -7.005721092224121,
    5.72637414932251
  ],
  "Lamp_Back": [
    -0.2468482255935669,
    2.303860664367676,
    4.9534406661987305
  ],
  "objects": [
    {
      "shape": "SmoothCube_v2",
      "size": 1.0,
      "rotation": 0.0,
      "color": [
        1.0,
        0.0,
        1.0,
        1.0
      ],
      "3d_coords": [
        -1.8545989990234375,
        -0.9720363020896912,
        1.0
      ],
      "material": "Rubber",
      "pixel_coords": [
        41,
        50,
        11.834670066833496
      ]
    },
    {
      "shape": "SmoothCylinder",
      "size": 1.5,
      "rotation": 0.0,
      "color": [
        1.0,
        0.0,
        0.0,
        1.0
      ],
      "3d_coords": [
        1.8459283113479614,
        -0.946270763874054,
        1.5
      ],
      "material": "MyMetal",
      "pixel_coords": [
        73,
        59,
        9.252562522888184
      ]
    }
  ],
  "image_filename": "000011247696084543",
  "Lamp_Fill": [
    -5.5402655601501465,
    -3.879824638366699,
    3.8422691822052
  ],
  "Lamp_Key": [
    6.81982421875,
    -3.259551763534546,
    3.6661810874938965
  ]
}