{
  "Camera": [
    7.116578102111816,
    -6.099778652191162,
    5.124972820281982
  ],
  "image_filename": "000004254708211766",
  "Lamp_Fill": [
    -4.1772894859313965,
    -3.9494223594665527,
    3.816528558731079
  ],
  "objects": [
    {
      "3d_coords": [
        -1.231665849685669,
        -2.5116612911224365,
        2.0
      ],
      "color": [
        1.0,
        0.0,
        1.0,
        1.0
      ],
      "material": "MyMetal",
      "size": 2.0,
      "shape": "Sphere",
      "rotation": 0.0,
      "pixel_coords": [
        22,
        42,
        9.109474182128906
      ]
    },
    {
      "3d_coords": [
        -1.7488813400268555,
        2.3145737648010254,
        1.5
      ],
      "color": [
        1.0,
        0.0,
        1.0,
        1.0
      ],
      "material": "MyMetal",
      "size": 1.5,
      "shape": "SmoothCylinder",
      "rotation": 0.0,
      "pixel_coords": [
        71,
        34,
        12.449689865112305
      ]
    }
  ],
  "Lamp_Key": [
    7.006463527679443,
    -2.762540817260742,
    3.401602268218994
  ],
  "Lamp_Back": [
    -1.4111745357513428,
    2.7327702045440674,
    5.267327785491943
  ]
}