{
  "Lamp_Key": [
    6.030949115753174,
    -2.8509325981140137,
    3.8356919288635254
  ],
  "Lamp_Fill": [
    -5.556595325469971,
    -4.590943813323975,
    2.4871926307678223
  ],
  "image_filename": "000007546229637746",
  "Camera": [
    7.972699165344238,
    -6.853419303894043,
    5.658888816833496
  ],
  "Lamp_Back": [
    -0.49590423703193665,
    2.669975757598877,
    5.396628379821777
  ],
  "objects": [
    {
      "size": 2.0,
      "shape": "Sphere",
      "3d_coords": [
        -2.5580496788024902,
        -1.6137547492980957,
        2.0
      ],
      "material": "MyMetal",
      "pixel_coords": [
        30,
        38,
        11.773613929748535
      ],
      "color": [
        0.0,
        0.0,
        1.0,
        1.0
      ],
      "rotation": 0.0
    },
    {
      "size": 2.0,
      "shape": "SmoothCube_v2",
      "3d_coords": [
        1.5664345026016235,
        2.6605730056762695,
        2.0
      ],
      "material": "Rubber",
      "pixel_coords": [
        101,
        39,
        11.472976684570312
      ],
      "color": [
        1.0,
        0.0,
        0.0,
        1.0
      ],
      "rotation": 0.0
    }
  ]
}