{
  "Lamp_Back": [
    -1.0590943098068237,
    2.7406487464904785,
    6.332870960235596
  ],
  "image_filename": "000013481333252882",
  "Lamp_Key": [
    6.236765384674072,
    -3.750692367553711,
    5.1030802726745605
  ],
  "Camera": [
    7.591126918792725,
    -6.087126731872559,
    5.142036437988281
  ],
  "Lamp_Fill": [
    -3.743191957473755,
    -4.41231632232666,
    3.9976770877838135
  ],
  "objects": [
    {
      "pixel_coords": [
        58,
        29,
        12.891441345214844
      ],
      "3d_coords": [
        -2.8075852394104004,
        1.5981234312057495,
        2.0
      ],
      "size": 2.0,
      "rotation": 0.0,
      "shape": "SmoothCube_v2",
      "color": [
        0.0,
        1.0,
        0.0,
        1.0
      ],
      "material": "Rubber"
    },
    {
      "pixel_coords": [
        94,
        51,
        8.109297752380371
      ],
      "3d_coords": [
        2.8032095432281494,
        -0.05079229921102524,
        2.0
      ],
      "size": 2.0,
      "rotation": 0.0,
      "shape": "SmoothCylinder",
      "color": [
        1.0,
        0.0,
        0.0,
        1.0
      ],
      "material": "MyMetal"
    }
  ]
}