{
  "image_filename": "00000030",
  "objects": [
    {
      "shape": "square",
      "size": 0.425,
      "rotation": 0.0,
      "2d_coords": [
        0.5781969712784135,
        0.8130091004599131
      ],
      "color": [
        0,
        127,
        255
      ]
    },
    {
      "shape": "square",
      "size": 0.425,
      "rotation": 0.0,
      "2d_coords": [
        0.8236277010301899,
        0.4399757029462207
      ],
      "color": [
        0,
        127,
        255
      ]
    }
  ]
}