{
  "Lamp_Back": [
    -1.7229204177856445,
    2.4396209716796875,
    6.039462089538574
  ],
  "Lamp_Fill": [
    -4.3269805908203125,
    -3.7631068229675293,
    3.5241310596466064
  ],
  "Camera": [
    7.263463497161865,
    -6.591471195220947,
    5.819296836853027
  ],
  "Lamp_Key": [
    5.501562118530273,
    -2.244541883468628,
    4.883914947509766
  ],
  "image_filename": "000013254316427148",
  "objects": [
    {
      "pixel_coords": [
        51,
        51,
        10.07227611541748
      ],
      "shape": "SmoothCube_v2",
      "rotation": 0.0,
      "size": 1.5,
      "color": [
        1.0,
        1.0,
        0.0,
        1.0
      ],
      "material": "Rubber",
      "3d_coords": [
        -0.1555207073688507,
        -1.1526918411254883,
        1.5
      ]
    },
    {
      "pixel_coords": [
        58,
        33,
        13.475356101989746
      ],
      "shape": "SmoothCube_v2",
      "rotation": 0.0,
      "size": 1.5,
      "color": [
        0.0,
        1.0,
        1.0,
        1.0
      ],
      "material": "MyMetal",
      "3d_coords": [
        -2.8079965114593506,
        1.8125499486923218,
        1.5
      ]
    }
  ]
}