{
  "objects": [
    {
      "pixel_coords": [
        91,
        58,
        9.920232772827148
      ],
      "material": "Rubber",
      "size": 1.0,
      "rotation": 0.0,
      "shape": "SmoothCube_v2",
      "3d_coords": [
        2.076388359069824,
        0.7700380086898804,
        1.0
      ],
      "color": [
        1.0,
        0.0,
        0.0,
        1.0
      ]
    },
    {
      "pixel_coords": [
        47,
        49,
        10.097497940063477
      ],
      "material": "Rubber",
      "size": 1.5,
      "rotation": 0.0,
      "shape": "SmoothCube_v2",
      "3d_coords": [
        -0.34160351753234863,
        -1.3563330173492432,
        1.5
      ],
      "color": [
        1.0,
        0.0,
        0.0,
        1.0
      ]
    }
  ],
  "Lamp_Fill": [
    -4.277645587921143,
    -3.092827081680298,
    2.910322666168213
  ],
  "image_filename": "000015040907964423",
  "Camera": [
    7.675201892852783,
    -6.579690933227539,
    5.118163585662842
  ],
  "Lamp_Key": [
    5.913623809814453,
    -3.3366546630859375,
    4.27580451965332
  ],
  "Lamp_Back": [
    -2.074617385864258,
    2.057255983352661,
    6.792994976043701
  ]
}