{
  "image_filename": "000011793698938384",
  "objects": [
    {
      "shape": "Torus",
      "size": 1.0,
      "material": "data/materials/PoliigonRoofTilesTerracotta004.blend",
      "3d_coords": [
        -2.826606512069702,
        1.6572089195251465,
        1.0
      ],
      "rotation": 0.0,
      "pixel_coords": [
        57,
        39,
        13.719124794006348
      ]
    },
    {
      "shape": "Suzanne",
      "size": 1.0,
      "material": "data/materials/PoliigonMetalSpottyDiscoloration001.blend",
      "3d_coords": [
        2.681654691696167,
        -2.6195170879364014,
        1.0
      ],
      "rotation": 0.0,
      "pixel_coords": [
        62,
        82,
        7.687118053436279
      ]
    }
  ],
  "ground_material": "data/materials/PoliigonMetalSpottyDiscoloration001.blend",
  "Lamp_Key": [
    6.50190544128418,
    -3.8147902488708496,
    4.07658052444458
  ],
  "Lamp_Back": [
    -1.3671687841415405,
    3.1617393493652344,
    5.704435348510742
  ],
  "Lamp_Fill": [
    -5.3160810470581055,
    -3.7033233642578125,
    3.440228223800659
  ],
  "Camera": [
    7.3096418380737305,
    -6.715056896209717,
    5.679670333862305
  ]
}