{
  "image_filename": "00000067",
  "objects": [
    {
      "shape": "circle",
      "size": 0.125,
      "rotation": 0.0,
      "2d_coords": [
        0.18022202551730998,
        0.20123826923118193
      ],
      "color": [
        255,
        0,
        255
      ]
    },
    {
      "shape": "star_4",
      "size": 0.125,
      "rotation": 0.0,
      "2d_coords": [
        0.10799190072118037,
        0.2878994821565444
      ],
      "color": [
        255,
        0,
        255
      ]
    }
  ]
}