{
  "Lamp_Fill": [
    -5.159008026123047,
    -4.1418328285217285,
    2.1279332637786865
  ],
  "Lamp_Key": [
    6.996519565582275,
    -3.026463031768799,
    4.093369960784912
  ],
  "objects": [
    {
      "shape": "Sphere",
      "material": "Rubber",
      "rotation": 0.0,
      "pixel_coords": [
        22,
        39,
        10.732778549194336
      ],
      "3d_coords": [
        -2.4573001861572266,
        -2.05596661567688,
        2.0
      ],
      "size": 2.0,
      "color": [
        0.0,
        1.0,
        0.0,
        1.0
      ]
    },
    {
      "shape": "Suzanne",
      "material": "MyMetal",
      "rotation": 0.0,
      "pixel_coords": [
        59,
        68,
        8.89904499053955
      ],
      "3d_coords": [
        1.4316480159759521,
        -1.864287257194519,
        1.0
      ],
      "size": 1.0,
      "color": [
        1.0,
        1.0,
        0.0,
        1.0
      ]
    }
  ],
  "Lamp_Back": [
    -1.1876660585403442,
    2.114525318145752,
    5.423223495483398
  ],
  "image_filename": "000014378391331760",
  "Camera": [
    7.151179313659668,
    -6.9718017578125,
    5.535407543182373
  ]
}