{
  "image_filename": "000004564810955954",
  "objects": [
    {
      "shape": "NewellTeapot",
      "size": 1.5,
      "material": "data/materials/PoliigonMetalSpottyDiscoloration001.blend",
      "3d_coords": [
        -1.892005205154419,
        1.8009939193725586,
        1.5
      ],
      "rotation": 0.0,
      "pixel_coords": [
        66,
        34,
        12.460955619812012
      ]
    },
    {
      "shape": "Torus",
      "size": 1.0,
      "material": "data/materials/PoliigonWoodFlooring061.blend",
      "3d_coords": [
        -2.175044536590576,
        -0.801353931427002,
        1.0
      ],
      "rotation": 0.0,
      "pixel_coords": [
        39,
        46,
        11.48034381866455
      ]
    }
  ],
  "ground_material": "data/materials/PoliigonBricksFlemishRed001.blend",
  "Lamp_Key": [
    6.237151145935059,
    -3.0653693675994873,
    3.7924273014068604
  ],
  "Lamp_Back": [
    -1.6489845514297485,
    2.1145312786102295,
    6.281500816345215
  ],
  "Lamp_Fill": [
    -4.383095741271973,
    -4.178738594055176,
    3.1642401218414307
  ],
  "Camera": [
    7.177863121032715,
    -6.0493268966674805,
    5.790598392486572
  ]
}