{
  "image_filename": "000005394658365174",
  "Lamp_Back": [
    -1.1514458656311035,
    1.7751070261001587,
    6.300177574157715
  ],
  "Lamp_Fill": [
    -5.443869113922119,
    -4.239116668701172,
    2.861541271209717
  ],
  "Lamp_Key": [
    5.566311836242676,
    -3.337050199508667,
    3.632544994354248
  ],
  "objects": [
    {
      "color": [
        1.0,
        0.0,
        0.0,
        1.0
      ],
      "material": "Rubber",
      "size": 1.0,
      "pixel_coords": [
        51,
        55,
        10.089982032775879
      ],
      "shape": "SmoothCube_v2",
      "3d_coords": [
        -0.20452384650707245,
        -1.0398023128509521,
        1.0
      ],
      "rotation": 0.0
    },
    {
      "color": [
        1.0,
        1.0,
        0.0,
        1.0
      ],
      "material": "MyMetal",
      "size": 2.0,
      "pixel_coords": [
        83,
        34,
        11.49421501159668
      ],
      "shape": "Sphere",
      "3d_coords": [
        -0.13784337043762207,
        2.224064350128174,
        2.0
      ],
      "rotation": 0.0
    }
  ],
  "Camera": [
    7.4359941482543945,
    -6.413951396942139,
    4.978166580200195
  ]
}