{
  "image_filename": "00000043",
  "objects": [
    {
      "shape": "triangle",
      "size": 0.225,
      "rotation": 0.0,
      "2d_coords": [
        0.6478859061323012,
        0.14183024703767713
      ],
      "color": [
        0,
        255,
        0
      ]
    },
    {
      "shape": "star_4",
      "size": 0.325,
      "rotation": 0.0,
      "2d_coords": [
        0.5793645367685403,
        0.4834584121285479
      ],
      "color": [
        0,
        127,
        255
      ]
    }
  ]
}