{
  "objects": [
    {
      "size": 1.0,
      "pixel_coords": [
        92,
        51,
        10.427901268005371
      ],
      "material": "Rubber",
      "rotation": 0.0,
      "3d_coords": [
        1.2038041353225708,
        1.7090321779251099,
        1.0
      ],
      "shape": "SmoothCube_v2",
      "color": [
        1.0,
        0.0,
        0.0,
        1.0
      ]
    },
    {
      "size": 1.0,
      "pixel_coords": [
        58,
        65,
        8.414017677307129
      ],
      "material": "MyMetal",
      "rotation": 0.0,
      "3d_coords": [
        1.3632196187973022,
        -1.6122418642044067,
        1.0
      ],
      "shape": "Suzanne",
      "color": [
        0.0,
        1.0,
        1.0,
        1.0
      ]
    }
  ],
  "Camera": [
    7.285223007202148,
    -6.152076244354248,
    4.904293537139893
  ],
  "Lamp_Fill": [
    -4.02044677734375,
    -3.414783239364624,
    2.256096601486206
  ],
  "Lamp_Key": [
    7.133316993713379,
    -3.466383695602417,
    3.567755937576294
  ],
  "image_filename": "000010652688396140",
  "Lamp_Back": [
    -0.28884294629096985,
    2.946352481842041,
    5.534523010253906
  ]
}