{
  "image_filename": "00000070",
  "objects": [
    {
      "shape": "circle",
      "size": 0.425,
      "rotation": 0.0,
      "2d_coords": [
        0.7368166025436163,
        0.35065864615066744
      ],
      "color": [
        0,
        255,
        0
      ]
    },
    {
      "shape": "star_4",
      "size": 0.325,
      "rotation": 0.0,
      "2d_coords": [
        0.21376661579505413,
        0.36081896927145735
      ],
      "color": [
        0,
        127,
        255
      ]
    }
  ]
}