{
  "objects": [
    {
      "shape": "Suzanne",
      "size": 2.0,
      "material": "Rubber",
      "color": [
        0.0,
        1.0,
        1.0,
        1.0
      ],
      "3d_coords": [
        1.5996252298355103,
        -2.302919626235962,
        2.0
      ],
      "pixel_coords": [
        51,
        57,
        7.992176055908203
      ],
      "rotation": 0.0
    },
    {
      "shape": "Sphere",
      "size": 1.5,
      "material": "MyMetal",
      "color": [
        0.0,
        1.0,
        1.0,
        1.0
      ],
      "3d_coords": [
        -1.972951889038086,
        2.943704128265381,
        1.5
      ],
      "pixel_coords": [
        74,
        33,
        13.562933921813965
      ],
      "rotation": 0.0
    }
  ],
  "Lamp_Back": [
    -0.3458384573459625,
    2.378458261489868,
    5.931350231170654
  ],
  "image_filename": "000000239209896119",
  "Lamp_Fill": [
    -5.22333288192749,
    -4.642993927001953,
    3.5216991901397705
  ],
  "Camera": [
    7.597671031951904,
    -6.3269267082214355,
    5.527653694152832
  ],
  "Lamp_Key": [
    5.867315769195557,
    -2.074204921722412,
    3.949918031692505
  ]
}