{
  "image_filename": "000000153335600792",
  "objects": [
    {
      "shape": "Suzanne",
      "size": 2.0,
      "material": "data/materials/PoliigonFabricDenim003.blend",
      "3d_coords": [
        -2.75767183303833,
        -1.467339277267456,
        2.0
      ],
      "rotation": 0.0,
      "pixel_coords": [
        28,
        35,
        11.099552154541016
      ]
    },
    {
      "shape": "Suzanne",
      "size": 1.5,
      "material": "data/materials/PoliigonBricksPaintedWhite001.blend",
      "3d_coords": [
        2.6299171447753906,
        2.7374069690704346,
        1.5
      ],
      "rotation": 0.0,
      "pixel_coords": [
        117,
        47,
        10.022056579589844
      ]
    }
  ],
  "ground_material": "data/materials/PoliigonFabricFleece001.blend",
  "Lamp_Key": [
    6.127829074859619,
    -2.029313087463379,
    4.602809429168701
  ],
  "Lamp_Back": [
    -0.8749479651451111,
    3.1354968547821045,
    6.268490791320801
  ],
  "Lamp_Fill": [
    -4.910032272338867,
    -3.794726610183716,
    2.9667274951934814
  ],
  "Camera": [
    7.508146286010742,
    -6.219138145446777,
    4.9950361251831055
  ]
}