{
  "image_filename": "000013056000375495",
  "objects": [
    {
      "shape": "Cylinder",
      "size": 1.0,
      "material": "data/materials/PoliigonChainmailCopperRoundedThin001.blend",
      "3d_coords": [
        0.9941181540489197,
        1.6619938611984253,
        1.0
      ],
      "rotation": 0.0,
      "pixel_coords": [
        88,
        50,
        10.9480562210083
      ]
    },
    {
      "shape": "Cone",
      "size": 2.0,
      "material": "data/materials/PoliigonBricksFlemishRed001.blend",
      "3d_coords": [
        1.3583791255950928,
        -1.4129153490066528,
        2.0
      ],
      "rotation": 0.0,
      "pixel_coords": [
        62,
        51,
        8.416163444519043
      ]
    }
  ],
  "ground_material": "data/materials/PoliigonChainmailCopperRoundedThin001.blend",
  "Lamp_Key": [
    7.246564865112305,
    -2.183779716491699,
    4.481539249420166
  ],
  "Lamp_Back": [
    -0.583329975605011,
    2.009406328201294,
    6.378078937530518
  ],
  "Lamp_Fill": [
    -4.573311805725098,
    -4.010683536529541,
    2.8155038356781006
  ],
  "Camera": [
    7.153634548187256,
    -6.52854585647583,
    5.422989845275879
  ]
}