{
  "objects": [
    {
      "shape": "SmoothCube_v2",
      "3d_coords": [
        -2.8008666038513184,
        -1.8589965105056763,
        1.5
      ],
      "material": "MyMetal",
      "rotation": 0.0,
      "size": 1.5,
      "color": [
        0.0,
        1.0,
        0.0,
        1.0
      ],
      "pixel_coords": [
        22,
        42,
        10.813461303710938
      ]
    },
    {
      "shape": "Sphere",
      "3d_coords": [
        -2.0766475200653076,
        1.0536601543426514,
        1.5
      ],
      "material": "Rubber",
      "rotation": 0.0,
      "size": 1.5,
      "color": [
        1.0,
        0.0,
        1.0,
        1.0
      ],
      "pixel_coords": [
        57,
        37,
        12.102273941040039
      ]
    }
  ],
  "Lamp_Fill": [
    -4.539698600769043,
    -3.2384278774261475,
    2.2856857776641846
  ],
  "Lamp_Back": [
    -0.4085133373737335,
    2.391646385192871,
    5.442017555236816
  ],
  "Lamp_Key": [
    6.808197021484375,
    -2.823497772216797,
    4.167989730834961
  ],
  "image_filename": "000010432753301950",
  "Camera": [
    7.05045747756958,
    -6.527801513671875,
    4.910983562469482
  ]
}