{
  "image_filename": "000013126371134017",
  "objects": [
    {
      "shape": "Cube",
      "size": 2.0,
      "material": "data/materials/PoliigonMetalSpottyDiscoloration001.blend",
      "3d_coords": [
        2.5657715797424316,
        1.439292073249817,
        2.0
      ],
      "rotation": 0.0,
      "pixel_coords": [
        104,
        46,
        9.692243576049805
      ]
    },
    {
      "shape": "Suzanne",
      "size": 1.0,
      "material": "data/materials/PoliigonFabricFleece001.blend",
      "3d_coords": [
        -1.1888206005096436,
        -1.0065348148345947,
        1.0
      ],
      "rotation": 0.0,
      "pixel_coords": [
        45,
        51,
        11.353801727294922
      ]
    }
  ],
  "ground_material": "data/materials/PoliigonMetalSpottyDiscoloration001.blend",
  "Lamp_Key": [
    6.5927958488464355,
    -2.5542643070220947,
    3.8190462589263916
  ],
  "Lamp_Back": [
    -1.5346335172653198,
    2.1357271671295166,
    5.672483921051025
  ],
  "Lamp_Fill": [
    -4.020998954772949,
    -4.872863292694092,
    2.5645315647125244
  ],
  "Camera": [
    7.913315296173096,
    -6.493096828460693,
    5.397312164306641
  ]
}