{
  "Lamp_Back": [
    -0.61346834897995,
    3.515632152557373,
    4.868321895599365
  ],
  "Camera": [
    7.511690616607666,
    -6.4265666007995605,
    5.360504627227783
  ],
  "objects": [
    {
      "3d_coords": [
        1.6201765537261963,
        -1.6557152271270752,
        1.5
      ],
      "color": [
        0.0,
        1.0,
        0.0,
        1.0
      ],
      "size": 1.5,
      "rotation": 0.0,
      "pixel_coords": [
        61,
        60,
        8.502038955688477
      ],
      "shape": "SmoothCylinder",
      "material": "Rubber"
    },
    {
      "3d_coords": [
        -2.384077310562134,
        -1.8711844682693481,
        2.0
      ],
      "color": [
        0.0,
        1.0,
        0.0,
        1.0
      ],
      "size": 2.0,
      "rotation": 0.0,
      "pixel_coords": [
        26,
        38,
        10.815296173095703
      ],
      "shape": "Sphere",
      "material": "Rubber"
    }
  ],
  "image_filename": "000004242892572878",
  "Lamp_Key": [
    7.2712788581848145,
    -2.764256238937378,
    3.290363311767578
  ],
  "Lamp_Fill": [
    -3.9888272285461426,
    -3.2160768508911133,
    2.892591714859009
  ]
}