{
  "image_filename": "000012775217792495",
  "Camera": [
    7.7658867835998535,
    -6.461361885070801,
    5.400162220001221
  ],
  "Lamp_Back": [
    -0.4500759243965149,
    2.4932868480682373,
    4.917010307312012
  ],
  "Lamp_Key": [
    5.473138332366943,
    -2.835002899169922,
    3.6162312030792236
  ],
  "objects": [
    {
      "3d_coords": [
        -2.9734983444213867,
        2.355876922607422,
        1.5
      ],
      "size": 1.5,
      "material": "MyMetal",
      "rotation": 0.0,
      "pixel_coords": [
        63,
        33,
        14.092704772949219
      ],
      "color": [
        1.0,
        0.0,
        1.0,
        1.0
      ],
      "shape": "SmoothCube_v2"
    },
    {
      "3d_coords": [
        0.5132021307945251,
        -0.7095954418182373,
        1.0
      ],
      "size": 1.0,
      "material": "Rubber",
      "rotation": 0.0,
      "pixel_coords": [
        61,
        57,
        10.235535621643066
      ],
      "color": [
        0.0,
        1.0,
        0.0,
        1.0
      ],
      "shape": "SmoothCube_v2"
    }
  ],
  "Lamp_Fill": [
    -5.550833225250244,
    -4.527699947357178,
    2.090222120285034
  ]
}