{
  "Lamp_Back": [
    -0.7433757185935974,
    3.568693161010742,
    6.211233139038086
  ],
  "Lamp_Fill": [
    -5.412524700164795,
    -3.6414146423339844,
    3.1140105724334717
  ],
  "Camera": [
    7.430541038513184,
    -6.2808837890625,
    5.0180230140686035
  ],
  "objects": [
    {
      "rotation": 0.0,
      "color": [
        1.0,
        1.0,
        0.0,
        1.0
      ],
      "shape": "Sphere",
      "3d_coords": [
        1.7512223720550537,
        1.9275556802749634,
        2.0
      ],
      "size": 2.0,
      "pixel_coords": [
        101,
        40,
        9.947779655456543
      ],
      "material": "MyMetal"
    },
    {
      "rotation": 0.0,
      "color": [
        0.0,
        1.0,
        1.0,
        1.0
      ],
      "shape": "Sphere",
      "3d_coords": [
        -1.5377370119094849,
        0.3871009945869446,
        1.5
      ],
      "size": 1.5,
      "pixel_coords": [
        56,
        40,
        11.525553703308105
      ],
      "material": "MyMetal"
    }
  ],
  "image_filename": "000003677712719755",
  "Lamp_Key": [
    6.587296485900879,
    -1.942802906036377,
    4.742735862731934
  ]
}