{
  "Lamp_Key": [
    6.486718654632568,
    -2.022921323776245,
    4.094923496246338
  ],
  "objects": [
    {
      "pixel_coords": [
        65,
        31,
        12.625631332397461
      ],
      "material": "Rubber",
      "rotation": 0.0,
      "size": 2.0,
      "color": [
        0.0,
        0.0,
        1.0,
        1.0
      ],
      "3d_coords": [
        -2.0067930221557617,
        1.6453335285186768,
        2.0
      ],
      "shape": "SmoothCylinder"
    },
    {
      "pixel_coords": [
        104,
        51,
        11.11051082611084
      ],
      "material": "MyMetal",
      "rotation": 0.0,
      "size": 1.0,
      "color": [
        1.0,
        0.0,
        0.0,
        1.0
      ],
      "3d_coords": [
        1.618674635887146,
        2.7695517539978027,
        1.0
      ],
      "shape": "SmoothCube_v2"
    }
  ],
  "Lamp_Fill": [
    -4.888340950012207,
    -4.057129383087158,
    2.262233018875122
  ],
  "Lamp_Back": [
    -1.1106398105621338,
    2.855090856552124,
    5.621013641357422
  ],
  "Camera": [
    7.958163738250732,
    -6.073732852935791,
    5.041225910186768
  ],
  "image_filename": "000012376291775927"
}