{
  "Lamp_Back": [
    -1.0274778604507446,
    3.4721646308898926,
    5.156721591949463
  ],
  "Lamp_Fill": [
    -4.1926655769348145,
    -4.271657943725586,
    2.5509562492370605
  ],
  "Camera": [
    7.630662441253662,
    -6.845099925994873,
    5.409111022949219
  ],
  "image_filename": "000006322616999913",
  "objects": [
    {
      "color": [
        1.0,
        0.0,
        0.0,
        1.0
      ],
      "shape": "SmoothCylinder",
      "material": "MyMetal",
      "3d_coords": [
        -2.525101661682129,
        -1.8938816785812378,
        2.0
      ],
      "size": 2.0,
      "rotation": 0.0,
      "pixel_coords": [
        25,
        38,
        11.201109886169434
      ]
    },
    {
      "color": [
        1.0,
        1.0,
        0.0,
        1.0
      ],
      "shape": "SmoothCylinder",
      "material": "Rubber",
      "3d_coords": [
        -0.7426807880401611,
        2.7022712230682373,
        2.0
      ],
      "size": 2.0,
      "rotation": 0.0,
      "pixel_coords": [
        81,
        32,
        12.742026329040527
      ]
    }
  ],
  "Lamp_Key": [
    6.532491207122803,
    -3.770303964614868,
    4.172554016113281
  ]
}