{
  "image_filename": "00000069",
  "objects": [
    {
      "shape": "star_4",
      "size": 0.425,
      "rotation": 0.0,
      "2d_coords": [
        0.23380509700249996,
        0.1850367444372214
      ],
      "color": [
        255,
        127,
        0
      ]
    },
    {
      "shape": "square",
      "size": 0.125,
      "rotation": 0.0,
      "2d_coords": [
        0.8598800687000273,
        0.10118953323081992
      ],
      "color": [
        0,
        127,
        255
      ]
    }
  ]
}