{
  "image_filename": "00000026",
  "objects": [
    {
      "shape": "square",
      "size": 0.425,
      "rotation": 0.0,
      "2d_coords": [
        0.38629546502769846,
        0.6694739042063468
      ],
      "color": [
        255,
        0,
        255
      ]
    },
    {
      "shape": "circle",
      "size": 0.225,
      "rotation": 0.0,
      "2d_coords": [
        0.6115700654666558,
        0.28681662417136183
      ],
      "color": [
        0,
        127,
        255
      ]
    }
  ]
}