{
  "Lamp_Fill": [
    -5.037391662597656,
    -4.00567626953125,
    2.8083155155181885
  ],
  "objects": [
    {
      "3d_coords": [
        0.9657360911369324,
        0.9479432106018066,
        1.0
      ],
      "pixel_coords": [
        82,
        53,
        10.441837310791016
      ],
      "size": 1.0,
      "shape": "Suzanne",
      "material": "MyMetal",
      "color": [
        1.0,
        0.0,
        1.0,
        1.0
      ],
      "rotation": 0.0
    },
    {
      "3d_coords": [
        -2.293285369873047,
        -0.04481197148561478,
        1.0
      ],
      "pixel_coords": [
        47,
        44,
        12.171390533447266
      ],
      "size": 1.0,
      "shape": "Suzanne",
      "material": "Rubber",
      "color": [
        1.0,
        0.0,
        1.0,
        1.0
      ],
      "rotation": 0.0
    }
  ],
  "Lamp_Key": [
    6.541493892669678,
    -3.523118734359741,
    4.3297119140625
  ],
  "Lamp_Back": [
    -1.211867332458496,
    2.2027833461761475,
    5.797259330749512
  ],
  "image_filename": "000012380036149188",
  "Camera": [
    7.721645355224609,
    -6.101790904998779,
    5.019348621368408
  ]
}