{
  "image_filename": "000008830845089642",
  "objects": [
    {
      "shape": "Icosahedron",
      "size": 2.0,
      "material": "data/materials/PoliigonFabricFleece001.blend",
      "3d_coords": [
        -1.9388142824172974,
        -1.4936692714691162,
        2.0
      ],
      "rotation": 0.0,
      "pixel_coords": [
        33,
        37,
        10.593995094299316
      ]
    },
    {
      "shape": "NewellTeapot",
      "size": 1.0,
      "material": "data/materials/PoliigonRoofTilesTerracotta004.blend",
      "3d_coords": [
        2.08585524559021,
        2.4247827529907227,
        1.0
      ],
      "rotation": 0.0,
      "pixel_coords": [
        107,
        53,
        10.473698616027832
      ]
    }
  ],
  "ground_material": "data/materials/PoliigonFabricDenim003.blend",
  "Lamp_Key": [
    5.965156555175781,
    -2.189883232116699,
    3.7639806270599365
  ],
  "Lamp_Back": [
    -0.4748168885707855,
    1.8843300342559814,
    5.947060585021973
  ],
  "Lamp_Fill": [
    -4.537169933319092,
    -4.177755832672119,
    3.6111230850219727
  ],
  "Camera": [
    7.58673095703125,
    -6.153176307678223,
    5.0976762771606445
  ]
}