{
  "image_filename": "000011793030190135",
  "objects": [
    {
      "shape": "Suzanne",
      "size": 2.0,
      "material": "data/materials/PoliigonRoofTilesTerracotta004.blend",
      "3d_coords": [
        2.998520612716675,
        -2.7564940452575684,
        2.0
      ],
      "rotation": 0.0,
      "pixel_coords": [
        64,
        68,
        6.82470178604126
      ]
    },
    {
      "shape": "Cylinder",
      "size": 2.0,
      "material": "data/materials/PoliigonBricksPaintedWhite001.blend",
      "3d_coords": [
        -2.4903147220611572,
        1.9068167209625244,
        2.0
      ],
      "rotation": 0.0,
      "pixel_coords": [
        61,
        29,
        13.126712799072266
      ]
    }
  ],
  "ground_material": "data/materials/PoliigonMetalSpottyDiscoloration001.blend",
  "Lamp_Key": [
    6.439768314361572,
    -2.746997356414795,
    3.7390754222869873
  ],
  "Lamp_Back": [
    -2.136296510696411,
    3.098674774169922,
    6.368988513946533
  ],
  "Lamp_Fill": [
    -5.034641742706299,
    -3.1934964656829834,
    2.0863358974456787
  ],
  "Camera": [
    7.338985443115234,
    -6.709807872772217,
    5.486429691314697
  ]
}