{
  "Camera": [
    7.486797332763672,
    -6.889453887939453,
    4.997293949127197
  ],
  "Lamp_Back": [
    -1.1793538331985474,
    2.3630619049072266,
    6.5459113121032715
  ],
  "Lamp_Key": [
    6.804476261138916,
    -2.2008461952209473,
    4.034441947937012
  ],
  "objects": [
    {
      "material": "MyMetal",
      "shape": "Suzanne",
      "3d_coords": [
        -2.53240704536438,
        -1.6969883441925049,
        1.5
      ],
      "rotation": 0.0,
      "size": 1.5,
      "pixel_coords": [
        27,
        43,
        11.315242767333984
      ],
      "color": [
        0.0,
        0.0,
        1.0,
        1.0
      ]
    },
    {
      "material": "Rubber",
      "shape": "SmoothCube_v2",
      "3d_coords": [
        2.9015164375305176,
        -1.2596428394317627,
        2.0
      ],
      "rotation": 0.0,
      "size": 2.0,
      "pixel_coords": [
        83,
        55,
        7.771609306335449
      ],
      "color": [
        1.0,
        0.0,
        1.0,
        1.0
      ]
    }
  ],
  "image_filename": "000012208755344072",
  "Lamp_Fill": [
    -4.506227493286133,
    -4.397690773010254,
    3.211118459701538
  ]
}