{
  "image_filename": "00000072",
  "objects": [
    {
      "shape": "star_4",
      "size": 0.425,
      "rotation": 0.0,
      "2d_coords": [
        0.45583111640683716,
        0.4058489405874499
      ],
      "color": [
        0,
        127,
        255
      ]
    },
    {
      "shape": "star_4",
      "size": 0.125,
      "rotation": 0.0,
      "2d_coords": [
        0.8734736932840568,
        0.7085697668896036
      ],
      "color": [
        255,
        127,
        0
      ]
    }
  ]
}