{
  "image_filename": "000009120822681712",
  "Lamp_Back": [
    -0.8049005270004272,
    3.4647867679595947,
    6.55186128616333
  ],
  "objects": [
    {
      "shape": "SmoothCube_v2",
      "3d_coords": [
        1.239370584487915,
        2.870380401611328,
        2.0
      ],
      "size": 2.0,
      "pixel_coords": [
        103,
        35,
        10.671929359436035
      ],
      "rotation": 0.0,
      "material": "MyMetal",
      "color": [
        1.0,
        1.0,
        0.0,
        1.0
      ]
    },
    {
      "shape": "SmoothCube_v2",
      "3d_coords": [
        -1.090150237083435,
        -1.406509518623352,
        1.5
      ],
      "size": 1.5,
      "pixel_coords": [
        39,
        46,
        10.021163940429688
      ],
      "rotation": 0.0,
      "material": "MyMetal",
      "color": [
        0.0,
        1.0,
        1.0,
        1.0
      ]
    }
  ],
  "Lamp_Fill": [
    -5.3458356857299805,
    -4.432187080383301,
    2.916600465774536
  ],
  "Camera": [
    7.134014129638672,
    -6.162558555603027,
    5.360729217529297
  ],
  "Lamp_Key": [
    6.036639213562012,
    -3.6513142585754395,
    4.53489875793457
  ]
}