{
  "Camera": [
    7.973414897918701,
    -6.112837314605713,
    5.296465873718262
  ],
  "Lamp_Back": [
    -2.1365950107574463,
    2.260333776473999,
    5.325263500213623
  ],
  "image_filename": "000002666494702525",
  "Lamp_Key": [
    5.942860126495361,
    -2.063109874725342,
    3.295318841934204
  ],
  "Lamp_Fill": [
    -4.696521759033203,
    -3.9395101070404053,
    3.4539971351623535
  ],
  "objects": [
    {
      "3d_coords": [
        0.30090153217315674,
        -2.161076307296753,
        1.5
      ],
      "color": [
        1.0,
        0.0,
        0.0,
        1.0
      ],
      "size": 1.5,
      "pixel_coords": [
        41,
        55,
        9.283706665039062
      ],
      "shape": "SmoothCylinder",
      "rotation": 0.0,
      "material": "MyMetal"
    },
    {
      "3d_coords": [
        1.644514560699463,
        0.9748069047927856,
        1.0
      ],
      "color": [
        1.0,
        0.0,
        1.0,
        1.0
      ],
      "size": 1.0,
      "pixel_coords": [
        88,
        56,
        10.261396408081055
      ],
      "shape": "SmoothCube_v2",
      "rotation": 0.0,
      "material": "Rubber"
    }
  ]
}