{
  "image_filename": "00000050",
  "objects": [
    {
      "shape": "square",
      "size": 0.125,
      "rotation": 0.0,
      "2d_coords": [
        0.38727743441667345,
        0.645446559511408
      ],
      "color": [
        255,
        127,
        0
      ]
    },
    {
      "shape": "square",
      "size": 0.125,
      "rotation": 0.0,
      "2d_coords": [
        0.6128223802161669,
        0.872592095941894
      ],
      "color": [
        255,
        127,
        0
      ]
    }
  ]
}