{
  "image_filename": "000010585490663690",
  "objects": [
    {
      "shape": "Sphere",
      "size": 2.0,
      "material": "data/materials/PoliigonMetalSpottyDiscoloration001.blend",
      "3d_coords": [
        -1.1810500621795654,
        -0.09555444121360779,
        2.0
      ],
      "rotation": 0.0,
      "pixel_coords": [
        54,
        37,
        11.312828063964844
      ]
    },
    {
      "shape": "Cylinder",
      "size": 1.0,
      "material": "data/materials/PoliigonRoofTilesTerracotta004.blend",
      "3d_coords": [
        2.4455018043518066,
        1.6205592155456543,
        1.0
      ],
      "rotation": 0.0,
      "pixel_coords": [
        102,
        58,
        10.303180694580078
      ]
    }
  ],
  "ground_material": "data/materials/PoliigonBricksPaintedWhite001.blend",
  "Lamp_Key": [
    5.600592613220215,
    -3.140897750854492,
    4.028532028198242
  ],
  "Lamp_Back": [
    -0.5466310381889343,
    3.4508514404296875,
    5.169469356536865
  ],
  "Lamp_Fill": [
    -5.304876804351807,
    -3.4394688606262207,
    2.17264461517334
  ],
  "Camera": [
    7.788065433502197,
    -6.4577484130859375,
    5.523601531982422
  ]
}