{
  "image_filename": "000007888185694086",
  "objects": [
    {
      "shape": "Icosahedron",
      "size": 2.0,
      "material": "data/materials/PoliigonWoodFlooring061.blend",
      "3d_coords": [
        -1.3448822498321533,
        -0.033053141087293625,
        2.0
      ],
      "rotation": 0.0,
      "pixel_coords": [
        53,
        36,
        11.059255599975586
      ]
    },
    {
      "shape": "Icosahedron",
      "size": 2.0,
      "material": "data/materials/PoliigonRoofTilesTerracotta004.blend",
      "3d_coords": [
        2.6142075061798096,
        1.903471827507019,
        2.0
      ],
      "rotation": 0.0,
      "pixel_coords": [
        110,
        45,
        9.54789924621582
      ]
    }
  ],
  "ground_material": "data/materials/PoliigonWoodFlooring061.blend",
  "Lamp_Key": [
    7.1284074783325195,
    -2.6149535179138184,
    3.8833131790161133
  ],
  "Lamp_Back": [
    -1.8184871673583984,
    2.44555401802063,
    5.403956413269043
  ],
  "Lamp_Fill": [
    -4.971067428588867,
    -3.211768388748169,
    3.4107117652893066
  ],
  "Camera": [
    7.335224628448486,
    -6.23269510269165,
    5.78262996673584
  ]
}