{
  "image_filename": "000005788608951894",
  "objects": [
    {
      "shape": "Sphere",
      "size": 2.0,
      "material": "data/materials/PoliigonMetalSpottyDiscoloration001.blend",
      "3d_coords": [
        -0.06608440726995468,
        1.9119385480880737,
        2.0
      ],
      "rotation": 0.0,
      "pixel_coords": [
        80,
        36,
        11.761651992797852
      ]
    },
    {
      "shape": "Icosahedron",
      "size": 2.0,
      "material": "data/materials/PoliigonRoofTilesTerracotta004.blend",
      "3d_coords": [
        1.2296321392059326,
        -2.2597672939300537,
        2.0
      ],
      "rotation": 0.0,
      "pixel_coords": [
        49,
        53,
        8.435691833496094
      ]
    }
  ],
  "ground_material": "data/materials/PoliigonBricksPaintedWhite001.blend",
  "Lamp_Key": [
    7.064288139343262,
    -2.015127182006836,
    3.884140729904175
  ],
  "Lamp_Back": [
    -0.8911608457565308,
    3.531161069869995,
    5.495885848999023
  ],
  "Lamp_Fill": [
    -3.8482682704925537,
    -4.196732997894287,
    3.4070544242858887
  ],
  "Camera": [
    7.6540751457214355,
    -6.792402267456055,
    5.2499613761901855
  ]
}