{
  "image_filename": "00000029",
  "objects": [
    {
      "shape": "square",
      "size": 0.225,
      "rotation": 0.0,
      "2d_coords": [
        0.344948361401407,
        0.7311007784632003
      ],
      "color": [
        0,
        255,
        0
      ]
    },
    {
      "shape": "circle",
      "size": 0.425,
      "rotation": 0.0,
      "2d_coords": [
        0.6224549499024272,
        0.2660182460417386
      ],
      "color": [
        0,
        255,
        0
      ]
    }
  ]
}