{
  "Lamp_Key": [
    5.796285629272461,
    -3.334758996963501,
    4.993567943572998
  ],
  "image_filename": "000010590975392387",
  "Camera": [
    7.770788192749023,
    -6.534819602966309,
    4.927539348602295
  ],
  "Lamp_Fill": [
    -4.084221839904785,
    -4.076273441314697,
    3.2850358486175537
  ],
  "objects": [
    {
      "shape": "SmoothCylinder",
      "material": "Rubber",
      "size": 1.0,
      "rotation": 0.0,
      "pixel_coords": [
        96,
        50,
        11.29561996459961
      ],
      "color": [
        1.0,
        0.0,
        0.0,
        1.0
      ],
      "3d_coords": [
        1.279043436050415,
        2.2919342517852783,
        1.0
      ]
    },
    {
      "shape": "SmoothCylinder",
      "material": "MyMetal",
      "size": 1.0,
      "rotation": 0.0,
      "pixel_coords": [
        55,
        66,
        8.709399223327637
      ],
      "color": [
        0.0,
        1.0,
        0.0,
        1.0
      ],
      "3d_coords": [
        1.47178053855896,
        -1.9453517198562622,
        1.0
      ]
    }
  ],
  "Lamp_Back": [
    -0.3621581792831421,
    3.4523391723632812,
    4.886483192443848
  ]
}