{
  "Camera": [
    7.311274528503418,
    -6.521255016326904,
    5.645585060119629
  ],
  "image_filename": "000008228413635918",
  "Lamp_Key": [
    6.936755180358887,
    -2.138275146484375,
    4.661558151245117
  ],
  "Lamp_Fill": [
    -4.622829437255859,
    -4.074901580810547,
    2.1630477905273438
  ],
  "objects": [
    {
      "material": "MyMetal",
      "pixel_coords": [
        65,
        60,
        8.740869522094727
      ],
      "shape": "SmoothCube_v2",
      "rotation": 0.0,
      "size": 1.5,
      "3d_coords": [
        1.61897873878479,
        -1.3361937999725342,
        1.5
      ],
      "color": [
        1.0,
        0.0,
        0.0,
        1.0
      ]
    },
    {
      "material": "MyMetal",
      "pixel_coords": [
        75,
        34,
        13.24173641204834
      ],
      "shape": "SmoothCube_v2",
      "rotation": 0.0,
      "size": 1.5,
      "3d_coords": [
        -1.605216145515442,
        2.8531062602996826,
        1.5
      ],
      "color": [
        0.0,
        1.0,
        1.0,
        1.0
      ]
    }
  ],
  "Lamp_Back": [
    -1.2225024700164795,
    2.3355517387390137,
    5.034974575042725
  ]
}