{
  "Camera": [
    7.644490718841553,
    -6.560014724731445,
    4.876271724700928
  ],
  "image_filename": "000003199082182116",
  "Lamp_Key": [
    7.036057949066162,
    -2.7053956985473633,
    4.226141929626465
  ],
  "Lamp_Fill": [
    -5.4070329666137695,
    -3.892418384552002,
    3.81731915473938
  ],
  "objects": [
    {
      "pixel_coords": [
        117,
        42,
        9.682519912719727
      ],
      "material": "MyMetal",
      "3d_coords": [
        2.939978837966919,
        2.3382885456085205,
        2.0
      ],
      "size": 2.0,
      "color": [
        1.0,
        1.0,
        0.0,
        1.0
      ],
      "rotation": 0.0,
      "shape": "SmoothCube_v2"
    },
    {
      "pixel_coords": [
        40,
        52,
        10.861085891723633
      ],
      "material": "Rubber",
      "3d_coords": [
        -1.2959898710250854,
        -1.3306293487548828,
        1.0
      ],
      "size": 1.0,
      "color": [
        0.0,
        0.0,
        1.0,
        1.0
      ],
      "rotation": 0.0,
      "shape": "SmoothCube_v2"
    }
  ],
  "Lamp_Back": [
    -1.2075997591018677,
    2.5522048473358154,
    4.871057033538818
  ]
}