{
  "Lamp_Back": [
    -1.6513653993606567,
    2.6392288208007812,
    4.847341537475586
  ],
  "Lamp_Key": [
    5.8360276222229,
    -2.21625018119812,
    3.8224620819091797
  ],
  "image_filename": "000010143993271413",
  "objects": [
    {
      "pixel_coords": [
        83,
        67,
        8.180030822753906
      ],
      "color": [
        1.0,
        1.0,
        0.0,
        1.0
      ],
      "3d_coords": [
        2.901472806930542,
        -1.2930564880371094,
        1.5
      ],
      "size": 1.5,
      "rotation": 0.0,
      "shape": "SmoothCube_v2",
      "material": "MyMetal"
    },
    {
      "pixel_coords": [
        113,
        48,
        10.579425811767578
      ],
      "color": [
        0.0,
        0.0,
        1.0,
        1.0
      ],
      "3d_coords": [
        2.7677741050720215,
        2.511507987976074,
        1.5
      ],
      "size": 1.5,
      "rotation": 0.0,
      "shape": "Sphere",
      "material": "MyMetal"
    }
  ],
  "Lamp_Fill": [
    -3.8369643688201904,
    -3.3349087238311768,
    2.679548978805542
  ],
  "Camera": [
    7.052699565887451,
    -7.005579471588135,
    5.784524917602539
  ]
}