{
  "Lamp_Key": [
    7.442462921142578,
    -3.1246485710144043,
    4.349604606628418
  ],
  "image_filename": "000002232315531504",
  "Lamp_Fill": [
    -4.080034255981445,
    -3.050076723098755,
    2.2186460494995117
  ],
  "Camera": [
    7.948453903198242,
    -6.687766075134277,
    5.4045915603637695
  ],
  "objects": [
    {
      "color": [
        1.0,
        1.0,
        0.0,
        1.0
      ],
      "size": 2.0,
      "3d_coords": [
        2.1113157272338867,
        1.785899043083191,
        2.0
      ],
      "pixel_coords": [
        101,
        43,
        10.37328052520752
      ],
      "material": "MyMetal",
      "rotation": 0.0,
      "shape": "SmoothCube_v2"
    },
    {
      "color": [
        0.0,
        1.0,
        1.0,
        1.0
      ],
      "size": 1.0,
      "3d_coords": [
        -2.683831214904785,
        -0.5185544490814209,
        1.0
      ],
      "pixel_coords": [
        41,
        46,
        12.773622512817383
      ],
      "material": "Rubber",
      "rotation": 0.0,
      "shape": "SmoothCube_v2"
    }
  ],
  "Lamp_Back": [
    -1.3165675401687622,
    1.942598581314087,
    5.024287700653076
  ]
}