{
  "image_filename": "000010780881380838",
  "Lamp_Fill": [
    -4.902583122253418,
    -3.7557179927825928,
    3.501777172088623
  ],
  "Lamp_Back": [
    -0.9912504553794861,
    2.1308846473693848,
    4.822664260864258
  ],
  "Camera": [
    7.845335483551025,
    -6.899601459503174,
    5.031586170196533
  ],
  "Lamp_Key": [
    5.579013824462891,
    -2.139342784881592,
    4.9919610023498535
  ],
  "objects": [
    {
      "pixel_coords": [
        30,
        37,
        11.524248123168945
      ],
      "size": 2.0,
      "color": [
        1.0,
        0.0,
        0.0,
        1.0
      ],
      "rotation": 0.0,
      "material": "Rubber",
      "shape": "Sphere",
      "3d_coords": [
        -2.529111385345459,
        -1.538103461265564,
        2.0
      ]
    },
    {
      "pixel_coords": [
        84,
        49,
        8.990409851074219
      ],
      "size": 2.0,
      "color": [
        1.0,
        0.0,
        1.0,
        1.0
      ],
      "rotation": 0.0,
      "material": "MyMetal",
      "shape": "Sphere",
      "3d_coords": [
        2.288398265838623,
        -0.31887108087539673,
        2.0
      ]
    }
  ]
}