{
  "image_filename": "000006979425848782",
  "objects": [
    {
      "rotation": 0.0,
      "color": [
        1.0,
        0.0,
        1.0,
        1.0
      ],
      "3d_coords": [
        2.3318660259246826,
        1.9367272853851318,
        2.0
      ],
      "size": 2.0,
      "pixel_coords": [
        107,
        41,
        9.702155113220215
      ],
      "shape": "Suzanne",
      "material": "MyMetal"
    },
    {
      "rotation": 0.0,
      "color": [
        0.0,
        0.0,
        1.0,
        1.0
      ],
      "3d_coords": [
        1.1698604822158813,
        -2.3503823280334473,
        1.5
      ],
      "size": 1.5,
      "pixel_coords": [
        48,
        60,
        8.090974807739258
      ],
      "shape": "Suzanne",
      "material": "MyMetal"
    }
  ],
  "Camera": [
    7.126020908355713,
    -6.638847827911377,
    5.034008979797363
  ],
  "Lamp_Fill": [
    -4.303282260894775,
    -4.928156852722168,
    3.6379923820495605
  ],
  "Lamp_Key": [
    7.4072585105896,
    -3.7610924243927,
    4.586552619934082
  ],
  "Lamp_Back": [
    -0.698697566986084,
    2.568755865097046,
    5.7116570472717285
  ]
}