{
  "image_filename": "00000065",
  "objects": [
    {
      "shape": "circle",
      "size": 0.325,
      "rotation": 0.0,
      "2d_coords": [
        0.4404192957162908,
        0.41651726934275124
      ],
      "color": [
        255,
        127,
        0
      ]
    },
    {
      "shape": "triangle",
      "size": 0.425,
      "rotation": 0.0,
      "2d_coords": [
        0.5128234442540264,
        0.8190291616155774
      ],
      "color": [
        0,
        127,
        255
      ]
    }
  ]
}