{
  "Lamp_Key": [
    5.950442790985107,
    -2.241509199142456,
    4.736064434051514
  ],
  "Camera": [
    7.2367844581604,
    -6.143486022949219,
    5.82997465133667
  ],
  "objects": [
    {
      "shape": "SmoothCube_v2",
      "pixel_coords": [
        52,
        30,
        12.039657592773438
      ],
      "size": 2.0,
      "material": "Rubber",
      "3d_coords": [
        -2.413811683654785,
        0.6857270002365112,
        2.0
      ],
      "color": [
        0.0,
        0.0,
        1.0,
        1.0
      ],
      "rotation": 0.0
    },
    {
      "shape": "Sphere",
      "pixel_coords": [
        44,
        48,
        8.971604347229004
      ],
      "size": 2.0,
      "material": "MyMetal",
      "3d_coords": [
        0.1626300811767578,
        -1.8426907062530518,
        2.0
      ],
      "color": [
        1.0,
        1.0,
        0.0,
        1.0
      ],
      "rotation": 0.0
    }
  ],
  "Lamp_Fill": [
    -4.383788108825684,
    -3.629096508026123,
    3.9899215698242188
  ],
  "image_filename": "000011344215095444",
  "Lamp_Back": [
    -1.3142989873886108,
    2.701719284057617,
    5.9068450927734375
  ]
}