{
  "Lamp_Back": [
    -0.30744415521621704,
    2.3951361179351807,
    6.247147560119629
  ],
  "objects": [
    {
      "material": "MyMetal",
      "pixel_coords": [
        107,
        42,
        9.914281845092773
      ],
      "shape": "SmoothCylinder",
      "3d_coords": [
        2.2086095809936523,
        2.1436305046081543,
        2.0
      ],
      "rotation": 0.0,
      "size": 2.0,
      "color": [
        0.0,
        1.0,
        0.0,
        1.0
      ]
    },
    {
      "material": "MyMetal",
      "pixel_coords": [
        41,
        45,
        9.360828399658203
      ],
      "shape": "SmoothCube_v2",
      "3d_coords": [
        -0.256756454706192,
        -1.789563775062561,
        2.0
      ],
      "rotation": 0.0,
      "size": 2.0,
      "color": [
        1.0,
        0.0,
        1.0,
        1.0
      ]
    }
  ],
  "Camera": [
    7.411768436431885,
    -6.220371246337891,
    5.620627403259277
  ],
  "Lamp_Fill": [
    -4.62258768081665,
    -4.206319808959961,
    3.8006625175476074
  ],
  "image_filename": "000009869175423080",
  "Lamp_Key": [
    6.389829158782959,
    -2.606882333755493,
    4.549835681915283
  ]
}