{
  "image_filename": "000003680829515142",
  "objects": [
    {
      "shape": "Sphere",
      "size": 1.0,
      "material": "data/materials/PoliigonRoofTilesTerracotta004.blend",
      "3d_coords": [
        -1.7761980295181274,
        0.017095359042286873,
        1.0
      ],
      "rotation": 0.0,
      "pixel_coords": [
        51,
        46,
        12.263845443725586
      ]
    },
    {
      "shape": "Suzanne",
      "size": 1.0,
      "material": "data/materials/PoliigonFabricDenim003.blend",
      "3d_coords": [
        1.6461002826690674,
        1.5094693899154663,
        1.0
      ],
      "rotation": 0.0,
      "pixel_coords": [
        93,
        55,
        10.803661346435547
      ]
    }
  ],
  "ground_material": "data/materials/PoliigonMetalSpottyDiscoloration001.blend",
  "Lamp_Key": [
    7.250185966491699,
    -2.2209551334381104,
    3.7287631034851074
  ],
  "Lamp_Back": [
    -0.46713390946388245,
    3.058208465576172,
    5.445931434631348
  ],
  "Lamp_Fill": [
    -4.116031169891357,
    -3.1521379947662354,
    2.821505308151245
  ],
  "Camera": [
    7.731987953186035,
    -6.419576644897461,
    5.714484691619873
  ]
}