{
  "image_filename": "00000049",
  "objects": [
    {
      "shape": "square",
      "size": 0.125,
      "rotation": 0.0,
      "2d_coords": [
        0.35372964358781595,
        0.9234443242363799
      ],
      "color": [
        0,
        127,
        255
      ]
    },
    {
      "shape": "circle",
      "size": 0.425,
      "rotation": 0.0,
      "2d_coords": [
        0.1994203340313953,
        0.16937924160626686
      ],
      "color": [
        0,
        255,
        0
      ]
    }
  ]
}