{
  "Lamp_Back": [
    -0.676321804523468,
    3.011570930480957,
    6.614058494567871
  ],
  "image_filename": "000008778285020348",
  "Camera": [
    7.152520179748535,
    -6.458876132965088,
    5.710906505584717
  ],
  "objects": [
    {
      "rotation": 0.0,
      "size": 1.5,
      "shape": "SmoothCylinder",
      "material": "MyMetal",
      "pixel_coords": [
        56,
        35,
        12.70013427734375
      ],
      "3d_coords": [
        -2.4140753746032715,
        1.2509088516235352,
        1.5
      ],
      "color": [
        0.0,
        1.0,
        0.0,
        1.0
      ]
    },
    {
      "rotation": 0.0,
      "size": 1.0,
      "shape": "SmoothCylinder",
      "material": "MyMetal",
      "pixel_coords": [
        28,
        58,
        10.000107765197754
      ],
      "3d_coords": [
        -1.1200294494628906,
        -2.4410793781280518,
        1.0
      ],
      "color": [
        0.0,
        1.0,
        0.0,
        1.0
      ]
    }
  ],
  "Lamp_Key": [
    7.022363662719727,
    -3.0817487239837646,
    4.228686809539795
  ],
  "Lamp_Fill": [
    -4.3262457847595215,
    -4.111706733703613,
    3.1511905193328857
  ]
}