{
  "image_filename": "000008701246058164",
  "objects": [
    {
      "shape": "Icosahedron",
      "size": 2.0,
      "material": "data/materials/PoliigonBricksFlemishRed001.blend",
      "3d_coords": [
        2.8370368480682373,
        1.9461935758590698,
        2.0
      ],
      "rotation": 0.0,
      "pixel_coords": [
        113,
        43,
        9.649429321289062
      ]
    },
    {
      "shape": "Cylinder",
      "size": 1.5,
      "material": "data/materials/PoliigonRoofTilesTerracotta004.blend",
      "3d_coords": [
        2.202279806137085,
        -2.474691152572632,
        1.5
      ],
      "rotation": 0.0,
      "pixel_coords": [
        59,
        68,
        7.583625316619873
      ]
    }
  ],
  "ground_material": "data/materials/PoliigonBricksFlemishRed001.blend",
  "Lamp_Key": [
    6.586243152618408,
    -3.4417970180511475,
    3.414001226425171
  ],
  "Lamp_Back": [
    -0.8454262614250183,
    2.3386008739471436,
    6.466218948364258
  ],
  "Lamp_Fill": [
    -3.9555017948150635,
    -4.611870288848877,
    2.103644847869873
  ],
  "Camera": [
    7.18696403503418,
    -6.854296684265137,
    5.187321186065674
  ]
}