{
  "image_filename": "000006213791582818",
  "objects": [
    {
      "shape": "Sphere",
      "size": 2.0,
      "material": "data/materials/PoliigonRoofTilesTerracotta004.blend",
      "3d_coords": [
        -1.6375905275344849,
        -0.7549613118171692,
        2.0
      ],
      "rotation": 0.0,
      "pixel_coords": [
        42,
        36,
        10.537991523742676
      ]
    },
    {
      "shape": "Cylinder",
      "size": 1.5,
      "material": "data/materials/PoliigonChainmailCopperRoundedThin001.blend",
      "3d_coords": [
        1.240899920463562,
        2.547732353210449,
        1.5
      ],
      "rotation": 0.0,
      "pixel_coords": [
        99,
        42,
        10.888236999511719
      ]
    }
  ],
  "ground_material": "data/materials/PoliigonChainmailCopperRoundedThin001.blend",
  "Lamp_Key": [
    5.936522006988525,
    -2.3784384727478027,
    4.225384712219238
  ],
  "Lamp_Back": [
    -0.7096203565597534,
    1.6988444328308105,
    6.040592193603516
  ],
  "Lamp_Fill": [
    -5.5401811599731445,
    -3.4645984172821045,
    2.491586208343506
  ],
  "Camera": [
    6.998364448547363,
    -6.44804048538208,
    5.342076778411865
  ]
}