{
  "image_filename": "000002930754005079",
  "objects": [
    {
      "shape": "Cylinder",
      "size": 2.0,
      "material": "data/materials/PoliigonMetalSpottyDiscoloration001.blend",
      "3d_coords": [
        -2.516146183013916,
        -1.8693803548812866,
        2.0
      ],
      "rotation": 0.0,
      "pixel_coords": [
        25,
        38,
        11.116300582885742
      ]
    },
    {
      "shape": "Cylinder",
      "size": 1.5,
      "material": "data/materials/PoliigonWoodFlooring061.blend",
      "3d_coords": [
        1.0629562139511108,
        -2.060750961303711,
        1.5
      ],
      "rotation": 0.0,
      "pixel_coords": [
        51,
        60,
        8.918523788452148
      ]
    }
  ],
  "ground_material": "data/materials/PoliigonRoofTilesTerracotta004.blend",
  "Lamp_Key": [
    5.928237438201904,
    -2.911520481109619,
    4.422460079193115
  ],
  "Lamp_Back": [
    -0.40377217531204224,
    1.6556000709533691,
    6.665533542633057
  ],
  "Lamp_Fill": [
    -3.986811637878418,
    -3.6949667930603027,
    3.0974185466766357
  ],
  "Camera": [
    7.50083065032959,
    -6.7944207191467285,
    5.552361965179443
  ]
}