{
  "Camera": [
    7.072919845581055,
    -6.539450645446777,
    5.8348708152771
  ],
  "Lamp_Key": [
    6.522315502166748,
    -3.0740694999694824,
    3.882009983062744
  ],
  "Lamp_Back": [
    -1.960465908050537,
    2.5795178413391113,
    6.2394304275512695
  ],
  "Lamp_Fill": [
    -5.125230312347412,
    -3.2150826454162598,
    2.991053819656372
  ],
  "objects": [
    {
      "3d_coords": [
        -0.19436343014240265,
        1.0560896396636963,
        1.5
      ],
      "material": "MyMetal",
      "color": [
        0.0,
        1.0,
        0.0,
        1.0
      ],
      "size": 1.5,
      "rotation": 0.0,
      "shape": "Sphere",
      "pixel_coords": [
        72,
        42,
        11.220312118530273
      ]
    },
    {
      "3d_coords": [
        0.4301401674747467,
        -2.1982452869415283,
        1.5
      ],
      "material": "Rubber",
      "color": [
        1.0,
        0.0,
        1.0,
        1.0
      ],
      "size": 1.5,
      "rotation": 0.0,
      "shape": "Sphere",
      "pixel_coords": [
        43,
        59,
        8.938457489013672
      ]
    }
  ],
  "image_filename": "000003649654145323"
}