{
  "Lamp_Key": [
    5.808492660522461,
    -2.0016298294067383,
    3.793416976928711
  ],
  "objects": [
    {
      "shape": "Suzanne",
      "color": [
        1.0,
        0.0,
        1.0,
        1.0
      ],
      "rotation": 0.0,
      "material": "Rubber",
      "3d_coords": [
        -0.651948869228363,
        -1.9941949844360352,
        2.0
      ],
      "pixel_coords": [
        34,
        43,
        9.055790901184082
      ],
      "size": 2.0
    },
    {
      "shape": "SmoothCylinder",
      "color": [
        1.0,
        0.0,
        0.0,
        1.0
      ],
      "rotation": 0.0,
      "material": "MyMetal",
      "3d_coords": [
        -2.9723145961761475,
        2.126500368118286,
        1.5
      ],
      "pixel_coords": [
        60,
        32,
        13.231756210327148
      ],
      "size": 1.5
    }
  ],
  "image_filename": "000000634977147385",
  "Lamp_Back": [
    -1.4894405603408813,
    1.7944591045379639,
    5.279969692230225
  ],
  "Camera": [
    7.14691686630249,
    -6.225266933441162,
    4.99053430557251
  ],
  "Lamp_Fill": [
    -3.740806818008423,
    -4.606267929077148,
    2.2459137439727783
  ]
}