{
  "image_filename": "000004157149044098",
  "objects": [
    {
      "shape": "Sphere",
      "size": 1.5,
      "material": "data/materials/PoliigonRoofTilesTerracotta004.blend",
      "3d_coords": [
        2.6367766857147217,
        0.5330418944358826,
        1.5
      ],
      "rotation": 0.0,
      "pixel_coords": [
        97,
        56,
        8.778326034545898
      ]
    },
    {
      "shape": "Suzanne",
      "size": 2.0,
      "material": "data/materials/PoliigonBricksFlemishRed001.blend",
      "3d_coords": [
        -1.074267029762268,
        -2.1486446857452393,
        2.0
      ],
      "rotation": 0.0,
      "pixel_coords": [
        30,
        42,
        9.593389511108398
      ]
    }
  ],
  "ground_material": "data/materials/PoliigonBricksPaintedWhite001.blend",
  "Lamp_Key": [
    7.202873706817627,
    -3.34152889251709,
    4.156497001647949
  ],
  "Lamp_Back": [
    -0.4297299385070801,
    3.4782698154449463,
    5.435829162597656
  ],
  "Lamp_Fill": [
    -5.214344024658203,
    -3.6364381313323975,
    3.6591415405273438
  ],
  "Camera": [
    7.528572082519531,
    -6.110100746154785,
    5.183992385864258
  ]
}