{
  "image_filename": "00000095",
  "objects": [
    {
      "shape": "square",
      "size": 0.225,
      "rotation": 0.0,
      "2d_coords": [
        0.4690770722213729,
        0.6904808513080771
      ],
      "color": [
        0,
        255,
        0
      ]
    },
    {
      "shape": "star_4",
      "size": 0.225,
      "rotation": 0.0,
      "2d_coords": [
        0.23325883886950877,
        0.559680444998897
      ],
      "color": [
        255,
        0,
        255
      ]
    }
  ]
}