{
  "objects": [
    {
      "pixel_coords": [
        20,
        55,
        11.001469612121582
      ],
      "material": "Rubber",
      "size": 1.0,
      "shape": "Suzanne",
      "rotation": 0.0,
      "3d_coords": [
        -2.0573110580444336,
        -2.8019747734069824,
        1.0
      ],
      "color": [
        0.0,
        1.0,
        0.0,
        1.0
      ]
    },
    {
      "pixel_coords": [
        90,
        44,
        11.650980949401855
      ],
      "material": "Rubber",
      "size": 1.5,
      "shape": "Sphere",
      "rotation": 0.0,
      "3d_coords": [
        0.9685542583465576,
        2.047016143798828,
        1.5
      ],
      "color": [
        1.0,
        0.0,
        1.0,
        1.0
      ]
    }
  ],
  "Lamp_Key": [
    5.5898823738098145,
    -3.1018006801605225,
    4.325350761413574
  ],
  "Lamp_Fill": [
    -4.480090618133545,
    -4.2268853187561035,
    2.9838037490844727
  ],
  "Lamp_Back": [
    -1.4670244455337524,
    2.9210829734802246,
    5.775467395782471
  ],
  "image_filename": "000003265184539001",
  "Camera": [
    7.791623592376709,
    -6.989883899688721,
    5.3590288162231445
  ]
}