{
  "Camera": [
    7.667657375335693,
    -6.540378570556641,
    5.611231327056885
  ],
  "image_filename": "000014227118806001",
  "Lamp_Fill": [
    -4.954578399658203,
    -4.100587844848633,
    2.014798641204834
  ],
  "Lamp_Back": [
    -1.7868071794509888,
    3.2884409427642822,
    5.557355880737305
  ],
  "Lamp_Key": [
    7.259433746337891,
    -3.381502866744995,
    5.193735599517822
  ],
  "objects": [
    {
      "material": "MyMetal",
      "pixel_coords": [
        28,
        63,
        9.611532211303711
      ],
      "rotation": 0.0,
      "shape": "Suzanne",
      "size": 1.0,
      "color": [
        1.0,
        1.0,
        0.0,
        1.0
      ],
      "3d_coords": [
        -0.34903743863105774,
        -2.9435312747955322,
        1.0
      ]
    },
    {
      "material": "MyMetal",
      "pixel_coords": [
        87,
        36,
        11.478808403015137
      ],
      "rotation": 0.0,
      "shape": "SmoothCylinder",
      "size": 2.0,
      "color": [
        0.0,
        1.0,
        1.0,
        1.0
      ],
      "3d_coords": [
        0.4194038212299347,
        2.10852313041687,
        2.0
      ]
    }
  ]
}