{
  "image_filename": "00000079",
  "objects": [
    {
      "shape": "square",
      "size": 0.225,
      "rotation": 0.0,
      "2d_coords": [
        0.6038993102864659,
        0.6865857598644148
      ],
      "color": [
        0,
        127,
        255
      ]
    },
    {
      "shape": "triangle",
      "size": 0.425,
      "rotation": 0.0,
      "2d_coords": [
        0.18601998505056042,
        0.4538765496886483
      ],
      "color": [
        0,
        255,
        0
      ]
    }
  ]
}