{
  "Lamp_Fill": [
    -4.5593581199646,
    -4.217347145080566,
    2.732631206512451
  ],
  "image_filename": "000012733729624925",
  "Lamp_Key": [
    6.147019386291504,
    -2.4206783771514893,
    3.2812812328338623
  ],
  "Lamp_Back": [
    -1.8274385929107666,
    1.7418700456619263,
    4.821959018707275
  ],
  "Camera": [
    7.647699356079102,
    -6.777357578277588,
    5.448385238647461
  ],
  "objects": [
    {
      "color": [
        1.0,
        0.0,
        0.0,
        1.0
      ],
      "pixel_coords": [
        89,
        56,
        9.399718284606934
      ],
      "shape": "Sphere",
      "rotation": 0.0,
      "3d_coords": [
        2.3524811267852783,
        0.13442157208919525,
        1.5
      ],
      "size": 1.5,
      "material": "MyMetal"
    },
    {
      "color": [
        1.0,
        1.0,
        0.0,
        1.0
      ],
      "pixel_coords": [
        26,
        49,
        10.48310661315918
      ],
      "shape": "SmoothCube_v2",
      "rotation": 0.0,
      "3d_coords": [
        -1.5612586736679077,
        -2.4307496547698975,
        1.5
      ],
      "size": 1.5,
      "material": "MyMetal"
    }
  ]
}