{
  "image_filename": "00000066",
  "objects": [
    {
      "shape": "circle",
      "size": 0.125,
      "rotation": 0.0,
      "2d_coords": [
        0.46068895332018733,
        0.45047731233493865
      ],
      "color": [
        255,
        127,
        0
      ]
    },
    {
      "shape": "circle",
      "size": 0.225,
      "rotation": 0.0,
      "2d_coords": [
        0.39443669096168626,
        0.8070783700335578
      ],
      "color": [
        0,
        127,
        255
      ]
    }
  ]
}