{
  "image_filename": "000010656592698321",
  "objects": [
    {
      "size": 1.0,
      "shape": "Suzanne",
      "3d_coords": [
        0.8663418292999268,
        0.9822031855583191,
        1.0
      ],
      "color": [
        0.0,
        1.0,
        1.0,
        1.0
      ],
      "material": "MyMetal",
      "pixel_coords": [
        81,
        53,
        10.83149528503418
      ],
      "rotation": 0.0
    },
    {
      "size": 1.0,
      "shape": "SmoothCube_v2",
      "3d_coords": [
        2.25730299949646,
        -2.5616040229797363,
        1.0
      ],
      "color": [
        1.0,
        1.0,
        0.0,
        1.0
      ],
      "material": "Rubber",
      "pixel_coords": [
        56,
        77,
        7.855027198791504
      ],
      "rotation": 0.0
    }
  ],
  "Camera": [
    7.473351955413818,
    -6.56559944152832,
    5.380204677581787
  ],
  "Lamp_Key": [
    6.094059467315674,
    -3.4543910026550293,
    3.904662847518921
  ],
  "Lamp_Fill": [
    -5.436046123504639,
    -4.187091827392578,
    3.468574285507202
  ],
  "Lamp_Back": [
    -1.3560408353805542,
    2.536949872970581,
    5.309497356414795
  ]
}