{
  "Lamp_Key": [
    5.49368143081665,
    -3.889584541320801,
    4.887228012084961
  ],
  "Camera": [
    7.499500751495361,
    -6.013615608215332,
    5.536612510681152
  ],
  "image_filename": "000015712554204178",
  "Lamp_Back": [
    -1.7607601881027222,
    3.200082302093506,
    6.677631378173828
  ],
  "objects": [
    {
      "size": 1.5,
      "3d_coords": [
        2.119199752807617,
        0.34502944350242615,
        1.5
      ],
      "material": "Rubber",
      "shape": "SmoothCube_v2",
      "rotation": 0.0,
      "color": [
        0.0,
        1.0,
        0.0,
        1.0
      ],
      "pixel_coords": [
        89,
        55,
        9.098973274230957
      ]
    },
    {
      "size": 2.0,
      "3d_coords": [
        -1.8147355318069458,
        -0.46152040362358093,
        2.0
      ],
      "material": "MyMetal",
      "shape": "SmoothCube_v2",
      "rotation": 0.0,
      "color": [
        0.0,
        0.0,
        1.0,
        1.0
      ],
      "pixel_coords": [
        45,
        35,
        11.071701049804688
      ]
    }
  ],
  "Lamp_Fill": [
    -5.363404273986816,
    -3.0274949073791504,
    3.9399356842041016
  ]
}