{
  "Lamp_Back": [
    -0.7850144505500793,
    2.2316315174102783,
    5.858217716217041
  ],
  "objects": [
    {
      "3d_coords": [
        -0.6411375999450684,
        2.9187510013580322,
        1.0
      ],
      "shape": "Suzanne",
      "pixel_coords": [
        82,
        42,
        13.320666313171387
      ],
      "color": [
        1.0,
        0.0,
        1.0,
        1.0
      ],
      "rotation": 0.0,
      "size": 1.0,
      "material": "MyMetal"
    },
    {
      "3d_coords": [
        2.584186553955078,
        -0.29815545678138733,
        1.0
      ],
      "shape": "Suzanne",
      "pixel_coords": [
        87,
        66,
        9.328804969787598
      ],
      "color": [
        0.0,
        0.0,
        1.0,
        1.0
      ],
      "rotation": 0.0,
      "size": 1.0,
      "material": "Rubber"
    }
  ],
  "Camera": [
    7.446094989776611,
    -6.980329990386963,
    5.599512100219727
  ],
  "Lamp_Key": [
    6.054547309875488,
    -2.9173288345336914,
    4.416613578796387
  ],
  "Lamp_Fill": [
    -4.344152450561523,
    -4.0339531898498535,
    3.4405465126037598
  ],
  "image_filename": "000006745830526513"
}