{
  "objects": [
    {
      "color": [
        1.0,
        1.0,
        0.0,
        1.0
      ],
      "3d_coords": [
        2.6152727603912354,
        1.247216820716858,
        1.0
      ],
      "pixel_coords": [
        102,
        58,
        9.68881607055664
      ],
      "material": "Rubber",
      "size": 1.0,
      "rotation": 0.0,
      "shape": "SmoothCube_v2"
    },
    {
      "color": [
        0.0,
        0.0,
        1.0,
        1.0
      ],
      "3d_coords": [
        -2.83349347114563,
        1.120944857597351,
        1.5
      ],
      "pixel_coords": [
        53,
        36,
        13.09431266784668
      ],
      "material": "MyMetal",
      "size": 1.5,
      "rotation": 0.0,
      "shape": "SmoothCube_v2"
    }
  ],
  "Lamp_Key": [
    6.507593631744385,
    -2.853548288345337,
    4.923150062561035
  ],
  "Lamp_Fill": [
    -5.303569316864014,
    -3.155024528503418,
    3.217559814453125
  ],
  "Camera": [
    7.576026916503906,
    -6.59770393371582,
    4.865828990936279
  ],
  "image_filename": "000001768022176021",
  "Lamp_Back": [
    -0.8450419306755066,
    2.5584299564361572,
    6.364678382873535
  ]
}