{
  "Lamp_Key": [
    5.680643081665039,
    -3.221370220184326,
    4.872401237487793
  ],
  "image_filename": "000011401225021604",
  "objects": [
    {
      "material": "Rubber",
      "3d_coords": [
        2.871431350708008,
        -1.884299397468567,
        1.5
      ],
      "rotation": 0.0,
      "size": 1.5,
      "color": [
        0.0,
        1.0,
        1.0,
        1.0
      ],
      "shape": "Suzanne",
      "pixel_coords": [
        75,
        70,
        7.364187717437744
      ]
    },
    {
      "material": "Rubber",
      "3d_coords": [
        -0.6020075082778931,
        2.766643762588501,
        1.5
      ],
      "rotation": 0.0,
      "size": 1.5,
      "color": [
        0.0,
        1.0,
        1.0,
        1.0
      ],
      "shape": "Sphere",
      "pixel_coords": [
        82,
        37,
        12.386165618896484
      ]
    }
  ],
  "Lamp_Back": [
    -1.6510812044143677,
    2.5639634132385254,
    6.29880428314209
  ],
  "Lamp_Fill": [
    -4.52121114730835,
    -4.9873175621032715,
    3.547321081161499
  ],
  "Camera": [
    7.085785388946533,
    -6.643354415893555,
    5.275890827178955
  ]
}