{
  "Camera": [
    7.338248252868652,
    -6.844282150268555,
    4.930436134338379
  ],
  "objects": [
    {
      "pixel_coords": [
        74,
        48,
        8.59478759765625
      ],
      "color": [
        1.0,
        1.0,
        0.0,
        1.0
      ],
      "size": 2.0,
      "rotation": 0.0,
      "shape": "Sphere",
      "material": "MyMetal",
      "3d_coords": [
        1.8031970262527466,
        -0.8497915863990784,
        2.0
      ]
    },
    {
      "pixel_coords": [
        37,
        44,
        11.019707679748535
      ],
      "color": [
        1.0,
        1.0,
        0.0,
        1.0
      ],
      "size": 1.5,
      "rotation": 0.0,
      "shape": "SmoothCube_v2",
      "material": "Rubber",
      "3d_coords": [
        -1.8726595640182495,
        -1.1898971796035767,
        1.5
      ]
    }
  ],
  "Lamp_Back": [
    -0.42158639430999756,
    1.6708781719207764,
    6.1608147621154785
  ],
  "image_filename": "000008211489912733",
  "Lamp_Fill": [
    -4.7422099113464355,
    -3.8610336780548096,
    2.5737314224243164
  ],
  "Lamp_Key": [
    5.584041118621826,
    -3.7141361236572266,
    3.363316297531128
  ]
}