{
  "image_filename": "00000043",
  "objects": [
    {
      "shape": "star_4",
      "size": 0.125,
      "rotation": 0.0,
      "2d_coords": [
        0.39736620437639,
        0.8041355508795014
      ],
      "color": [
        255,
        0,
        255
      ]
    },
    {
      "shape": "square",
      "size": 0.125,
      "rotation": 0.0,
      "2d_coords": [
        0.8103639515674466,
        0.4460075726297074
      ],
      "color": [
        0,
        127,
        255
      ]
    }
  ]
}