{
  "Camera": [
    7.722363471984863,
    -6.264803409576416,
    5.254105091094971
  ],
  "Lamp_Key": [
    7.090119361877441,
    -3.4258785247802734,
    4.0706706047058105
  ],
  "image_filename": "000004390476864827",
  "Lamp_Fill": [
    -5.444952011108398,
    -4.7097907066345215,
    3.874297618865967
  ],
  "objects": [
    {
      "color": [
        0.0,
        1.0,
        1.0,
        1.0
      ],
      "rotation": 0.0,
      "3d_coords": [
        2.0064313411712646,
        -2.0648398399353027,
        1.0
      ],
      "size": 1.0,
      "pixel_coords": [
        58,
        72,
        8.25166130065918
      ],
      "material": "MyMetal",
      "shape": "Suzanne"
    },
    {
      "color": [
        1.0,
        1.0,
        0.0,
        1.0
      ],
      "rotation": 0.0,
      "3d_coords": [
        -2.615539073944092,
        -0.7479953169822693,
        2.0
      ],
      "size": 2.0,
      "pixel_coords": [
        37,
        34,
        11.691621780395508
      ],
      "material": "MyMetal",
      "shape": "Sphere"
    }
  ],
  "Lamp_Back": [
    -1.015881896018982,
    2.3072197437286377,
    6.669159412384033
  ]
}