{
  "image_filename": "00000052",
  "objects": [
    {
      "shape": "circle",
      "size": 0.325,
      "rotation": 0.0,
      "2d_coords": [
        0.23937842075598156,
        0.636851484625834
      ],
      "color": [
        0,
        127,
        255
      ]
    },
    {
      "shape": "circle",
      "size": 0.425,
      "rotation": 0.0,
      "2d_coords": [
        0.6034628925709524,
        0.7389613132617968
      ],
      "color": [
        0,
        255,
        0
      ]
    }
  ]
}