{
  "image_filename": "000005211078520199",
  "objects": [
    {
      "shape": "Torus",
      "size": 1.5,
      "material": "data/materials/PoliigonWoodFlooring061.blend",
      "3d_coords": [
        -0.9630475640296936,
        1.5401355028152466,
        1.5
      ],
      "rotation": 0.0,
      "pixel_coords": [
        71,
        39,
        12.125635147094727
      ]
    },
    {
      "shape": "Cone",
      "size": 1.5,
      "material": "data/materials/PoliigonBricksFlemishRed001.blend",
      "3d_coords": [
        -1.7719422578811646,
        -2.2368433475494385,
        1.5
      ],
      "rotation": 0.0,
      "pixel_coords": [
        27,
        47,
        10.655177116394043
      ]
    }
  ],
  "ground_material": "data/materials/PoliigonFabricFleece001.blend",
  "Lamp_Key": [
    6.437924861907959,
    -2.966768980026245,
    3.9174184799194336
  ],
  "Lamp_Back": [
    -0.9761918783187866,
    2.7338316440582275,
    6.243220806121826
  ],
  "Lamp_Fill": [
    -4.824997425079346,
    -3.169049024581909,
    2.3110992908477783
  ],
  "Camera": [
    7.8536295890808105,
    -6.102969169616699,
    5.479543209075928
  ]
}