{
  "objects": [
    {
      "material": "MyMetal",
      "shape": "Suzanne",
      "pixel_coords": [
        73,
        58,
        10.419991493225098
      ],
      "rotation": 0.0,
      "3d_coords": [
        1.2005976438522339,
        -0.17859336733818054,
        1.0
      ],
      "size": 1.0,
      "color": [
        1.0,
        0.0,
        1.0,
        1.0
      ]
    },
    {
      "material": "MyMetal",
      "shape": "SmoothCube_v2",
      "pixel_coords": [
        50,
        38,
        13.366098403930664
      ],
      "rotation": 0.0,
      "3d_coords": [
        -2.79719614982605,
        0.7134575247764587,
        1.5
      ],
      "size": 1.5,
      "color": [
        1.0,
        0.0,
        0.0,
        1.0
      ]
    }
  ],
  "Camera": [
    7.816834449768066,
    -6.936296463012695,
    5.443994522094727
  ],
  "Lamp_Back": [
    -0.294415682554245,
    2.1659059524536133,
    5.611056804656982
  ],
  "Lamp_Key": [
    5.6520185470581055,
    -3.4031927585601807,
    4.854024887084961
  ],
  "image_filename": "000011354107744737",
  "Lamp_Fill": [
    -5.059926986694336,
    -3.123687744140625,
    3.102992534637451
  ]
}