{
  "image_filename": "00000088",
  "objects": [
    {
      "shape": "star_4",
      "size": 0.125,
      "rotation": 0.0,
      "2d_coords": [
        0.09435423904402761,
        0.09931120537999791
      ],
      "color": [
        255,
        127,
        0
      ]
    },
    {
      "shape": "circle",
      "size": 0.125,
      "rotation": 0.0,
      "2d_coords": [
        0.5074063797986331,
        0.2249720466145395
      ],
      "color": [
        0,
        255,
        0
      ]
    }
  ]
}