{
  "image_filename": "00000079",
  "objects": [
    {
      "shape": "star_4",
      "size": 0.225,
      "rotation": 0.0,
      "2d_coords": [
        0.6647610121029028,
        0.45143729793514786
      ],
      "color": [
        0,
        255,
        0
      ]
    },
    {
      "shape": "triangle",
      "size": 0.425,
      "rotation": 0.0,
      "2d_coords": [
        0.30681534690290824,
        0.6088767034160798
      ],
      "color": [
        0,
        255,
        0
      ]
    }
  ]
}