{
  "image_filename": "00000042",
  "objects": [
    {
      "shape": "star_4",
      "size": 0.325,
      "rotation": 0.0,
      "2d_coords": [
        0.8264111329152627,
        0.6415174952631475
      ],
      "color": [
        0,
        255,
        0
      ]
    },
    {
      "shape": "star_4",
      "size": 0.425,
      "rotation": 0.0,
      "2d_coords": [
        0.5237307418053242,
        0.3396460187648502
      ],
      "color": [
        255,
        127,
        0
      ]
    }
  ]
}