{
  "Lamp_Key": [
    6.513993740081787,
    -3.473376750946045,
    3.847539186477661
  ],
  "Lamp_Fill": [
    -5.255468845367432,
    -3.6196110248565674,
    3.433856248855591
  ],
  "objects": [
    {
      "shape": "SmoothCylinder",
      "rotation": 0.0,
      "pixel_coords": [
        47,
        41,
        11.643196105957031
      ],
      "material": "Rubber",
      "color": [
        0.0,
        1.0,
        1.0,
        1.0
      ],
      "3d_coords": [
        -1.9287633895874023,
        -0.2838883697986603,
        1.5
      ],
      "size": 1.5
    },
    {
      "shape": "SmoothCylinder",
      "rotation": 0.0,
      "pixel_coords": [
        76,
        47,
        8.8676118850708
      ],
      "material": "MyMetal",
      "color": [
        1.0,
        1.0,
        0.0,
        1.0
      ],
      "3d_coords": [
        1.6974060535430908,
        -0.3632485568523407,
        2.0
      ],
      "size": 2.0
    }
  ],
  "image_filename": "000000738259456506",
  "Lamp_Back": [
    -0.472066193819046,
    3.437931537628174,
    5.513442516326904
  ],
  "Camera": [
    7.697427272796631,
    -6.209700584411621,
    5.18928337097168
  ]
}