{
  "Lamp_Key": [
    6.057556629180908,
    -2.223423719406128,
    4.256372928619385
  ],
  "image_filename": "000005307895309881",
  "Lamp_Back": [
    -0.47208404541015625,
    2.3698184490203857,
    5.685279846191406
  ],
  "Lamp_Fill": [
    -4.394999980926514,
    -4.847867965698242,
    2.161005735397339
  ],
  "objects": [
    {
      "color": [
        1.0,
        0.0,
        0.0,
        1.0
      ],
      "material": "MyMetal",
      "size": 2.0,
      "shape": "Suzanne",
      "3d_coords": [
        1.948723316192627,
        -1.2108484506607056,
        2.0
      ],
      "pixel_coords": [
        69,
        53,
        7.984556198120117
      ],
      "rotation": 0.0
    },
    {
      "color": [
        0.0,
        1.0,
        0.0,
        1.0
      ],
      "material": "Rubber",
      "size": 1.5,
      "shape": "SmoothCube_v2",
      "3d_coords": [
        -0.20532706379890442,
        1.6946226358413696,
        1.5
      ],
      "pixel_coords": [
        79,
        40,
        11.29202651977539
      ],
      "rotation": 0.0
    }
  ],
  "Camera": [
    7.392139911651611,
    -6.062020778656006,
    5.329679489135742
  ]
}