{
  "objects": [
    {
      "pixel_coords": [
        61,
        32,
        13.063605308532715
      ],
      "shape": "Sphere",
      "material": "MyMetal",
      "rotation": 0.0,
      "size": 2.0,
      "3d_coords": [
        -2.2815873622894287,
        1.6801718473434448,
        2.0
      ],
      "color": [
        1.0,
        0.0,
        1.0,
        1.0
      ]
    },
    {
      "pixel_coords": [
        49,
        49,
        10.166254043579102
      ],
      "shape": "Sphere",
      "material": "MyMetal",
      "rotation": 0.0,
      "size": 1.5,
      "3d_coords": [
        -0.2540651261806488,
        -1.2184563875198364,
        1.5
      ],
      "color": [
        0.0,
        0.0,
        1.0,
        1.0
      ]
    }
  ],
  "image_filename": "000007423627761535",
  "Camera": [
    7.615481376647949,
    -6.893001556396484,
    4.8983378410339355
  ],
  "Lamp_Back": [
    -2.117863893508911,
    2.239476203918457,
    5.817110538482666
  ],
  "Lamp_Key": [
    6.184399127960205,
    -2.993129014968872,
    4.416990756988525
  ],
  "Lamp_Fill": [
    -5.382848739624023,
    -3.2017176151275635,
    2.8408913612365723
  ]
}