{
  "image_filename": "000014245178663495",
  "objects": [
    {
      "shape": "Cylinder",
      "size": 1.5,
      "material": "data/materials/PoliigonBricksPaintedWhite001.blend",
      "3d_coords": [
        -0.5496840476989746,
        2.848505735397339,
        1.5
      ],
      "rotation": 0.0,
      "pixel_coords": [
        86,
        36,
        11.943289756774902
      ]
    },
    {
      "shape": "Cylinder",
      "size": 1.5,
      "material": "data/materials/PoliigonBricksPaintedWhite001.blend",
      "3d_coords": [
        -2.5593488216400146,
        -1.990451693534851,
        1.5
      ],
      "rotation": 0.0,
      "pixel_coords": [
        22,
        42,
        10.573344230651855
      ]
    }
  ],
  "ground_material": "data/materials/PoliigonFabricDenim003.blend",
  "Lamp_Key": [
    6.759475231170654,
    -2.132915496826172,
    3.7729651927948
  ],
  "Lamp_Back": [
    -1.7140402793884277,
    3.3248167037963867,
    6.039524078369141
  ],
  "Lamp_Fill": [
    -4.399590969085693,
    -3.8187053203582764,
    2.7251200675964355
  ],
  "Camera": [
    7.260703086853027,
    -6.030700206756592,
    4.93435525894165
  ]
}