{
  "image_filename": "000002175145738011",
  "objects": [
    {
      "shape": "Cone",
      "size": 1.0,
      "material": "data/materials/PoliigonBricksPaintedWhite001.blend",
      "3d_coords": [
        2.016174793243408,
        2.9028308391571045,
        1.0
      ],
      "rotation": 0.0,
      "pixel_coords": [
        109,
        50,
        10.813876152038574
      ]
    },
    {
      "shape": "Cylinder",
      "size": 2.0,
      "material": "data/materials/PoliigonMetalSpottyDiscoloration001.blend",
      "3d_coords": [
        -1.011249303817749,
        -2.7194929122924805,
        2.0
      ],
      "rotation": 0.0,
      "pixel_coords": [
        22,
        46,
        9.035083770751953
      ]
    }
  ],
  "ground_material": "data/materials/PoliigonWoodFlooring061.blend",
  "Lamp_Key": [
    6.65076208114624,
    -2.662909507751465,
    4.649019718170166
  ],
  "Lamp_Back": [
    -1.310099720954895,
    3.014782428741455,
    4.852174282073975
  ],
  "Lamp_Fill": [
    -4.009828090667725,
    -3.2735207080841064,
    3.266911745071411
  ],
  "Camera": [
    7.0533766746521,
    -6.275510787963867,
    5.560216903686523
  ]
}