{
  "objects": [
    {
      "3d_coords": [
        2.048734664916992,
        -1.773687481880188,
        2.0
      ],
      "shape": "Sphere",
      "rotation": 0.0,
      "size": 2.0,
      "material": "MyMetal",
      "pixel_coords": [
        64,
        55,
        7.753077983856201
      ],
      "color": [
        1.0,
        1.0,
        0.0,
        1.0
      ]
    },
    {
      "3d_coords": [
        -1.4637857675552368,
        -2.5025734901428223,
        1.5
      ],
      "shape": "Suzanne",
      "rotation": 0.0,
      "size": 1.5,
      "material": "MyMetal",
      "pixel_coords": [
        24,
        49,
        9.90697956085205
      ],
      "color": [
        1.0,
        0.0,
        0.0,
        1.0
      ]
    }
  ],
  "image_filename": "000005406693950216",
  "Lamp_Key": [
    6.2081379890441895,
    -2.2039175033569336,
    3.5632247924804688
  ],
  "Lamp_Fill": [
    -4.862221717834473,
    -4.807022571563721,
    3.6122288703918457
  ],
  "Camera": [
    7.395977973937988,
    -6.435971260070801,
    5.16797399520874
  ],
  "Lamp_Back": [
    -1.4245507717132568,
    2.3035218715667725,
    5.751497745513916
  ]
}