{
  "image_filename": "000000193100937366",
  "objects": [
    {
      "shape": "Cube",
      "size": 2.0,
      "material": "data/materials/PoliigonBricksPaintedWhite001.blend",
      "3d_coords": [
        -2.2166895866394043,
        0.06651698052883148,
        2.0
      ],
      "rotation": 0.0,
      "pixel_coords": [
        47,
        35,
        12.110220909118652
      ]
    },
    {
      "shape": "NewellTeapot",
      "size": 1.0,
      "material": "data/materials/PoliigonMetalSpottyDiscoloration001.blend",
      "3d_coords": [
        1.838086724281311,
        -1.834012746810913,
        1.0
      ],
      "rotation": 0.0,
      "pixel_coords": [
        62,
        67,
        8.66150951385498
      ]
    }
  ],
  "ground_material": "data/materials/PoliigonWoodFlooring061.blend",
  "Lamp_Key": [
    5.678747177124023,
    -3.686736583709717,
    3.5289852619171143
  ],
  "Lamp_Back": [
    -2.0741679668426514,
    2.5239293575286865,
    5.54657506942749
  ],
  "Lamp_Fill": [
    -4.420973777770996,
    -3.6406426429748535,
    2.6033992767333984
  ],
  "Camera": [
    7.664218902587891,
    -6.954855442047119,
    4.861224174499512
  ]
}