{
  "image_filename": "000008380217681418",
  "objects": [
    {
      "shape": "Icosahedron",
      "size": 1.5,
      "material": "data/materials/PoliigonFabricFleece001.blend",
      "3d_coords": [
        -1.876063585281372,
        -2.6297731399536133,
        1.5
      ],
      "rotation": 0.0,
      "pixel_coords": [
        19,
        48,
        10.05295181274414
      ]
    },
    {
      "shape": "Torus",
      "size": 1.5,
      "material": "data/materials/PoliigonWoodFlooring061.blend",
      "3d_coords": [
        0.28883516788482666,
        0.3666737377643585,
        1.5
      ],
      "rotation": 0.0,
      "pixel_coords": [
        70,
        46,
        10.282867431640625
      ]
    }
  ],
  "ground_material": "data/materials/PoliigonMetalSpottyDiscoloration001.blend",
  "Lamp_Key": [
    6.045001983642578,
    -2.058300733566284,
    3.9909613132476807
  ],
  "Lamp_Back": [
    -1.953584909439087,
    1.939229965209961,
    6.620912075042725
  ],
  "Lamp_Fill": [
    -5.54465913772583,
    -3.319746494293213,
    3.235208511352539
  ],
  "Camera": [
    7.3318963050842285,
    -6.142349720001221,
    5.462052822113037
  ]
}