{
  "image_filename": "000003482465511636",
  "objects": [
    {
      "shape": "Cube",
      "size": 1.5,
      "material": "data/materials/PoliigonRoofTilesTerracotta004.blend",
      "3d_coords": [
        -0.7085707187652588,
        -1.8712279796600342,
        1.5
      ],
      "rotation": 0.0,
      "pixel_coords": [
        38,
        51,
        10.124183654785156
      ]
    },
    {
      "shape": "Cube",
      "size": 1.5,
      "material": "data/materials/PoliigonFabricDenim003.blend",
      "3d_coords": [
        2.7520408630371094,
        -0.043737322092056274,
        1.5
      ],
      "rotation": 0.0,
      "pixel_coords": [
        92,
        60,
        8.860954284667969
      ]
    }
  ],
  "ground_material": "data/materials/PoliigonBricksFlemishRed001.blend",
  "Lamp_Key": [
    6.837070465087891,
    -2.8758535385131836,
    4.386606693267822
  ],
  "Lamp_Back": [
    -1.7985996007919312,
    3.370048999786377,
    6.15427303314209
  ],
  "Lamp_Fill": [
    -4.355858325958252,
    -4.417970657348633,
    3.1734988689422607
  ],
  "Camera": [
    7.560322284698486,
    -6.398158073425293,
    5.755921840667725
  ]
}