{
  "Lamp_Fill": [
    -4.178860664367676,
    -4.6449079513549805,
    2.2951202392578125
  ],
  "Lamp_Key": [
    6.522546768188477,
    -2.4296467304229736,
    5.061365127563477
  ],
  "objects": [
    {
      "pixel_coords": [
        104,
        60,
        10.10477066040039
      ],
      "rotation": 0.0,
      "3d_coords": [
        2.7941579818725586,
        1.4321155548095703,
        1.0
      ],
      "size": 1.0,
      "color": [
        0.0,
        1.0,
        0.0,
        1.0
      ],
      "shape": "SmoothCylinder",
      "material": "MyMetal"
    },
    {
      "pixel_coords": [
        59,
        70,
        9.009252548217773
      ],
      "rotation": 0.0,
      "3d_coords": [
        1.6754343509674072,
        -1.8483139276504517,
        1.0
      ],
      "size": 1.0,
      "color": [
        0.0,
        1.0,
        0.0,
        1.0
      ],
      "shape": "SmoothCylinder",
      "material": "MyMetal"
    }
  ],
  "image_filename": "000016125948887962",
  "Lamp_Back": [
    -1.2873154878616333,
    2.9727165699005127,
    5.661126613616943
  ],
  "Camera": [
    7.711254119873047,
    -6.520784378051758,
    5.8110809326171875
  ]
}