{
  "image_filename": "000007840469184263",
  "objects": [
    {
      "shape": "Cube",
      "size": 2.0,
      "material": "data/materials/PoliigonFabricFleece001.blend",
      "3d_coords": [
        -2.0616390705108643,
        -2.8717994689941406,
        2.0
      ],
      "rotation": 0.0,
      "pixel_coords": [
        13,
        40,
        9.651092529296875
      ]
    },
    {
      "shape": "NewellTeapot",
      "size": 1.0,
      "material": "data/materials/PoliigonRoofTilesTerracotta004.blend",
      "3d_coords": [
        2.449026107788086,
        1.3021214008331299,
        1.0
      ],
      "rotation": 0.0,
      "pixel_coords": [
        102,
        58,
        9.484253883361816
      ]
    }
  ],
  "ground_material": "data/materials/PoliigonFabricFleece001.blend",
  "Lamp_Key": [
    6.0206170082092285,
    -2.6641712188720703,
    4.728822708129883
  ],
  "Lamp_Back": [
    -0.4399498701095581,
    3.3050975799560547,
    5.426217555999756
  ],
  "Lamp_Fill": [
    -5.176486015319824,
    -3.657806873321533,
    2.499566078186035
  ],
  "Camera": [
    7.299515247344971,
    -6.2502875328063965,
    5.027981758117676
  ]
}