{
  "image_filename": "000008027764679292",
  "Lamp_Key": [
    7.053201675415039,
    -2.4407548904418945,
    4.364251613616943
  ],
  "Lamp_Fill": [
    -4.880446434020996,
    -4.6056413650512695,
    3.321876049041748
  ],
  "Camera": [
    7.29301643371582,
    -7.006216049194336,
    5.2305474281311035
  ],
  "Lamp_Back": [
    -1.8558658361434937,
    2.5950212478637695,
    5.639979362487793
  ],
  "objects": [
    {
      "pixel_coords": [
        67,
        33,
        12.386581420898438
      ],
      "size": 2.0,
      "material": "Rubber",
      "3d_coords": [
        -1.3458720445632935,
        1.7186959981918335,
        2.0
      ],
      "color": [
        1.0,
        0.0,
        1.0,
        1.0
      ],
      "shape": "SmoothCylinder",
      "rotation": 0.0
    },
    {
      "pixel_coords": [
        38,
        54,
        8.12138557434082
      ],
      "size": 2.0,
      "material": "MyMetal",
      "3d_coords": [
        0.8662976622581482,
        -2.9098756313323975,
        2.0
      ],
      "color": [
        1.0,
        1.0,
        0.0,
        1.0
      ],
      "shape": "Sphere",
      "rotation": 0.0
    }
  ]
}