{
  "image_filename": "000011978340532150",
  "Lamp_Fill": [
    -5.478289604187012,
    -3.6278302669525146,
    3.7831625938415527
  ],
  "Camera": [
    7.797157287597656,
    -6.451799392700195,
    5.408036708831787
  ],
  "Lamp_Back": [
    -0.6220809817314148,
    2.2545018196105957,
    5.739526748657227
  ],
  "objects": [
    {
      "color": [
        1.0,
        1.0,
        0.0,
        1.0
      ],
      "rotation": 0.0,
      "size": 1.5,
      "material": "Rubber",
      "pixel_coords": [
        76,
        39,
        12.367533683776855
      ],
      "shape": "SmoothCube_v2",
      "3d_coords": [
        -0.7211297154426575,
        1.9737930297851562,
        1.5
      ]
    },
    {
      "color": [
        0.0,
        0.0,
        1.0,
        1.0
      ],
      "rotation": 0.0,
      "size": 1.0,
      "material": "MyMetal",
      "pixel_coords": [
        71,
        70,
        8.638470649719238
      ],
      "shape": "SmoothCube_v2",
      "3d_coords": [
        2.340474843978882,
        -1.3775211572647095,
        1.0
      ]
    }
  ],
  "Lamp_Key": [
    6.658549785614014,
    -2.6930408477783203,
    4.7076945304870605
  ]
}