{
  "image_filename": "000013939596390865",
  "objects": [
    {
      "shape": "Cone",
      "size": 1.5,
      "material": "data/materials/PoliigonMetalSpottyDiscoloration001.blend",
      "3d_coords": [
        0.41809913516044617,
        2.4333574771881104,
        1.5
      ],
      "rotation": 0.0,
      "pixel_coords": [
        89,
        42,
        12.005334854125977
      ]
    },
    {
      "shape": "Cylinder",
      "size": 1.0,
      "material": "data/materials/PoliigonChainmailCopperRoundedThin001.blend",
      "3d_coords": [
        -2.590773820877075,
        1.785049557685852,
        1.0
      ],
      "rotation": 0.0,
      "pixel_coords": [
        61,
        40,
        13.880914688110352
      ]
    }
  ],
  "ground_material": "data/materials/PoliigonFabricDenim003.blend",
  "Lamp_Key": [
    6.835204124450684,
    -3.545057773590088,
    3.5877370834350586
  ],
  "Lamp_Back": [
    -1.3823317289352417,
    2.242887020111084,
    5.118862628936768
  ],
  "Lamp_Fill": [
    -4.7886152267456055,
    -4.200324535369873,
    2.3005807399749756
  ],
  "Camera": [
    7.73366117477417,
    -6.6003947257995605,
    5.648221969604492
  ]
}