{
  "image_filename": "00000033",
  "objects": [
    {
      "shape": "circle",
      "size": 0.225,
      "rotation": 0.0,
      "2d_coords": [
        0.3985057909031935,
        0.49264028753859634
      ],
      "color": [
        255,
        127,
        0
      ]
    },
    {
      "shape": "star_4",
      "size": 0.425,
      "rotation": 0.0,
      "2d_coords": [
        0.9334757123636621,
        0.27018627283595936
      ],
      "color": [
        255,
        127,
        0
      ]
    }
  ]
}