{
  "objects": [
    {
      "size": 1.0,
      "3d_coords": [
        0.7181396484375,
        0.4877813160419464,
        1.0
      ],
      "material": "MyMetal",
      "shape": "SmoothCube_v2",
      "pixel_coords": [
        75,
        53,
        10.378990173339844
      ],
      "color": [
        1.0,
        0.0,
        0.0,
        1.0
      ],
      "rotation": 0.0
    },
    {
      "size": 2.0,
      "3d_coords": [
        -2.951702117919922,
        -2.069572687149048,
        2.0
      ],
      "material": "Rubber",
      "shape": "SmoothCube_v2",
      "pixel_coords": [
        19,
        36,
        10.957099914550781
      ],
      "color": [
        1.0,
        0.0,
        0.0,
        1.0
      ],
      "rotation": 0.0
    }
  ],
  "image_filename": "000014966299343672",
  "Lamp_Fill": [
    -4.9571733474731445,
    -3.8552374839782715,
    2.797640562057495
  ],
  "Camera": [
    7.523470401763916,
    -6.339310169219971,
    5.014389514923096
  ],
  "Lamp_Key": [
    5.683283805847168,
    -3.0279338359832764,
    4.200247764587402
  ],
  "Lamp_Back": [
    -0.5586901903152466,
    3.470130681991577,
    4.954524993896484
  ]
}