{
  "image_filename": "000010410972251709",
  "Camera": [
    7.5483317375183105,
    -6.949924468994141,
    5.18631649017334
  ],
  "Lamp_Fill": [
    -3.814824104309082,
    -3.8891212940216064,
    2.3020944595336914
  ],
  "objects": [
    {
      "size": 1.0,
      "pixel_coords": [
        69,
        69,
        8.649666786193848
      ],
      "material": "MyMetal",
      "color": [
        0.0,
        0.0,
        1.0,
        1.0
      ],
      "3d_coords": [
        2.1862239837646484,
        -1.5891419649124146,
        1.0
      ],
      "shape": "SmoothCube_v2",
      "rotation": 0.0
    },
    {
      "size": 1.0,
      "pixel_coords": [
        57,
        43,
        13.255999565124512
      ],
      "material": "MyMetal",
      "color": [
        0.0,
        0.0,
        1.0,
        1.0
      ],
      "3d_coords": [
        -2.247938632965088,
        1.214860200881958,
        1.0
      ],
      "shape": "SmoothCube_v2",
      "rotation": 0.0
    }
  ],
  "Lamp_Key": [
    6.251799583435059,
    -3.1101155281066895,
    4.299600124359131
  ],
  "Lamp_Back": [
    -2.060718297958374,
    3.074392557144165,
    6.782926082611084
  ]
}