{
  "Lamp_Key": [
    6.134697914123535,
    -3.588336229324341,
    3.8077244758605957
  ],
  "image_filename": "000008815200322002",
  "objects": [
    {
      "shape": "Suzanne",
      "material": "Rubber",
      "3d_coords": [
        2.0235166549682617,
        -1.3168967962265015,
        1.5
      ],
      "size": 1.5,
      "pixel_coords": [
        68,
        60,
        8.675390243530273
      ],
      "color": [
        1.0,
        0.0,
        0.0,
        1.0
      ],
      "rotation": 0.0
    },
    {
      "shape": "SmoothCube_v2",
      "material": "MyMetal",
      "3d_coords": [
        1.534767508506775,
        1.8647799491882324,
        1.5
      ],
      "size": 1.5,
      "pixel_coords": [
        95,
        47,
        10.801624298095703
      ],
      "color": [
        0.0,
        1.0,
        0.0,
        1.0
      ],
      "rotation": 0.0
    }
  ],
  "Lamp_Fill": [
    -4.875243186950684,
    -3.2027926445007324,
    2.1310107707977295
  ],
  "Camera": [
    7.934475898742676,
    -6.463461875915527,
    5.236359596252441
  ],
  "Lamp_Back": [
    -0.9637869596481323,
    3.2931435108184814,
    6.674218654632568
  ]
}