{
  "image_filename": "000004153971769666",
  "objects": [
    {
      "shape": "Icosahedron",
      "size": 2.0,
      "material": "data/materials/PoliigonFabricDenim003.blend",
      "3d_coords": [
        2.5969324111938477,
        0.3868219554424286,
        2.0
      ],
      "rotation": 0.0,
      "pixel_coords": [
        95,
        49,
        8.724672317504883
      ]
    },
    {
      "shape": "Cylinder",
      "size": 1.5,
      "material": "data/materials/PoliigonMetalSpottyDiscoloration001.blend",
      "3d_coords": [
        0.13319948315620422,
        -2.549064874649048,
        1.5
      ],
      "rotation": 0.0,
      "pixel_coords": [
        35,
        56,
        9.021346092224121
      ]
    }
  ],
  "ground_material": "data/materials/PoliigonBricksPaintedWhite001.blend",
  "Lamp_Key": [
    5.880007266998291,
    -2.7254083156585693,
    3.296363115310669
  ],
  "Lamp_Back": [
    -2.0992684364318848,
    3.408308744430542,
    5.236537456512451
  ],
  "Lamp_Fill": [
    -5.552003860473633,
    -4.21855354309082,
    3.574970006942749
  ],
  "Camera": [
    7.673971652984619,
    -6.217395305633545,
    5.362085819244385
  ]
}