{
  "Lamp_Back": [
    -0.5321835875511169,
    3.5730435848236084,
    5.55842399597168
  ],
  "image_filename": "000005866579077833",
  "Lamp_Key": [
    5.540631294250488,
    -3.6785340309143066,
    4.332439422607422
  ],
  "objects": [
    {
      "color": [
        1.0,
        0.0,
        0.0,
        1.0
      ],
      "pixel_coords": [
        82,
        36,
        13.010124206542969
      ],
      "material": "MyMetal",
      "rotation": 0.0,
      "3d_coords": [
        -1.1178572177886963,
        2.982013463973999,
        1.5
      ],
      "size": 1.5,
      "shape": "Sphere"
    },
    {
      "color": [
        1.0,
        0.0,
        1.0,
        1.0
      ],
      "pixel_coords": [
        33,
        59,
        9.814092636108398
      ],
      "material": "MyMetal",
      "rotation": 0.0,
      "3d_coords": [
        -0.4256037473678589,
        -2.4167418479919434,
        1.0
      ],
      "size": 1.0,
      "shape": "Sphere"
    }
  ],
  "Camera": [
    7.852153778076172,
    -6.177292823791504,
    5.294886589050293
  ],
  "Lamp_Fill": [
    -3.840898036956787,
    -4.708017826080322,
    2.7892000675201416
  ]
}