{
  "Lamp_Key": [
    7.126984119415283,
    -3.66441011428833,
    4.132836818695068
  ],
  "Lamp_Fill": [
    -4.290629863739014,
    -3.5660386085510254,
    3.9080917835235596
  ],
  "Lamp_Back": [
    -1.2383222579956055,
    3.3807826042175293,
    4.820816516876221
  ],
  "Camera": [
    7.432077407836914,
    -6.437408447265625,
    5.136618614196777
  ],
  "image_filename": "000004434161350932",
  "objects": [
    {
      "rotation": 0.0,
      "3d_coords": [
        0.37924423813819885,
        0.0478726364672184,
        1.0
      ],
      "shape": "Suzanne",
      "pixel_coords": [
        68,
        54,
        10.403940200805664
      ],
      "color": [
        1.0,
        1.0,
        0.0,
        1.0
      ],
      "material": "MyMetal",
      "size": 1.0
    },
    {
      "rotation": 0.0,
      "3d_coords": [
        0.661586582660675,
        -2.0015673637390137,
        1.0
      ],
      "shape": "SmoothCube_v2",
      "pixel_coords": [
        47,
        63,
        9.025495529174805
      ],
      "color": [
        0.0,
        0.0,
        1.0,
        1.0
      ],
      "material": "MyMetal",
      "size": 1.0
    }
  ]
}