{
  "objects": [
    {
      "material": "Rubber",
      "color": [
        1.0,
        0.0,
        1.0,
        1.0
      ],
      "shape": "Sphere",
      "pixel_coords": [
        38,
        33,
        11.15279483795166
      ],
      "3d_coords": [
        -2.45552659034729,
        -0.6255965828895569,
        2.0
      ],
      "rotation": 0.0,
      "size": 2.0
    },
    {
      "material": "MyMetal",
      "color": [
        1.0,
        1.0,
        0.0,
        1.0
      ],
      "shape": "Sphere",
      "pixel_coords": [
        83,
        49,
        8.11589527130127
      ],
      "3d_coords": [
        2.2040700912475586,
        -0.4371611177921295,
        2.0
      ],
      "rotation": 0.0,
      "size": 2.0
    }
  ],
  "Lamp_Fill": [
    -5.507768630981445,
    -4.9618425369262695,
    3.892983913421631
  ],
  "Lamp_Key": [
    6.619408130645752,
    -1.9780259132385254,
    5.062352657318115
  ],
  "Lamp_Back": [
    -1.585508942604065,
    2.5887975692749023,
    5.658002853393555
  ],
  "image_filename": "000007297266301573",
  "Camera": [
    7.2794270515441895,
    -6.167144775390625,
    5.032074451446533
  ]
}