{
  "Camera": [
    7.0821638107299805,
    -6.588098049163818,
    5.602964878082275
  ],
  "image_filename": "000013861656745629",
  "Lamp_Key": [
    6.369967460632324,
    -2.7084131240844727,
    3.317237615585327
  ],
  "Lamp_Fill": [
    -4.458777904510498,
    -3.939234495162964,
    2.8596351146698
  ],
  "Lamp_Back": [
    -1.8579562902450562,
    2.06862211227417,
    6.097227096557617
  ],
  "objects": [
    {
      "3d_coords": [
        1.5941669940948486,
        -0.07907016575336456,
        1.5
      ],
      "rotation": 0.0,
      "pixel_coords": [
        79,
        54,
        9.369782447814941
      ],
      "size": 1.5,
      "shape": "Suzanne",
      "color": [
        0.0,
        1.0,
        1.0,
        1.0
      ],
      "material": "MyMetal"
    },
    {
      "3d_coords": [
        -0.888320803642273,
        1.5657265186309814,
        2.0
      ],
      "rotation": 0.0,
      "pixel_coords": [
        70,
        33,
        11.66137409210205
      ],
      "size": 2.0,
      "shape": "Sphere",
      "color": [
        0.0,
        1.0,
        0.0,
        1.0
      ],
      "material": "Rubber"
    }
  ]
}