{
  "Lamp_Back": [
    -1.6978803873062134,
    1.8460886478424072,
    6.757095813751221
  ],
  "objects": [
    {
      "material": "Rubber",
      "rotation": 0.0,
      "3d_coords": [
        2.384165048599243,
        1.6031421422958374,
        1.5
      ],
      "size": 1.5,
      "pixel_coords": [
        103,
        51,
        9.84931755065918
      ],
      "shape": "SmoothCube_v2",
      "color": [
        1.0,
        0.0,
        1.0,
        1.0
      ]
    },
    {
      "material": "Rubber",
      "rotation": 0.0,
      "3d_coords": [
        -0.8917312026023865,
        -2.0708532333374023,
        1.5
      ],
      "size": 1.5,
      "pixel_coords": [
        34,
        50,
        9.949270248413086
      ],
      "shape": "SmoothCube_v2",
      "color": [
        1.0,
        0.0,
        1.0,
        1.0
      ]
    }
  ],
  "Lamp_Key": [
    7.361828804016113,
    -2.7401623725891113,
    3.7985682487487793
  ],
  "image_filename": "000007840257664792",
  "Camera": [
    7.476743221282959,
    -6.36020040512085,
    5.520975589752197
  ],
  "Lamp_Fill": [
    -5.200808048248291,
    -4.995774269104004,
    3.6249167919158936
  ]
}