{
  "image_filename": "00000074",
  "objects": [
    {
      "shape": "circle",
      "size": 0.425,
      "rotation": 0.0,
      "2d_coords": [
        0.37558080520493203,
        0.7564862267311921
      ],
      "color": [
        0,
        127,
        255
      ]
    },
    {
      "shape": "triangle",
      "size": 0.325,
      "rotation": 0.0,
      "2d_coords": [
        0.6775468633575197,
        0.467009615080873
      ],
      "color": [
        255,
        0,
        255
      ]
    }
  ]
}