{
  "objects": [
    {
      "material": "MyMetal",
      "rotation": 0.0,
      "shape": "Suzanne",
      "3d_coords": [
        1.6093132495880127,
        -1.8795658349990845,
        1.5
      ],
      "size": 1.5,
      "color": [
        0.0,
        1.0,
        0.0,
        1.0
      ],
      "pixel_coords": [
        57,
        61,
        8.35693645477295
      ]
    },
    {
      "material": "Rubber",
      "rotation": 0.0,
      "shape": "Sphere",
      "3d_coords": [
        0.43234652280807495,
        1.9509228467941284,
        2.0
      ],
      "size": 2.0,
      "color": [
        0.0,
        0.0,
        1.0,
        1.0
      ],
      "pixel_coords": [
        86,
        36,
        11.094542503356934
      ]
    }
  ],
  "Camera": [
    7.557343482971191,
    -6.385423183441162,
    5.2873125076293945
  ],
  "image_filename": "000005944846211241",
  "Lamp_Back": [
    -0.567807674407959,
    3.5865683555603027,
    5.848724842071533
  ],
  "Lamp_Key": [
    6.186230182647705,
    -2.6632497310638428,
    4.916496276855469
  ],
  "Lamp_Fill": [
    -3.8691885471343994,
    -3.875481367111206,
    3.2764132022857666
  ]
}