{
  "image_filename": "00000003",
  "objects": [
    {
      "shape": "square",
      "size": 0.225,
      "rotation": 0.0,
      "2d_coords": [
        0.6281902633615242,
        0.20331002010586333
      ],
      "color": [
        0,
        255,
        0
      ]
    },
    {
      "shape": "star_4",
      "size": 0.125,
      "rotation": 0.0,
      "2d_coords": [
        0.22692412551204816,
        0.3818526535948677
      ],
      "color": [
        0,
        255,
        0
      ]
    }
  ]
}