{
  "objects": [
    {
      "shape": "SmoothCube_v2",
      "color": [
        0.0,
        1.0,
        1.0,
        1.0
      ],
      "material": "MyMetal",
      "pixel_coords": [
        103,
        47,
        10.350685119628906
      ],
      "rotation": 0.0,
      "size": 1.5,
      "3d_coords": [
        2.108975648880005,
        1.995278239250183,
        1.5
      ]
    },
    {
      "shape": "Sphere",
      "color": [
        1.0,
        1.0,
        0.0,
        1.0
      ],
      "material": "Rubber",
      "pixel_coords": [
        16,
        39,
        10.357813835144043
      ],
      "rotation": 0.0,
      "size": 2.0,
      "3d_coords": [
        -2.450822591781616,
        -2.572887420654297,
        2.0
      ]
    }
  ],
  "Lamp_Fill": [
    -4.109678745269775,
    -3.6485116481781006,
    2.2802791595458984
  ],
  "Lamp_Key": [
    6.303340911865234,
    -2.007755994796753,
    4.35805082321167
  ],
  "Lamp_Back": [
    -1.0430856943130493,
    2.582970142364502,
    5.549676895141602
  ],
  "image_filename": "000009758975436753",
  "Camera": [
    7.3711042404174805,
    -6.794398784637451,
    4.985992908477783
  ]
}