{
  "Lamp_Key": [
    6.979827404022217,
    -2.547173261642456,
    4.819214344024658
  ],
  "image_filename": "000011204389763146",
  "Lamp_Fill": [
    -4.996560096740723,
    -3.0709269046783447,
    2.0344111919403076
  ],
  "objects": [
    {
      "shape": "SmoothCube_v2",
      "rotation": 0.0,
      "3d_coords": [
        0.9191926121711731,
        -2.99826717376709,
        1.0
      ],
      "size": 1.0,
      "pixel_coords": [
        37,
        70,
        8.991639137268066
      ],
      "color": [
        1.0,
        0.0,
        0.0,
        1.0
      ],
      "material": "Rubber"
    },
    {
      "shape": "Suzanne",
      "rotation": 0.0,
      "3d_coords": [
        -0.9023358225822449,
        -0.15661032497882843,
        1.0
      ],
      "size": 1.0,
      "pixel_coords": [
        56,
        50,
        11.811293601989746
      ],
      "color": [
        0.0,
        1.0,
        1.0,
        1.0
      ],
      "material": "MyMetal"
    }
  ],
  "Camera": [
    7.943676471710205,
    -6.587873458862305,
    5.661623477935791
  ],
  "Lamp_Back": [
    -1.3802489042282104,
    3.624130964279175,
    6.340681552886963
  ]
}