{
  "Lamp_Key": [
    6.689671516418457,
    -3.120281934738159,
    4.166987895965576
  ],
  "Lamp_Back": [
    -0.45486176013946533,
    2.226672649383545,
    6.732091903686523
  ],
  "Lamp_Fill": [
    -4.37247371673584,
    -3.3927299976348877,
    3.4407763481140137
  ],
  "Camera": [
    7.347472667694092,
    -6.330454349517822,
    4.949345111846924
  ],
  "objects": [
    {
      "pixel_coords": [
        30,
        54,
        8.809165954589844
      ],
      "size": 1.5,
      "3d_coords": [
        -0.1881224811077118,
        -2.6217703819274902,
        1.5
      ],
      "shape": "SmoothCube_v2",
      "material": "MyMetal",
      "rotation": 0.0,
      "color": [
        1.0,
        0.0,
        0.0,
        1.0
      ]
    },
    {
      "pixel_coords": [
        91,
        59,
        8.16252326965332
      ],
      "size": 1.5,
      "3d_coords": [
        2.7818286418914795,
        -0.28690436482429504,
        1.5
      ],
      "shape": "SmoothCube_v2",
      "material": "Rubber",
      "rotation": 0.0,
      "color": [
        0.0,
        0.0,
        1.0,
        1.0
      ]
    }
  ],
  "image_filename": "000013623826787978"
}