{
  "Lamp_Fill": [
    -4.5443596839904785,
    -4.406126499176025,
    2.2661843299865723
  ],
  "objects": [
    {
      "rotation": 0.0,
      "3d_coords": [
        2.7808022499084473,
        2.6559231281280518,
        2.0
      ],
      "pixel_coords": [
        117,
        42,
        10.110038757324219
      ],
      "shape": "SmoothCylinder",
      "size": 2.0,
      "color": [
        0.0,
        0.0,
        1.0,
        1.0
      ],
      "material": "MyMetal"
    },
    {
      "rotation": 0.0,
      "3d_coords": [
        -2.3112802505493164,
        -2.663607358932495,
        2.0
      ],
      "pixel_coords": [
        16,
        41,
        10.36888313293457
      ],
      "shape": "SmoothCylinder",
      "size": 2.0,
      "color": [
        0.0,
        0.0,
        1.0,
        1.0
      ],
      "material": "MyMetal"
    }
  ],
  "image_filename": "000011073107230356",
  "Lamp_Back": [
    -0.9610871076583862,
    2.0994303226470947,
    5.167562961578369
  ],
  "Camera": [
    7.408954620361328,
    -6.537993907928467,
    5.662843704223633
  ],
  "Lamp_Key": [
    7.431021690368652,
    -3.49015212059021,
    3.405782461166382
  ]
}