{
  "image_filename": "00000045",
  "objects": [
    {
      "shape": "circle",
      "size": 0.225,
      "rotation": 0.0,
      "2d_coords": [
        0.5258180350912696,
        0.7555947940453448
      ],
      "color": [
        0,
        255,
        0
      ]
    },
    {
      "shape": "square",
      "size": 0.325,
      "rotation": 0.0,
      "2d_coords": [
        0.84209617716777,
        0.3454729774602899
      ],
      "color": [
        0,
        127,
        255
      ]
    }
  ]
}