{
  "image_filename": "000009898102162716",
  "objects": [
    {
      "shape": "Cylinder",
      "size": 2.0,
      "material": "data/materials/PoliigonChainmailCopperRoundedThin001.blend",
      "3d_coords": [
        -0.1231953576207161,
        2.9338083267211914,
        2.0
      ],
      "rotation": 0.0,
      "pixel_coords": [
        87,
        33,
        12.44121265411377
      ]
    },
    {
      "shape": "Torus",
      "size": 1.0,
      "material": "data/materials/PoliigonFabricFleece001.blend",
      "3d_coords": [
        2.930243492126465,
        -1.5747089385986328,
        1.0
      ],
      "rotation": 0.0,
      "pixel_coords": [
        78,
        74,
        8.209156036376953
      ]
    }
  ],
  "ground_material": "data/materials/PoliigonBricksPaintedWhite001.blend",
  "Lamp_Key": [
    6.025360584259033,
    -3.3394079208374023,
    4.505886077880859
  ],
  "Lamp_Back": [
    -0.6584706902503967,
    2.9480507373809814,
    5.664030075073242
  ],
  "Lamp_Fill": [
    -4.807105541229248,
    -3.9539637565612793,
    3.9288885593414307
  ],
  "Camera": [
    7.512613773345947,
    -6.918580532073975,
    5.346113204956055
  ]
}