{
  "image_filename": "00000013",
  "objects": [
    {
      "shape": "square",
      "size": 0.425,
      "rotation": 0.0,
      "2d_coords": [
        0.5801071207319696,
        0.5715250006583392
      ],
      "color": [
        0,
        127,
        255
      ]
    },
    {
      "shape": "star_4",
      "size": 0.425,
      "rotation": 0.0,
      "2d_coords": [
        0.7552798207716996,
        0.5000236679563713
      ],
      "color": [
        255,
        127,
        0
      ]
    }
  ]
}