{
  "image_filename": "000002055406414503",
  "Lamp_Key": [
    5.884167671203613,
    -3.2377240657806396,
    3.5085744857788086
  ],
  "Lamp_Fill": [
    -4.495460033416748,
    -4.251662731170654,
    3.57016658782959
  ],
  "Lamp_Back": [
    -2.0155246257781982,
    2.369978427886963,
    6.004980087280273
  ],
  "objects": [
    {
      "3d_coords": [
        2.253277063369751,
        -1.0392440557479858,
        2.0
      ],
      "rotation": 0.0,
      "size": 2.0,
      "shape": "SmoothCylinder",
      "color": [
        0.0,
        1.0,
        1.0,
        1.0
      ],
      "pixel_coords": [
        75,
        53,
        8.283865928649902
      ],
      "material": "MyMetal"
    },
    {
      "3d_coords": [
        -2.742290735244751,
        0.3755413591861725,
        2.0
      ],
      "rotation": 0.0,
      "size": 2.0,
      "shape": "SmoothCube_v2",
      "color": [
        0.0,
        1.0,
        1.0,
        1.0
      ],
      "pixel_coords": [
        47,
        32,
        12.460323333740234
      ],
      "material": "Rubber"
    }
  ],
  "Camera": [
    7.628572940826416,
    -6.5070881843566895,
    5.273469924926758
  ]
}