{
  "Lamp_Fill": [
    -4.529906272888184,
    -3.424257516860962,
    3.0030462741851807
  ],
  "objects": [
    {
      "color": [
        0.0,
        0.0,
        1.0,
        1.0
      ],
      "material": "Rubber",
      "size": 2.0,
      "3d_coords": [
        -1.1031105518341064,
        2.092273235321045,
        2.0
      ],
      "pixel_coords": [
        73,
        32,
        12.321279525756836
      ],
      "rotation": 0.0,
      "shape": "SmoothCylinder"
    },
    {
      "color": [
        1.0,
        0.0,
        0.0,
        1.0
      ],
      "material": "MyMetal",
      "size": 1.5,
      "3d_coords": [
        -1.8371275663375854,
        -2.611639976501465,
        1.5
      ],
      "pixel_coords": [
        21,
        48,
        10.210206985473633
      ],
      "rotation": 0.0,
      "shape": "SmoothCube_v2"
    }
  ],
  "Lamp_Key": [
    7.275317192077637,
    -2.074124574661255,
    3.869182825088501
  ],
  "Lamp_Back": [
    -1.19944167137146,
    3.553598403930664,
    5.813735008239746
  ],
  "Camera": [
    7.404367923736572,
    -6.74845027923584,
    5.1185760498046875
  ],
  "image_filename": "000003615093575642"
}