{
  "Lamp_Key": [
    6.116645336151123,
    -3.3481833934783936,
    4.871480941772461
  ],
  "Lamp_Fill": [
    -5.082000255584717,
    -4.133103370666504,
    2.499814748764038
  ],
  "Lamp_Back": [
    -0.7883828282356262,
    3.2487452030181885,
    5.996432781219482
  ],
  "image_filename": "000003397882028680",
  "objects": [
    {
      "3d_coords": [
        -0.3660188913345337,
        -2.3512210845947266,
        1.0
      ],
      "shape": "SmoothCube_v2",
      "size": 1.0,
      "material": "MyMetal",
      "color": [
        1.0,
        0.0,
        0.0,
        1.0
      ],
      "rotation": 0.0,
      "pixel_coords": [
        35,
        60,
        9.689407348632812
      ]
    },
    {
      "3d_coords": [
        1.0091017484664917,
        2.808223009109497,
        1.0
      ],
      "shape": "SmoothCylinder",
      "size": 1.0,
      "material": "MyMetal",
      "color": [
        0.0,
        0.0,
        1.0,
        1.0
      ],
      "rotation": 0.0,
      "pixel_coords": [
        97,
        47,
        11.851110458374023
      ]
    }
  ],
  "Camera": [
    7.438884735107422,
    -6.720760345458984,
    5.232654094696045
  ]
}