{
  "image_filename": "00000084",
  "objects": [
    {
      "shape": "square",
      "size": 0.225,
      "rotation": 0.0,
      "2d_coords": [
        0.4986782401471222,
        0.2897712902219369
      ],
      "color": [
        0,
        127,
        255
      ]
    },
    {
      "shape": "star_4",
      "size": 0.125,
      "rotation": 0.0,
      "2d_coords": [
        0.9481257719919883,
        0.6540040169350154
      ],
      "color": [
        255,
        127,
        0
      ]
    }
  ]
}