{
  "image_filename": "000000901860733515",
  "objects": [
    {
      "shape": "Suzanne",
      "size": 1.5,
      "material": "data/materials/PoliigonBricksFlemishRed001.blend",
      "3d_coords": [
        0.890430212020874,
        1.0151560306549072,
        1.5
      ],
      "rotation": 0.0,
      "pixel_coords": [
        82,
        46,
        10.3084716796875
      ]
    },
    {
      "shape": "Sphere",
      "size": 1.5,
      "material": "data/materials/PoliigonChainmailCopperRoundedThin001.blend",
      "3d_coords": [
        -2.1216113567352295,
        -2.992370843887329,
        1.5
      ],
      "rotation": 0.0,
      "pixel_coords": [
        14,
        47,
        10.157188415527344
      ]
    }
  ],
  "ground_material": "data/materials/PoliigonRoofTilesTerracotta004.blend",
  "Lamp_Key": [
    6.06761360168457,
    -2.375737428665161,
    3.5998387336730957
  ],
  "Lamp_Back": [
    -0.3040976822376251,
    2.143045663833618,
    5.0077643394470215
  ],
  "Lamp_Fill": [
    -4.7024970054626465,
    -4.769369125366211,
    2.9919776916503906
  ],
  "Camera": [
    7.597999095916748,
    -6.128280162811279,
    5.20775032043457
  ]
}