{
  "image_filename": "00000093",
  "objects": [
    {
      "shape": "triangle",
      "size": 0.225,
      "rotation": 0.0,
      "2d_coords": [
        0.31892082839327984,
        0.743748219795717
      ],
      "color": [
        0,
        255,
        0
      ]
    },
    {
      "shape": "star_4",
      "size": 0.325,
      "rotation": 0.0,
      "2d_coords": [
        0.7992854208727201,
        0.7067624617163336
      ],
      "color": [
        255,
        0,
        255
      ]
    }
  ]
}