{
  "image_filename": "000004022416139005",
  "objects": [
    {
      "size": 1.0,
      "pixel_coords": [
        75,
        45,
        12.529659271240234
      ],
      "rotation": 0.0,
      "3d_coords": [
        -0.7131094932556152,
        1.9225798845291138,
        1.0
      ],
      "shape": "Sphere",
      "color": [
        1.0,
        0.0,
        0.0,
        1.0
      ],
      "material": "Rubber"
    },
    {
      "size": 1.5,
      "pixel_coords": [
        48,
        57,
        8.952347755432129
      ],
      "rotation": 0.0,
      "3d_coords": [
        0.77101731300354,
        -2.0582540035247803,
        1.5
      ],
      "shape": "Sphere",
      "color": [
        1.0,
        0.0,
        1.0,
        1.0
      ],
      "material": "MyMetal"
    }
  ],
  "Lamp_Fill": [
    -3.810523509979248,
    -3.92362117767334,
    3.119544267654419
  ],
  "Lamp_Key": [
    7.4186506271362305,
    -3.318070411682129,
    3.5301401615142822
  ],
  "Lamp_Back": [
    -2.049701452255249,
    1.6462552547454834,
    5.856653213500977
  ],
  "Camera": [
    7.45487117767334,
    -6.784151077270508,
    5.284188270568848
  ]
}