{
  "Camera": [
    7.4620747566223145,
    -6.6551995277404785,
    5.287867546081543
  ],
  "Lamp_Fill": [
    -3.9532434940338135,
    -4.597386360168457,
    3.1694517135620117
  ],
  "Lamp_Back": [
    -0.6210613250732422,
    3.2155284881591797,
    5.256082534790039
  ],
  "image_filename": "000005538782678065",
  "objects": [
    {
      "color": [
        1.0,
        1.0,
        0.0,
        1.0
      ],
      "rotation": 0.0,
      "3d_coords": [
        0.7645589709281921,
        -2.887101888656616,
        2.0
      ],
      "material": "Rubber",
      "pixel_coords": [
        36,
        54,
        8.172723770141602
      ],
      "size": 2.0,
      "shape": "Sphere"
    },
    {
      "color": [
        0.0,
        0.0,
        1.0,
        1.0
      ],
      "rotation": 0.0,
      "3d_coords": [
        -0.9363720417022705,
        0.17963524162769318,
        1.5
      ],
      "material": "Rubber",
      "pixel_coords": [
        58,
        43,
        11.333060264587402
      ],
      "size": 1.5,
      "shape": "SmoothCube_v2"
    }
  ],
  "Lamp_Key": [
    6.237489223480225,
    -2.566608428955078,
    4.575579643249512
  ]
}