{
  "Lamp_Fill": [
    -4.943061351776123,
    -3.573146343231201,
    2.3071413040161133
  ],
  "Lamp_Key": [
    5.469940662384033,
    -3.341959238052368,
    5.085782051086426
  ],
  "image_filename": "000014136076476806",
  "Lamp_Back": [
    -1.8572279214859009,
    1.8260087966918945,
    5.067826747894287
  ],
  "Camera": [
    7.326957702636719,
    -6.854354381561279,
    5.4622297286987305
  ],
  "objects": [
    {
      "size": 2.0,
      "3d_coords": [
        -2.809924602508545,
        -1.9537681341171265,
        2.0
      ],
      "shape": "Sphere",
      "color": [
        0.0,
        1.0,
        0.0,
        1.0
      ],
      "pixel_coords": [
        22,
        38,
        11.09742259979248
      ],
      "material": "MyMetal",
      "rotation": 0.0
    },
    {
      "size": 2.0,
      "3d_coords": [
        2.6793529987335205,
        -0.8420929908752441,
        2.0
      ],
      "shape": "Sphere",
      "color": [
        0.0,
        1.0,
        0.0,
        1.0
      ],
      "pixel_coords": [
        85,
        55,
        8.243732452392578
      ],
      "material": "MyMetal",
      "rotation": 0.0
    }
  ]
}