{
  "objects": [
    {
      "3d_coords": [
        1.4347447156906128,
        2.1859543323516846,
        1.0
      ],
      "material": "Rubber",
      "shape": "SmoothCylinder",
      "size": 1.0,
      "color": [
        0.0,
        1.0,
        0.0,
        1.0
      ],
      "pixel_coords": [
        97,
        51,
        11.104816436767578
      ],
      "rotation": 0.0
    },
    {
      "3d_coords": [
        2.3308496475219727,
        -2.2015841007232666,
        1.5
      ],
      "material": "MyMetal",
      "shape": "SmoothCylinder",
      "size": 1.5,
      "color": [
        0.0,
        0.0,
        1.0,
        1.0
      ],
      "pixel_coords": [
        60,
        67,
        7.788154125213623
      ],
      "rotation": 0.0
    }
  ],
  "Lamp_Key": [
    7.217654228210449,
    -2.4067890644073486,
    4.75047492980957
  ],
  "Lamp_Fill": [
    -5.139570236206055,
    -4.734983921051025,
    3.755323648452759
  ],
  "Camera": [
    7.735308647155762,
    -6.377025127410889,
    5.252853870391846
  ],
  "Lamp_Back": [
    -1.279437780380249,
    3.2585506439208984,
    5.559995651245117
  ],
  "image_filename": "000000130917129930"
}