{
  "image_filename": "000011046571232643",
  "Lamp_Back": [
    -0.9768937826156616,
    3.4223856925964355,
    5.825639247894287
  ],
  "Camera": [
    7.004956245422363,
    -6.8922810554504395,
    5.084920883178711
  ],
  "objects": [
    {
      "color": [
        1.0,
        1.0,
        0.0,
        1.0
      ],
      "3d_coords": [
        2.554941415786743,
        -1.5544711351394653,
        2.0
      ],
      "rotation": 0.0,
      "material": "MyMetal",
      "shape": "Sphere",
      "pixel_coords": [
        77,
        56,
        7.55988073348999
      ],
      "size": 2.0
    },
    {
      "color": [
        0.0,
        1.0,
        1.0,
        1.0
      ],
      "3d_coords": [
        -1.0307000875473022,
        -2.212851047515869,
        1.5
      ],
      "rotation": 0.0,
      "material": "Rubber",
      "shape": "Sphere",
      "pixel_coords": [
        31,
        50,
        9.649572372436523
      ],
      "size": 1.5
    }
  ],
  "Lamp_Fill": [
    -3.8790814876556396,
    -4.35164737701416,
    3.1605470180511475
  ],
  "Lamp_Key": [
    6.706385135650635,
    -2.91521954536438,
    3.292175531387329
  ]
}