{
  "image_filename": "000009204773324445",
  "Lamp_Back": [
    -2.0852108001708984,
    2.0959908962249756,
    6.2281012535095215
  ],
  "Lamp_Key": [
    5.7105207443237305,
    -3.7832865715026855,
    3.511930227279663
  ],
  "Lamp_Fill": [
    -4.081840515136719,
    -4.635995864868164,
    2.3470499515533447
  ],
  "objects": [
    {
      "pixel_coords": [
        53,
        68,
        6.90859317779541
      ],
      "3d_coords": [
        2.3100016117095947,
        -2.8063676357269287,
        2.0
      ],
      "color": [
        0.0,
        1.0,
        0.0,
        1.0
      ],
      "rotation": 0.0,
      "shape": "Sphere",
      "material": "MyMetal",
      "size": 2.0
    },
    {
      "pixel_coords": [
        18,
        59,
        9.719342231750488
      ],
      "3d_coords": [
        -1.4251371622085571,
        -2.963484048843384,
        1.0
      ],
      "color": [
        0.0,
        0.0,
        1.0,
        1.0
      ],
      "rotation": 0.0,
      "shape": "Sphere",
      "material": "MyMetal",
      "size": 1.0
    }
  ],
  "Camera": [
    7.010343074798584,
    -6.2472944259643555,
    5.759942531585693
  ]
}