{
  "objects": [
    {
      "material": "Rubber",
      "rotation": 0.0,
      "3d_coords": [
        2.3218307495117188,
        0.5694603323936462,
        1.0
      ],
      "size": 1.0,
      "color": [
        0.0,
        0.0,
        1.0,
        1.0
      ],
      "shape": "SmoothCylinder",
      "pixel_coords": [
        93,
        62,
        9.494207382202148
      ]
    },
    {
      "material": "MyMetal",
      "rotation": 0.0,
      "3d_coords": [
        -1.9376450777053833,
        2.3388774394989014,
        1.5
      ],
      "size": 1.5,
      "color": [
        1.0,
        1.0,
        0.0,
        1.0
      ],
      "shape": "Sphere",
      "pixel_coords": [
        70,
        34,
        13.043170928955078
      ]
    }
  ],
  "Camera": [
    7.40436315536499,
    -6.256509304046631,
    5.6343770027160645
  ],
  "Lamp_Fill": [
    -4.870574474334717,
    -4.088711261749268,
    2.58650541305542
  ],
  "Lamp_Key": [
    5.995314598083496,
    -3.4318606853485107,
    4.070565700531006
  ],
  "image_filename": "000003147509386565",
  "Lamp_Back": [
    -1.252823829650879,
    3.397923707962036,
    5.019865036010742
  ]
}