{
  "objects": [
    {
      "shape": "Sphere",
      "size": 2.0,
      "material": "MyMetal",
      "3d_coords": [
        1.6132863759994507,
        1.7053916454315186,
        2.0
      ],
      "pixel_coords": [
        96,
        40,
        10.408507347106934
      ],
      "rotation": 0.0,
      "color": [
        1.0,
        1.0,
        0.0,
        1.0
      ]
    },
    {
      "shape": "Sphere",
      "size": 1.5,
      "material": "Rubber",
      "3d_coords": [
        -1.172326683998108,
        -0.9171282649040222,
        1.5
      ],
      "pixel_coords": [
        45,
        45,
        10.8635892868042
      ],
      "rotation": 0.0,
      "color": [
        1.0,
        0.0,
        0.0,
        1.0
      ]
    }
  ],
  "Lamp_Key": [
    7.185219764709473,
    -2.058664083480835,
    4.15110969543457
  ],
  "Lamp_Fill": [
    -3.704674005508423,
    -4.617040634155273,
    3.2063651084899902
  ],
  "image_filename": "000001638991416313",
  "Camera": [
    7.356838226318359,
    -6.850633144378662,
    5.280023097991943
  ],
  "Lamp_Back": [
    -1.0211093425750732,
    3.065427303314209,
    5.275771141052246
  ]
}