{
  "Lamp_Fill": [
    -5.407923698425293,
    -3.7465333938598633,
    3.073105812072754
  ],
  "Camera": [
    7.868545055389404,
    -6.7707061767578125,
    5.449465274810791
  ],
  "Lamp_Back": [
    -1.058616280555725,
    3.510467529296875,
    5.690074920654297
  ],
  "image_filename": "000002195807435691",
  "objects": [
    {
      "shape": "SmoothCylinder",
      "size": 1.0,
      "material": "MyMetal",
      "pixel_coords": [
        57,
        76,
        8.237974166870117
      ],
      "color": [
        0.0,
        1.0,
        1.0,
        1.0
      ],
      "rotation": 0.0,
      "3d_coords": [
        2.333618402481079,
        -2.5195515155792236,
        1.0
      ]
    },
    {
      "shape": "SmoothCylinder",
      "size": 1.5,
      "material": "Rubber",
      "pixel_coords": [
        98,
        56,
        9.56722640991211
      ],
      "color": [
        1.0,
        0.0,
        0.0,
        1.0
      ],
      "rotation": 0.0,
      "3d_coords": [
        2.7435874938964844,
        0.6610332727432251,
        1.5
      ]
    }
  ],
  "Lamp_Key": [
    7.08073616027832,
    -2.771793842315674,
    4.981850624084473
  ]
}