{
  "objects": [
    {
      "pixel_coords": [
        106,
        42,
        10.76226806640625
      ],
      "size": 1.5,
      "material": "Rubber",
      "rotation": 0.0,
      "shape": "Suzanne",
      "3d_coords": [
        1.539699673652649,
        2.9572901725769043,
        1.5
      ],
      "color": [
        1.0,
        0.0,
        1.0,
        1.0
      ]
    },
    {
      "pixel_coords": [
        26,
        34,
        10.853546142578125
      ],
      "size": 2.0,
      "material": "Rubber",
      "rotation": 0.0,
      "shape": "Suzanne",
      "3d_coords": [
        -2.8250975608825684,
        -1.3845776319503784,
        2.0
      ],
      "color": [
        0.0,
        1.0,
        1.0,
        1.0
      ]
    }
  ],
  "Camera": [
    7.067121982574463,
    -6.287515640258789,
    5.129570960998535
  ],
  "image_filename": "000001767557150903",
  "Lamp_Back": [
    -0.3878212869167328,
    3.06783127784729,
    5.652953147888184
  ],
  "Lamp_Key": [
    7.1610212326049805,
    -3.6711385250091553,
    5.208608150482178
  ],
  "Lamp_Fill": [
    -5.032881736755371,
    -3.3474247455596924,
    2.462488889694214
  ]
}