{
  "Lamp_Key": [
    6.856035232543945,
    -2.3055872917175293,
    5.109926223754883
  ],
  "image_filename": "000011709365345612",
  "Lamp_Back": [
    -1.0993925333023071,
    3.2521846294403076,
    6.812809944152832
  ],
  "objects": [
    {
      "size": 1.5,
      "color": [
        0.0,
        1.0,
        1.0,
        1.0
      ],
      "shape": "Suzanne",
      "material": "Rubber",
      "pixel_coords": [
        71,
        34,
        13.836867332458496
      ],
      "3d_coords": [
        -2.1446545124053955,
        2.717036008834839,
        1.5
      ],
      "rotation": 0.0
    },
    {
      "size": 1.5,
      "color": [
        0.0,
        1.0,
        0.0,
        1.0
      ],
      "shape": "Sphere",
      "material": "Rubber",
      "pixel_coords": [
        40,
        55,
        9.567293167114258
      ],
      "3d_coords": [
        0.05525347962975502,
        -2.2156975269317627,
        1.5
      ],
      "rotation": 0.0
    }
  ],
  "Camera": [
    7.768252849578857,
    -6.556096076965332,
    5.540676593780518
  ],
  "Lamp_Fill": [
    -4.9856181144714355,
    -3.4508354663848877,
    3.8813235759735107
  ]
}