{
  "Lamp_Back": [
    -1.181538462638855,
    2.9542236328125,
    5.958799839019775
  ],
  "image_filename": "000014911868486788",
  "Lamp_Key": [
    5.940151214599609,
    -3.205590009689331,
    4.805859088897705
  ],
  "Lamp_Fill": [
    -5.393003940582275,
    -3.7414796352386475,
    3.2377736568450928
  ],
  "objects": [
    {
      "pixel_coords": [
        88,
        37,
        12.093390464782715
      ],
      "3d_coords": [
        -0.13009600341320038,
        2.9186599254608154,
        1.5
      ],
      "shape": "SmoothCube_v2",
      "size": 1.5,
      "color": [
        1.0,
        0.0,
        0.0,
        1.0
      ],
      "rotation": 0.0,
      "material": "MyMetal"
    },
    {
      "pixel_coords": [
        86,
        54,
        9.201719284057617
      ],
      "3d_coords": [
        1.9443552494049072,
        0.21796806156635284,
        1.5
      ],
      "shape": "Sphere",
      "size": 1.5,
      "color": [
        0.0,
        1.0,
        0.0,
        1.0
      ],
      "rotation": 0.0,
      "material": "MyMetal"
    }
  ],
  "Camera": [
    7.009890079498291,
    -6.465329647064209,
    5.616279125213623
  ]
}