{
  "image_filename": "00000025",
  "objects": [
    {
      "shape": "square",
      "size": 0.125,
      "rotation": 0.0,
      "2d_coords": [
        0.4336752922909149,
        0.4758986065511394
      ],
      "color": [
        255,
        127,
        0
      ]
    },
    {
      "shape": "star_4",
      "size": 0.225,
      "rotation": 0.0,
      "2d_coords": [
        0.5657616267258727,
        0.6773202228587752
      ],
      "color": [
        0,
        255,
        0
      ]
    }
  ]
}