{
  "Lamp_Fill": [
    -4.016776084899902,
    -4.192368030548096,
    3.776691436767578
  ],
  "objects": [
    {
      "shape": "Sphere",
      "pixel_coords": [
        31,
        52,
        9.831120491027832
      ],
      "material": "MyMetal",
      "rotation": 0.0,
      "color": [
        1.0,
        0.0,
        1.0,
        1.0
      ],
      "size": 1.5,
      "3d_coords": [
        -0.8136296272277832,
        -2.3971738815307617,
        1.5
      ]
    },
    {
      "shape": "SmoothCube_v2",
      "pixel_coords": [
        83,
        59,
        9.985152244567871
      ],
      "material": "MyMetal",
      "rotation": 0.0,
      "color": [
        0.0,
        1.0,
        0.0,
        1.0
      ],
      "size": 1.0,
      "3d_coords": [
        1.694446086883545,
        0.3267747759819031,
        1.0
      ]
    }
  ],
  "Lamp_Key": [
    5.6709771156311035,
    -3.66546630859375,
    4.608644962310791
  ],
  "Camera": [
    7.510148048400879,
    -6.541231632232666,
    5.548182010650635
  ],
  "image_filename": "000001810260159471",
  "Lamp_Back": [
    -1.9689973592758179,
    2.4505553245544434,
    4.8407158851623535
  ]
}