{
  "objects": [
    {
      "size": 2.0,
      "shape": "SmoothCube_v2",
      "3d_coords": [
        2.7938084602355957,
        0.2445140779018402,
        2.0
      ],
      "material": "MyMetal",
      "pixel_coords": [
        97,
        50,
        8.504670143127441
      ],
      "rotation": 0.0,
      "color": [
        1.0,
        1.0,
        0.0,
        1.0
      ]
    },
    {
      "size": 1.5,
      "shape": "SmoothCube_v2",
      "3d_coords": [
        -2.9908525943756104,
        -2.2389986515045166,
        1.5
      ],
      "material": "MyMetal",
      "pixel_coords": [
        18,
        43,
        11.205121040344238
      ],
      "rotation": 0.0,
      "color": [
        0.0,
        1.0,
        1.0,
        1.0
      ]
    }
  ],
  "Lamp_Fill": [
    -4.013081073760986,
    -4.256358623504639,
    2.078887701034546
  ],
  "Camera": [
    7.512337684631348,
    -6.397769927978516,
    5.2616682052612305
  ],
  "Lamp_Back": [
    -0.6883509159088135,
    2.7128846645355225,
    5.557786464691162
  ],
  "image_filename": "000007551890997249",
  "Lamp_Key": [
    6.9800519943237305,
    -2.130277633666992,
    4.605907917022705
  ]
}