{
  "image_filename": "000008745237400855",
  "objects": [
    {
      "shape": "NewellTeapot",
      "size": 2.0,
      "material": "data/materials/PoliigonMetalSpottyDiscoloration001.blend",
      "3d_coords": [
        -0.5172256827354431,
        -2.4924275875091553,
        2.0
      ],
      "rotation": 0.0,
      "pixel_coords": [
        30,
        47,
        9.474113464355469
      ]
    },
    {
      "shape": "Suzanne",
      "size": 1.0,
      "material": "data/materials/PoliigonFabricDenim003.blend",
      "3d_coords": [
        0.6525564789772034,
        2.5740325450897217,
        1.0
      ],
      "rotation": 0.0,
      "pixel_coords": [
        92,
        47,
        11.912004470825195
      ]
    }
  ],
  "ground_material": "data/materials/PoliigonBricksFlemishRed001.blend",
  "Lamp_Key": [
    7.328622341156006,
    -2.6124091148376465,
    4.5110602378845215
  ],
  "Lamp_Back": [
    -0.8072647452354431,
    3.444228410720825,
    6.673128128051758
  ],
  "Lamp_Fill": [
    -4.047553062438965,
    -3.5279741287231445,
    2.2270259857177734
  ],
  "Camera": [
    7.790524959564209,
    -6.191314220428467,
    5.686387538909912
  ]
}