{
  "Lamp_Back": [
    -0.6277494430541992,
    3.626981019973755,
    5.381449222564697
  ],
  "objects": [
    {
      "size": 1.5,
      "rotation": 0.0,
      "shape": "Sphere",
      "material": "MyMetal",
      "3d_coords": [
        1.6285467147827148,
        -1.9933661222457886,
        1.5
      ],
      "pixel_coords": [
        58,
        61,
        8.092011451721191
      ],
      "color": [
        1.0,
        1.0,
        0.0,
        1.0
      ]
    },
    {
      "size": 1.0,
      "rotation": 0.0,
      "shape": "Sphere",
      "material": "MyMetal",
      "3d_coords": [
        -0.7924745082855225,
        2.0884854793548584,
        1.0
      ],
      "pixel_coords": [
        75,
        44,
        12.396252632141113
      ],
      "color": [
        0.0,
        1.0,
        1.0,
        1.0
      ]
    }
  ],
  "Camera": [
    7.173313140869141,
    -6.787380695343018,
    4.949705123901367
  ],
  "Lamp_Key": [
    5.734374523162842,
    -2.9506912231445312,
    4.252070903778076
  ],
  "Lamp_Fill": [
    -5.449831485748291,
    -3.8308370113372803,
    2.1614091396331787
  ],
  "image_filename": "000000767139898545"
}