{
  "image_filename": "000001794286231218",
  "objects": [
    {
      "shape": "Sphere",
      "size": 2.0,
      "material": "data/materials/PoliigonMetalSpottyDiscoloration001.blend",
      "3d_coords": [
        2.0893959999084473,
        -2.622960090637207,
        2.0
      ],
      "rotation": 0.0,
      "pixel_coords": [
        50,
        62,
        7.116743087768555
      ]
    },
    {
      "shape": "Sphere",
      "size": 2.0,
      "material": "data/materials/PoliigonMetalSpottyDiscoloration001.blend",
      "3d_coords": [
        -2.2047371864318848,
        2.384669303894043,
        2.0
      ],
      "rotation": 0.0,
      "pixel_coords": [
        69,
        27,
        12.758987426757812
      ]
    }
  ],
  "ground_material": "data/materials/PoliigonMetalSpottyDiscoloration001.blend",
  "Lamp_Key": [
    5.9474053382873535,
    -3.516207695007324,
    5.046173572540283
  ],
  "Lamp_Back": [
    -1.1755375862121582,
    3.4023947715759277,
    6.0142364501953125
  ],
  "Lamp_Fill": [
    -4.655084609985352,
    -3.9163429737091064,
    2.2290921211242676
  ],
  "Camera": [
    7.342205047607422,
    -6.049820899963379,
    5.436334609985352
  ]
}