{
  "image_filename": "00000000",
  "objects": [
    {
      "shape": "square",
      "size": 0.425,
      "rotation": 0.0,
      "2d_coords": [
        0.8149415123365692,
        0.18256668306643634
      ],
      "color": [
        0,
        127,
        255
      ]
    },
    {
      "shape": "square",
      "size": 0.425,
      "rotation": 0.0,
      "2d_coords": [
        0.22750533780301688,
        0.183344142310615
      ],
      "color": [
        0,
        127,
        255
      ]
    }
  ]
}