{
  "Lamp_Key": [
    5.726428031921387,
    -3.242291212081909,
    3.715363025665283
  ],
  "Lamp_Fill": [
    -4.367863178253174,
    -3.9026873111724854,
    2.540619134902954
  ],
  "objects": [
    {
      "color": [
        1.0,
        0.0,
        1.0,
        1.0
      ],
      "size": 1.5,
      "3d_coords": [
        2.063978910446167,
        -2.7175936698913574,
        1.5
      ],
      "shape": "SmoothCube_v2",
      "pixel_coords": [
        50,
        70,
        7.68065071105957
      ],
      "material": "Rubber",
      "rotation": 0.0
    },
    {
      "color": [
        1.0,
        0.0,
        0.0,
        1.0
      ],
      "size": 1.0,
      "3d_coords": [
        1.104184627532959,
        2.1314351558685303,
        1.0
      ],
      "shape": "SmoothCube_v2",
      "pixel_coords": [
        93,
        50,
        11.264362335205078
      ],
      "material": "Rubber",
      "rotation": 0.0
    }
  ],
  "Lamp_Back": [
    -2.0045623779296875,
    2.817009449005127,
    5.381703853607178
  ],
  "image_filename": "000007061659472679",
  "Camera": [
    7.5296149253845215,
    -6.289255619049072,
    5.63158655166626
  ]
}