{
  "image_filename": "000011170459955689",
  "objects": [
    {
      "shape": "Suzanne",
      "size": 1.0,
      "material": "data/materials/PoliigonFabricDenim003.blend",
      "3d_coords": [
        -2.1804285049438477,
        -1.2543598413467407,
        1.0
      ],
      "rotation": 0.0,
      "pixel_coords": [
        36,
        49,
        11.799064636230469
      ]
    },
    {
      "shape": "Cone",
      "size": 1.0,
      "material": "data/materials/PoliigonBricksFlemishRed001.blend",
      "3d_coords": [
        -0.1757623255252838,
        -1.7722716331481934,
        1.0
      ],
      "rotation": 0.0,
      "pixel_coords": [
        44,
        58,
        10.128847122192383
      ]
    }
  ],
  "ground_material": "data/materials/PoliigonChainmailCopperRoundedThin001.blend",
  "Lamp_Key": [
    7.231926918029785,
    -3.3014094829559326,
    3.7479407787323
  ],
  "Lamp_Back": [
    -1.0600545406341553,
    2.405996799468994,
    4.974740982055664
  ],
  "Lamp_Fill": [
    -5.594809055328369,
    -4.739997863769531,
    3.782451868057251
  ],
  "Camera": [
    7.797270774841309,
    -6.89711856842041,
    4.8806376457214355
  ]
}