{
  "image_filename": "000003745582374387",
  "Lamp_Back": [
    -0.7051202654838562,
    3.4888510704040527,
    6.798861503601074
  ],
  "Lamp_Fill": [
    -3.914071798324585,
    -4.616614818572998,
    2.1796953678131104
  ],
  "Lamp_Key": [
    5.538218975067139,
    -2.8466882705688477,
    3.5436620712280273
  ],
  "Camera": [
    7.709168910980225,
    -6.166797161102295,
    5.465632915496826
  ],
  "objects": [
    {
      "3d_coords": [
        0.41441428661346436,
        1.5981038808822632,
        2.0
      ],
      "color": [
        1.0,
        0.0,
        0.0,
        1.0
      ],
      "shape": "SmoothCube_v2",
      "size": 2.0,
      "material": "MyMetal",
      "pixel_coords": [
        83,
        37,
        10.905747413635254
      ],
      "rotation": 0.0
    },
    {
      "3d_coords": [
        -2.1282074451446533,
        -2.6987574100494385,
        2.0
      ],
      "color": [
        0.0,
        1.0,
        0.0,
        1.0
      ],
      "shape": "Sphere",
      "size": 2.0,
      "material": "Rubber",
      "pixel_coords": [
        17,
        40,
        10.294596672058105
      ],
      "rotation": 0.0
    }
  ]
}