{
  "objects": [
    {
      "material": "Rubber",
      "3d_coords": [
        2.353132486343384,
        -0.8152869343757629,
        1.0
      ],
      "size": 1.0,
      "shape": "SmoothCylinder",
      "rotation": 0.0,
      "color": [
        0.0,
        0.0,
        1.0,
        1.0
      ],
      "pixel_coords": [
        80,
        68,
        9.124696731567383
      ]
    },
    {
      "material": "Rubber",
      "3d_coords": [
        2.227806329727173,
        2.58011531829834,
        1.5
      ],
      "size": 1.5,
      "shape": "SmoothCube_v2",
      "rotation": 0.0,
      "color": [
        1.0,
        0.0,
        0.0,
        1.0
      ],
      "pixel_coords": [
        107,
        46,
        10.987951278686523
      ]
    }
  ],
  "Camera": [
    7.243518352508545,
    -6.942495822906494,
    5.790897369384766
  ],
  "Lamp_Fill": [
    -4.8483171463012695,
    -4.20827054977417,
    3.3757691383361816
  ],
  "image_filename": "000008475171352478",
  "Lamp_Key": [
    7.041386604309082,
    -2.237739086151123,
    3.9025938510894775
  ],
  "Lamp_Back": [
    -0.7168427109718323,
    2.4028210639953613,
    5.406888008117676
  ]
}