{
  "image_filename": "000012581217849005",
  "objects": [
    {
      "shape": "Cone",
      "size": 1.0,
      "material": "data/materials/PoliigonBricksFlemishRed001.blend",
      "3d_coords": [
        2.596709728240967,
        -2.75846791267395,
        1.0
      ],
      "rotation": 0.0,
      "pixel_coords": [
        59,
        81,
        7.108994007110596
      ]
    },
    {
      "shape": "Cylinder",
      "size": 1.5,
      "material": "data/materials/PoliigonChainmailCopperRoundedThin001.blend",
      "3d_coords": [
        -2.326512098312378,
        1.7498687505722046,
        1.5
      ],
      "rotation": 0.0,
      "pixel_coords": [
        61,
        35,
        12.787662506103516
      ]
    }
  ],
  "ground_material": "data/materials/PoliigonRoofTilesTerracotta004.blend",
  "Lamp_Key": [
    6.306493759155273,
    -3.029160261154175,
    4.099642276763916
  ],
  "Lamp_Back": [
    -2.155522108078003,
    1.6881341934204102,
    6.157914638519287
  ],
  "Lamp_Fill": [
    -5.628780841827393,
    -4.180379390716553,
    3.854254961013794
  ],
  "Camera": [
    7.089391708374023,
    -6.576433181762695,
    5.074406623840332
  ]
}