{
  "image_filename": "000008470025825849",
  "objects": [
    {
      "shape": "NewellTeapot",
      "size": 1.5,
      "material": "data/materials/PoliigonWoodFlooring061.blend",
      "3d_coords": [
        -2.91711163520813,
        -0.11570039391517639,
        1.5
      ],
      "rotation": 0.0,
      "pixel_coords": [
        42,
        39,
        12.910114288330078
      ]
    },
    {
      "shape": "NewellTeapot",
      "size": 1.5,
      "material": "data/materials/PoliigonWoodFlooring061.blend",
      "3d_coords": [
        -1.075305700302124,
        2.6345179080963135,
        1.5
      ],
      "rotation": 0.0,
      "pixel_coords": [
        77,
        38,
        13.296510696411133
      ]
    }
  ],
  "ground_material": "data/materials/PoliigonFabricFleece001.blend",
  "Lamp_Key": [
    7.273409366607666,
    -3.3455843925476074,
    5.004939079284668
  ],
  "Lamp_Back": [
    -0.3203883469104767,
    3.037501096725464,
    5.725650310516357
  ],
  "Lamp_Fill": [
    -5.274059772491455,
    -3.720576047897339,
    3.954984426498413
  ],
  "Camera": [
    7.823135852813721,
    -6.885091304779053,
    5.352162837982178
  ]
}