{
  "Lamp_Fill": [
    -4.669572353363037,
    -4.525301456451416,
    2.9562551975250244
  ],
  "Camera": [
    7.253265380859375,
    -6.895707607269287,
    5.185180187225342
  ],
  "objects": [
    {
      "color": [
        1.0,
        1.0,
        0.0,
        1.0
      ],
      "size": 1.0,
      "3d_coords": [
        -2.963012933731079,
        0.018207155168056488,
        1.0
      ],
      "material": "Rubber",
      "shape": "Suzanne",
      "rotation": 0.0,
      "pixel_coords": [
        42,
        43,
        12.729327201843262
      ]
    },
    {
      "color": [
        0.0,
        1.0,
        1.0,
        1.0
      ],
      "size": 1.0,
      "3d_coords": [
        1.7274442911148071,
        2.253751754760742,
        1.0
      ],
      "material": "MyMetal",
      "shape": "Suzanne",
      "rotation": 0.0,
      "pixel_coords": [
        100,
        51,
        11.078661918640137
      ]
    }
  ],
  "Lamp_Back": [
    -1.2392288446426392,
    1.7048574686050415,
    5.634912967681885
  ],
  "Lamp_Key": [
    7.4435906410217285,
    -2.412029981613159,
    4.080180644989014
  ],
  "image_filename": "000001356673772615"
}