{
  "objects": [
    {
      "material": "MyMetal",
      "3d_coords": [
        1.9712010622024536,
        -0.3804290294647217,
        1.0
      ],
      "size": 1.0,
      "color": [
        1.0,
        0.0,
        0.0,
        1.0
      ],
      "shape": "Suzanne",
      "rotation": 0.0,
      "pixel_coords": [
        78,
        63,
        9.19888973236084
      ]
    },
    {
      "material": "MyMetal",
      "3d_coords": [
        2.562401533126831,
        -2.98359751701355,
        1.5
      ],
      "size": 1.5,
      "color": [
        0.0,
        1.0,
        0.0,
        1.0
      ],
      "shape": "SmoothCylinder",
      "rotation": 0.0,
      "pixel_coords": [
        49,
        74,
        7.140634536743164
      ]
    }
  ],
  "Camera": [
    7.829366683959961,
    -6.098494529724121,
    5.29384183883667
  ],
  "Lamp_Back": [
    -1.067736268043518,
    3.0573043823242188,
    5.715575695037842
  ],
  "image_filename": "000004421107107802",
  "Lamp_Key": [
    7.088362693786621,
    -3.463805675506592,
    3.3376479148864746
  ],
  "Lamp_Fill": [
    -4.552879810333252,
    -4.126029968261719,
    2.2314136028289795
  ]
}