{
  "Camera": [
    7.378642559051514,
    -6.068206787109375,
    5.549961566925049
  ],
  "Lamp_Back": [
    -0.9294587969779968,
    1.8743830919265747,
    6.23059606552124
  ],
  "Lamp_Key": [
    5.757426738739014,
    -2.2935967445373535,
    3.3702447414398193
  ],
  "Lamp_Fill": [
    -4.180888652801514,
    -4.821165561676025,
    3.968418836593628
  ],
  "objects": [
    {
      "shape": "SmoothCube_v2",
      "material": "Rubber",
      "pixel_coords": [
        69,
        71,
        8.29962158203125
      ],
      "rotation": 0.0,
      "size": 1.0,
      "3d_coords": [
        2.18552303314209,
        -1.432870864868164,
        1.0
      ],
      "color": [
        1.0,
        0.0,
        1.0,
        1.0
      ]
    },
    {
      "shape": "SmoothCube_v2",
      "material": "MyMetal",
      "pixel_coords": [
        43,
        35,
        10.883795738220215
      ],
      "rotation": 0.0,
      "size": 2.0,
      "3d_coords": [
        -1.8037515878677368,
        -0.6639755964279175,
        2.0
      ],
      "color": [
        1.0,
        0.0,
        0.0,
        1.0
      ]
    }
  ],
  "image_filename": "000012987676352224"
}