{
  "image_filename": "00000025",
  "objects": [
    {
      "shape": "circle",
      "size": 0.425,
      "rotation": 0.0,
      "2d_coords": [
        0.7285302246717047,
        0.7274742007159775
      ],
      "color": [
        0,
        255,
        0
      ]
    },
    {
      "shape": "circle",
      "size": 0.125,
      "rotation": 0.0,
      "2d_coords": [
        0.302726502763191,
        0.39652677310470036
      ],
      "color": [
        0,
        255,
        0
      ]
    }
  ]
}