{
  "image_filename": "00000084",
  "objects": [
    {
      "shape": "star_4",
      "size": 0.425,
      "rotation": 0.0,
      "2d_coords": [
        0.06885506234095742,
        0.4204539622523829
      ],
      "color": [
        0,
        127,
        255
      ]
    },
    {
      "shape": "star_4",
      "size": 0.125,
      "rotation": 0.0,
      "2d_coords": [
        0.4905127718912283,
        0.269310087753109
      ],
      "color": [
        0,
        127,
        255
      ]
    }
  ]
}