{
  "Camera": [
    7.1660332679748535,
    -6.723032474517822,
    5.715757369995117
  ],
  "Lamp_Fill": [
    -5.134468078613281,
    -4.779971599578857,
    2.488760232925415
  ],
  "image_filename": "000009681851197475",
  "objects": [
    {
      "shape": "SmoothCube_v2",
      "pixel_coords": [
        20,
        58,
        10.094404220581055
      ],
      "rotation": 0.0,
      "material": "Rubber",
      "color": [
        1.0,
        0.0,
        0.0,
        1.0
      ],
      "3d_coords": [
        -1.5277612209320068,
        -2.930924892425537,
        1.0
      ],
      "size": 1.0
    },
    {
      "shape": "SmoothCylinder",
      "pixel_coords": [
        81,
        39,
        12.040251731872559
      ],
      "rotation": 0.0,
      "material": "MyMetal",
      "color": [
        1.0,
        0.0,
        1.0,
        1.0
      ],
      "3d_coords": [
        -0.18357329070568085,
        2.217031955718994,
        1.5
      ],
      "size": 1.5
    }
  ],
  "Lamp_Back": [
    -1.853851318359375,
    3.063591957092285,
    6.489454746246338
  ],
  "Lamp_Key": [
    6.578287601470947,
    -3.6973533630371094,
    4.598984718322754
  ]
}