{
  "Lamp_Fill": [
    -5.241118907928467,
    -4.838465690612793,
    3.1170661449432373
  ],
  "objects": [
    {
      "color": [
        0.0,
        0.0,
        1.0,
        1.0
      ],
      "pixel_coords": [
        95,
        42,
        9.833415031433105
      ],
      "shape": "Sphere",
      "size": 2.0,
      "rotation": 0.0,
      "material": "MyMetal",
      "3d_coords": [
        1.7931798696517944,
        1.3346377611160278,
        2.0
      ]
    },
    {
      "color": [
        0.0,
        1.0,
        0.0,
        1.0
      ],
      "pixel_coords": [
        50,
        59,
        7.1692585945129395
      ],
      "shape": "Suzanne",
      "size": 2.0,
      "rotation": 0.0,
      "material": "Rubber",
      "3d_coords": [
        2.19783878326416,
        -2.8076024055480957,
        2.0
      ]
    }
  ],
  "Lamp_Back": [
    -0.3485027849674225,
    2.579561710357666,
    4.978078842163086
  ],
  "image_filename": "000006515457343156",
  "Lamp_Key": [
    6.149993896484375,
    -2.845125675201416,
    4.93536376953125
  ],
  "Camera": [
    7.684602737426758,
    -6.441301345825195,
    4.949499130249023
  ]
}