{
  "image_filename": "00000000",
  "objects": [
    {
      "shape": "circle",
      "size": 0.325,
      "rotation": 0.0,
      "2d_coords": [
        0.6913755619985443,
        0.2083716293189662
      ],
      "color": [
        255,
        127,
        0
      ]
    },
    {
      "shape": "triangle",
      "size": 0.125,
      "rotation": 0.0,
      "2d_coords": [
        0.47624037741199166,
        0.21769910899408396
      ],
      "color": [
        255,
        127,
        0
      ]
    }
  ]
}