{
  "Lamp_Fill": [
    -5.252196311950684,
    -3.9629435539245605,
    2.2481257915496826
  ],
  "image_filename": "000002099475341058",
  "Lamp_Key": [
    6.563475131988525,
    -3.6651482582092285,
    4.254800319671631
  ],
  "Lamp_Back": [
    -1.7429089546203613,
    3.4909427165985107,
    5.953571796417236
  ],
  "Camera": [
    7.949715614318848,
    -6.46217155456543,
    5.224615097045898
  ],
  "objects": [
    {
      "3d_coords": [
        0.04678742587566376,
        -1.7278056144714355,
        1.5
      ],
      "material": "MyMetal",
      "rotation": 0.0,
      "shape": "Sphere",
      "color": [
        1.0,
        1.0,
        0.0,
        1.0
      ],
      "size": 1.5,
      "pixel_coords": [
        45,
        52,
        9.815494537353516
      ]
    },
    {
      "3d_coords": [
        -2.534756660461426,
        0.5884940028190613,
        1.5
      ],
      "material": "MyMetal",
      "rotation": 0.0,
      "shape": "SmoothCube_v2",
      "color": [
        0.0,
        0.0,
        1.0,
        1.0
      ],
      "size": 1.5,
      "pixel_coords": [
        52,
        38,
        12.901606559753418
      ]
    }
  ]
}