{
  "image_filename": "000000034760690081",
  "objects": [
    {
      "shape": "Cylinder",
      "size": 2.0,
      "material": "data/materials/PoliigonChainmailCopperRoundedThin001.blend",
      "3d_coords": [
        -2.08966064453125,
        1.319225788116455,
        2.0
      ],
      "rotation": 0.0,
      "pixel_coords": [
        61,
        31,
        12.551939010620117
      ]
    },
    {
      "shape": "Cylinder",
      "size": 1.0,
      "material": "data/materials/PoliigonBricksFlemishRed001.blend",
      "3d_coords": [
        0.8913093209266663,
        2.3151493072509766,
        1.0
      ],
      "rotation": 0.0,
      "pixel_coords": [
        93,
        49,
        11.584827423095703
      ]
    }
  ],
  "ground_material": "data/materials/PoliigonChainmailCopperRoundedThin001.blend",
  "Lamp_Key": [
    7.110835075378418,
    -2.9345970153808594,
    3.341360569000244
  ],
  "Lamp_Back": [
    -1.8240301609039307,
    1.961685061454773,
    5.515516757965088
  ],
  "Lamp_Fill": [
    -3.9543356895446777,
    -4.943859577178955,
    3.482459306716919
  ],
  "Camera": [
    7.716689586639404,
    -6.150412082672119,
    5.805472373962402
  ]
}