{
  "image_filename": "000012282521364764",
  "objects": [
    {
      "shape": "Suzanne",
      "size": 2.0,
      "material": "data/materials/PoliigonRoofTilesTerracotta004.blend",
      "3d_coords": [
        0.6594148874282837,
        -2.459256649017334,
        2.0
      ],
      "rotation": 0.0,
      "pixel_coords": [
        41,
        51,
        8.68826675415039
      ]
    },
    {
      "shape": "Icosahedron",
      "size": 1.5,
      "material": "data/materials/PoliigonWoodFlooring061.blend",
      "3d_coords": [
        0.266490638256073,
        1.8506430387496948,
        1.5
      ],
      "rotation": 0.0,
      "pixel_coords": [
        83,
        42,
        11.716084480285645
      ]
    }
  ],
  "ground_material": "data/materials/PoliigonBricksFlemishRed001.blend",
  "Lamp_Key": [
    7.210935115814209,
    -2.48543119430542,
    3.7631967067718506
  ],
  "Lamp_Back": [
    -1.0022441148757935,
    3.3317272663116455,
    4.834817886352539
  ],
  "Lamp_Fill": [
    -4.019943714141846,
    -4.527066707611084,
    3.1279444694519043
  ],
  "Camera": [
    7.665071487426758,
    -6.764155864715576,
    5.242605686187744
  ]
}