{
  "image_filename": "000006195398295494",
  "Lamp_Back": [
    -2.1413261890411377,
    3.4303951263427734,
    5.998142719268799
  ],
  "Lamp_Key": [
    7.202594757080078,
    -2.5819199085235596,
    3.807530403137207
  ],
  "Lamp_Fill": [
    -5.123301982879639,
    -3.7895021438598633,
    3.477848768234253
  ],
  "objects": [
    {
      "color": [
        1.0,
        1.0,
        0.0,
        1.0
      ],
      "rotation": 0.0,
      "shape": "Sphere",
      "pixel_coords": [
        88,
        42,
        10.200182914733887
      ],
      "3d_coords": [
        1.2751362323760986,
        1.2216242551803589,
        2.0
      ],
      "size": 2.0,
      "material": "MyMetal"
    },
    {
      "color": [
        0.0,
        1.0,
        0.0,
        1.0
      ],
      "rotation": 0.0,
      "shape": "Sphere",
      "pixel_coords": [
        22,
        43,
        11.29318904876709
      ],
      "3d_coords": [
        -2.713444232940674,
        -2.1465601921081543,
        1.5
      ],
      "size": 1.5,
      "material": "MyMetal"
    }
  ],
  "Camera": [
    7.700743675231934,
    -6.254190444946289,
    5.552526473999023
  ]
}