{
  "Lamp_Fill": [
    -3.9151060581207275,
    -3.403223991394043,
    3.8634092807769775
  ],
  "Camera": [
    7.011796474456787,
    -6.799305438995361,
    5.223883628845215
  ],
  "image_filename": "000000096609128504",
  "Lamp_Key": [
    6.758360862731934,
    -3.892277240753174,
    4.478993892669678
  ],
  "Lamp_Back": [
    -0.7752110362052917,
    3.625220537185669,
    5.0482892990112305
  ],
  "objects": [
    {
      "shape": "SmoothCube_v2",
      "size": 1.0,
      "material": "Rubber",
      "rotation": 0.0,
      "color": [
        1.0,
        0.0,
        0.0,
        1.0
      ],
      "3d_coords": [
        2.3433730602264404,
        0.5753107666969299,
        1.0
      ],
      "pixel_coords": [
        94,
        60,
        9.474392890930176
      ]
    },
    {
      "shape": "SmoothCylinder",
      "size": 1.5,
      "material": "Rubber",
      "rotation": 0.0,
      "color": [
        1.0,
        0.0,
        0.0,
        1.0
      ],
      "3d_coords": [
        -2.753833055496216,
        0.6247343420982361,
        1.5
      ],
      "pixel_coords": [
        48,
        36,
        12.495675086975098
      ]
    }
  ]
}