{
  "objects": [
    {
      "3d_coords": [
        1.8352792263031006,
        2.7729554176330566,
        1.0
      ],
      "color": [
        0.0,
        0.0,
        1.0,
        1.0
      ],
      "size": 1.0,
      "rotation": 0.0,
      "material": "Rubber",
      "shape": "Suzanne",
      "pixel_coords": [
        104,
        50,
        11.414006233215332
      ]
    },
    {
      "3d_coords": [
        0.6822062134742737,
        0.39381158351898193,
        1.5
      ],
      "color": [
        1.0,
        1.0,
        0.0,
        1.0
      ],
      "size": 1.5,
      "rotation": 0.0,
      "material": "MyMetal",
      "shape": "SmoothCylinder",
      "pixel_coords": [
        74,
        48,
        10.521530151367188
      ]
    }
  ],
  "image_filename": "000012421813415012",
  "Lamp_Fill": [
    -4.956649303436279,
    -3.13472056388855,
    3.386293649673462
  ],
  "Lamp_Key": [
    6.611207962036133,
    -2.21903920173645,
    4.336756229400635
  ],
  "Camera": [
    7.532951831817627,
    -6.847885608673096,
    5.160892486572266
  ],
  "Lamp_Back": [
    -0.23878014087677002,
    1.749047875404358,
    4.955081462860107
  ]
}