{
  "Lamp_Back": [
    -1.4513092041015625,
    2.7444050312042236,
    6.3584303855896
  ],
  "Camera": [
    7.1423234939575195,
    -6.421567916870117,
    5.723529815673828
  ],
  "Lamp_Key": [
    5.505112648010254,
    -3.5142383575439453,
    4.375005722045898
  ],
  "Lamp_Fill": [
    -4.475015163421631,
    -3.1159870624542236,
    3.18782114982605
  ],
  "image_filename": "000005317456265317",
  "objects": [
    {
      "material": "MyMetal",
      "size": 1.5,
      "shape": "Sphere",
      "rotation": 0.0,
      "color": [
        0.0,
        1.0,
        0.0,
        1.0
      ],
      "3d_coords": [
        2.952670097351074,
        -0.45220649242401123,
        1.5
      ],
      "pixel_coords": [
        92,
        64,
        8.266923904418945
      ]
    },
    {
      "material": "MyMetal",
      "size": 2.0,
      "shape": "SmoothCylinder",
      "rotation": 0.0,
      "color": [
        0.0,
        1.0,
        0.0,
        1.0
      ],
      "3d_coords": [
        -0.7151508331298828,
        -2.4991848468780518,
        2.0
      ],
      "pixel_coords": [
        28,
        47,
        9.178332328796387
      ]
    }
  ]
}