{
  "Lamp_Key": [
    6.512619972229004,
    -3.4229044914245605,
    4.481500625610352
  ],
  "image_filename": "000003784163299949",
  "Camera": [
    7.052872180938721,
    -6.426580905914307,
    5.3069047927856445
  ],
  "objects": [
    {
      "material": "Rubber",
      "size": 1.0,
      "3d_coords": [
        -1.7232730388641357,
        0.5960237979888916,
        1.0
      ],
      "shape": "SmoothCube_v2",
      "color": [
        0.0,
        1.0,
        1.0,
        1.0
      ],
      "rotation": 0.0,
      "pixel_coords": [
        56,
        44,
        11.896160125732422
      ]
    },
    {
      "material": "Rubber",
      "size": 1.0,
      "3d_coords": [
        1.5571216344833374,
        -1.3647805452346802,
        1.0
      ],
      "shape": "SmoothCube_v2",
      "color": [
        0.0,
        1.0,
        1.0,
        1.0
      ],
      "rotation": 0.0,
      "pixel_coords": [
        65,
        66,
        8.622960090637207
      ]
    }
  ],
  "Lamp_Back": [
    -1.0266304016113281,
    2.28521466255188,
    6.6417155265808105
  ],
  "Lamp_Fill": [
    -5.442539691925049,
    -3.651658535003662,
    3.997295618057251
  ]
}