{
  "Lamp_Fill": [
    -5.26012659072876,
    -3.268099546432495,
    3.2207419872283936
  ],
  "image_filename": "000008066454756523",
  "objects": [
    {
      "size": 1.0,
      "rotation": 0.0,
      "material": "Rubber",
      "shape": "SmoothCube_v2",
      "3d_coords": [
        -1.997618317604065,
        -0.36668452620506287,
        1.0
      ],
      "color": [
        0.0,
        1.0,
        1.0,
        1.0
      ],
      "pixel_coords": [
        45,
        46,
        11.721142768859863
      ]
    },
    {
      "size": 1.0,
      "rotation": 0.0,
      "material": "Rubber",
      "shape": "SmoothCube_v2",
      "3d_coords": [
        0.05380189046263695,
        0.3295372724533081,
        1.0
      ],
      "color": [
        1.0,
        0.0,
        1.0,
        1.0
      ],
      "pixel_coords": [
        68,
        52,
        10.75462818145752
      ]
    }
  ],
  "Camera": [
    7.306585311889648,
    -6.07707405090332,
    5.794229507446289
  ],
  "Lamp_Back": [
    -2.0347900390625,
    3.4910435676574707,
    6.3052191734313965
  ],
  "Lamp_Key": [
    5.973320484161377,
    -2.700610637664795,
    4.943469047546387
  ]
}