{
  "Lamp_Back": [
    -1.3768703937530518,
    3.491886615753174,
    4.976104736328125
  ],
  "Lamp_Fill": [
    -4.7676286697387695,
    -3.5342044830322266,
    2.569561243057251
  ],
  "Lamp_Key": [
    7.439017295837402,
    -2.022779941558838,
    3.4985737800598145
  ],
  "image_filename": "000013986197771462",
  "Camera": [
    7.074285984039307,
    -7.002172470092773,
    5.00510835647583
  ],
  "objects": [
    {
      "rotation": 0.0,
      "size": 1.0,
      "material": "MyMetal",
      "pixel_coords": [
        35,
        62,
        9.171418190002441
      ],
      "shape": "Suzanne",
      "color": [
        0.0,
        1.0,
        1.0,
        1.0
      ],
      "3d_coords": [
        -0.10525432229042053,
        -2.52573561668396,
        1.0
      ]
    },
    {
      "rotation": 0.0,
      "size": 2.0,
      "material": "Rubber",
      "pixel_coords": [
        70,
        31,
        12.755026817321777
      ],
      "shape": "Sphere",
      "color": [
        0.0,
        1.0,
        0.0,
        1.0
      ],
      "3d_coords": [
        -1.6168447732925415,
        2.3638172149658203,
        2.0
      ]
    }
  ]
}