{
  "Camera": [
    7.022396087646484,
    -6.979847431182861,
    5.656309604644775
  ],
  "Lamp_Key": [
    6.421682834625244,
    -2.090118885040283,
    4.282134532928467
  ],
  "objects": [
    {
      "pixel_coords": [
        90,
        47,
        11.949087142944336
      ],
      "shape": "SmoothCube_v2",
      "rotation": 0.0,
      "3d_coords": [
        0.7242787480354309,
        2.4313716888427734,
        1.0
      ],
      "material": "Rubber",
      "color": [
        1.0,
        0.0,
        0.0,
        1.0
      ],
      "size": 1.0
    },
    {
      "pixel_coords": [
        45,
        51,
        8.820486068725586
      ],
      "shape": "Sphere",
      "rotation": 0.0,
      "3d_coords": [
        0.44476205110549927,
        -2.1506333351135254,
        2.0
      ],
      "material": "MyMetal",
      "color": [
        1.0,
        1.0,
        0.0,
        1.0
      ],
      "size": 2.0
    }
  ],
  "Lamp_Fill": [
    -4.327552795410156,
    -3.710275173187256,
    2.8695647716522217
  ],
  "image_filename": "000008434564206617",
  "Lamp_Back": [
    -0.42300325632095337,
    3.6412582397460938,
    5.87726354598999
  ]
}