{
  "image_filename": "000001908710149834",
  "Lamp_Fill": [
    -4.050045967102051,
    -3.1711180210113525,
    3.69254994392395
  ],
  "objects": [
    {
      "pixel_coords": [
        98,
        47,
        9.619004249572754
      ],
      "material": "MyMetal",
      "rotation": 0.0,
      "color": [
        1.0,
        0.0,
        0.0,
        1.0
      ],
      "shape": "SmoothCylinder",
      "3d_coords": [
        1.792298674583435,
        1.4956810474395752,
        1.5
      ],
      "size": 1.5
    },
    {
      "pixel_coords": [
        37,
        55,
        8.395401954650879
      ],
      "material": "MyMetal",
      "rotation": 0.0,
      "color": [
        0.0,
        0.0,
        1.0,
        1.0
      ],
      "shape": "SmoothCube_v2",
      "3d_coords": [
        0.19390682876110077,
        -2.333488941192627,
        1.5
      ],
      "size": 1.5
    }
  ],
  "Lamp_Key": [
    6.936452865600586,
    -3.274446487426758,
    3.6609416007995605
  ],
  "Camera": [
    6.997277736663818,
    -6.30790376663208,
    4.857886791229248
  ],
  "Lamp_Back": [
    -1.8392057418823242,
    2.422666311264038,
    6.678729057312012
  ]
}