{
  "image_filename": "000012945192550576",
  "objects": [
    {
      "shape": "Torus",
      "size": 1.5,
      "material": "data/materials/PoliigonWoodFlooring061.blend",
      "3d_coords": [
        -0.14040391147136688,
        2.5339748859405518,
        1.5
      ],
      "rotation": 0.0,
      "pixel_coords": [
        86,
        38,
        11.704471588134766
      ]
    },
    {
      "shape": "Cylinder",
      "size": 1.0,
      "material": "data/materials/PoliigonRoofTilesTerracotta004.blend",
      "3d_coords": [
        -0.9063038229942322,
        -1.2217750549316406,
        1.0
      ],
      "rotation": 0.0,
      "pixel_coords": [
        44,
        53,
        10.400911331176758
      ]
    }
  ],
  "ground_material": "data/materials/PoliigonBricksPaintedWhite001.blend",
  "Lamp_Key": [
    7.236520290374756,
    -3.111065626144409,
    5.1904120445251465
  ],
  "Lamp_Back": [
    -0.5978721976280212,
    2.0329885482788086,
    5.846817970275879
  ],
  "Lamp_Fill": [
    -5.495816707611084,
    -4.441633224487305,
    2.450377941131592
  ],
  "Camera": [
    7.114898681640625,
    -6.0524091720581055,
    5.8413567543029785
  ]
}