{
  "image_filename": "00000055",
  "objects": [
    {
      "shape": "square",
      "size": 0.325,
      "rotation": 0.0,
      "2d_coords": [
        0.6857560201537348,
        0.8161367374561073
      ],
      "color": [
        255,
        127,
        0
      ]
    },
    {
      "shape": "circle",
      "size": 0.125,
      "rotation": 0.0,
      "2d_coords": [
        0.18910868235779396,
        0.7611562521987342
      ],
      "color": [
        0,
        127,
        255
      ]
    }
  ]
}