{
  "objects": [
    {
      "3d_coords": [
        1.357399344444275,
        -1.755675196647644,
        1.5
      ],
      "size": 1.5,
      "shape": "SmoothCylinder",
      "material": "MyMetal",
      "pixel_coords": [
        56,
        61,
        8.493128776550293
      ],
      "rotation": 0.0,
      "color": [
        1.0,
        0.0,
        0.0,
        1.0
      ]
    },
    {
      "3d_coords": [
        2.65917706489563,
        0.547400176525116,
        2.0
      ],
      "size": 2.0,
      "shape": "Suzanne",
      "material": "Rubber",
      "pixel_coords": [
        98,
        50,
        8.643898010253906
      ],
      "rotation": 0.0,
      "color": [
        1.0,
        0.0,
        1.0,
        1.0
      ]
    }
  ],
  "Lamp_Back": [
    -1.9176928997039795,
    2.968515157699585,
    6.504210948944092
  ],
  "Lamp_Fill": [
    -4.616294860839844,
    -3.728196382522583,
    2.6687557697296143
  ],
  "Camera": [
    7.348800182342529,
    -6.115542888641357,
    5.682440280914307
  ],
  "image_filename": "000008562099572487",
  "Lamp_Key": [
    6.032844066619873,
    -3.8243894577026367,
    3.8026509284973145
  ]
}