{
  "image_filename": "00000047",
  "objects": [
    {
      "shape": "star_4",
      "size": 0.325,
      "rotation": 0.0,
      "2d_coords": [
        0.39736620437639,
        0.8041355508795014
      ],
      "color": [
        0,
        127,
        255
      ]
    },
    {
      "shape": "star_4",
      "size": 0.125,
      "rotation": 0.0,
      "2d_coords": [
        0.8406433614764658,
        0.4407400187399228
      ],
      "color": [
        255,
        127,
        0
      ]
    }
  ]
}