{
  "Camera": [
    7.55504846572876,
    -6.753054618835449,
    4.957991123199463
  ],
  "image_filename": "000010940041866601",
  "Lamp_Key": [
    6.182429313659668,
    -3.2357966899871826,
    3.759235382080078
  ],
  "Lamp_Back": [
    -1.398831844329834,
    2.869175910949707,
    6.546778202056885
  ],
  "Lamp_Fill": [
    -4.5762457847595215,
    -3.6298489570617676,
    2.4050421714782715
  ],
  "objects": [
    {
      "rotation": 0.0,
      "material": "MyMetal",
      "color": [
        0.0,
        1.0,
        0.0,
        1.0
      ],
      "shape": "Sphere",
      "size": 1.5,
      "3d_coords": [
        -2.5492825508117676,
        2.686694622039795,
        1.5
      ],
      "pixel_coords": [
        67,
        34,
        13.93746566772461
      ]
    },
    {
      "rotation": 0.0,
      "material": "MyMetal",
      "color": [
        0.0,
        1.0,
        0.0,
        1.0
      ],
      "shape": "Sphere",
      "size": 1.5,
      "3d_coords": [
        -2.608346939086914,
        -0.42131659388542175,
        1.5
      ],
      "pixel_coords": [
        40,
        40,
        12.116520881652832
      ]
    }
  ]
}