{
  "image_filename": "000001446638083669",
  "objects": [
    {
      "shape": "Icosahedron",
      "size": 1.0,
      "material": "data/materials/PoliigonRoofTilesTerracotta004.blend",
      "3d_coords": [
        -2.172023296356201,
        2.6793301105499268,
        1.0
      ],
      "rotation": 0.0,
      "pixel_coords": [
        68,
        39,
        13.952495574951172
      ]
    },
    {
      "shape": "NewellTeapot",
      "size": 1.0,
      "material": "data/materials/PoliigonBricksPaintedWhite001.blend",
      "3d_coords": [
        1.102036476135254,
        -1.8676406145095825,
        1.0
      ],
      "rotation": 0.0,
      "pixel_coords": [
        55,
        66,
        9.103836059570312
      ]
    }
  ],
  "ground_material": "data/materials/PoliigonFabricDenim003.blend",
  "Lamp_Key": [
    5.963025093078613,
    -2.8330883979797363,
    5.141692161560059
  ],
  "Lamp_Back": [
    -0.3219118118286133,
    3.4610626697540283,
    6.159133434295654
  ],
  "Lamp_Fill": [
    -3.7853541374206543,
    -4.672800064086914,
    3.691561222076416
  ],
  "Camera": [
    7.220014572143555,
    -6.976907253265381,
    5.437598705291748
  ]
}