{
  "image_filename": "00000032",
  "objects": [
    {
      "shape": "circle",
      "size": 0.325,
      "rotation": 0.0,
      "2d_coords": [
        0.20693744671063558,
        0.2271114435315961
      ],
      "color": [
        255,
        127,
        0
      ]
    },
    {
      "shape": "circle",
      "size": 0.225,
      "rotation": 0.0,
      "2d_coords": [
        0.28448210078374336,
        0.7784006327921238
      ],
      "color": [
        0,
        127,
        255
      ]
    }
  ]
}