{
  "objects": [
    {
      "size": 1.5,
      "pixel_coords": [
        101,
        43,
        10.811127662658691
      ],
      "color": [
        0.0,
        1.0,
        0.0,
        1.0
      ],
      "material": "MyMetal",
      "shape": "Sphere",
      "3d_coords": [
        1.3209593296051025,
        2.643908739089966,
        1.5
      ],
      "rotation": 0.0
    },
    {
      "size": 2.0,
      "pixel_coords": [
        44,
        49,
        8.682310104370117
      ],
      "color": [
        1.0,
        1.0,
        0.0,
        1.0
      ],
      "material": "MyMetal",
      "shape": "Sphere",
      "3d_coords": [
        0.3556223213672638,
        -1.8970354795455933,
        2.0
      ],
      "rotation": 0.0
    }
  ],
  "Lamp_Key": [
    6.874349117279053,
    -2.5863258838653564,
    4.343550682067871
  ],
  "Lamp_Back": [
    -0.8542777299880981,
    2.7716925144195557,
    5.51936149597168
  ],
  "Lamp_Fill": [
    -5.555034637451172,
    -4.584892272949219,
    3.090524196624756
  ],
  "image_filename": "000002773837924157",
  "Camera": [
    7.126134395599365,
    -6.034765243530273,
    5.836569786071777
  ]
}