{
  "image_filename": "000008235986322747",
  "objects": [
    {
      "shape": "Torus",
      "size": 1.5,
      "material": "data/materials/PoliigonWoodFlooring061.blend",
      "3d_coords": [
        -2.8717565536499023,
        -2.481720209121704,
        1.5
      ],
      "rotation": 0.0,
      "pixel_coords": [
        16,
        43,
        11.01366138458252
      ]
    },
    {
      "shape": "Cylinder",
      "size": 2.0,
      "material": "data/materials/PoliigonChainmailCopperRoundedThin001.blend",
      "3d_coords": [
        2.9759206771850586,
        2.198779821395874,
        2.0
      ],
      "rotation": 0.0,
      "pixel_coords": [
        117,
        44,
        9.413585662841797
      ]
    }
  ],
  "ground_material": "data/materials/PoliigonRoofTilesTerracotta004.blend",
  "Lamp_Key": [
    6.088383674621582,
    -2.434781074523926,
    4.9392852783203125
  ],
  "Lamp_Back": [
    -0.6893759965896606,
    2.647308111190796,
    5.614747047424316
  ],
  "Lamp_Fill": [
    -5.0345964431762695,
    -3.350461721420288,
    3.4589314460754395
  ],
  "Camera": [
    7.565140247344971,
    -6.208140850067139,
    5.388027667999268
  ]
}