{
  "Lamp_Back": [
    -0.1714453250169754,
    2.8284738063812256,
    5.733065605163574
  ],
  "objects": [
    {
      "shape": "Sphere",
      "material": "MyMetal",
      "size": 2.0,
      "color": [
        0.0,
        1.0,
        0.0,
        1.0
      ],
      "pixel_coords": [
        111,
        46,
        10.024436950683594
      ],
      "rotation": 0.0,
      "3d_coords": [
        2.8988242149353027,
        1.9416348934173584,
        2.0
      ]
    },
    {
      "shape": "Sphere",
      "material": "MyMetal",
      "size": 1.5,
      "color": [
        0.0,
        0.0,
        1.0,
        1.0
      ],
      "pixel_coords": [
        39,
        40,
        12.598227500915527
      ],
      "rotation": 0.0,
      "3d_coords": [
        -2.8490865230560303,
        -0.48391059041023254,
        1.5
      ]
    }
  ],
  "Lamp_Key": [
    5.798770427703857,
    -2.383906841278076,
    4.012478828430176
  ],
  "Lamp_Fill": [
    -3.9904348850250244,
    -3.6292593479156494,
    3.3924684524536133
  ],
  "Camera": [
    7.65171480178833,
    -6.83915376663208,
    5.737215995788574
  ],
  "image_filename": "000001110362350274"
}