{
  "Camera": [
    7.088101863861084,
    -6.839614391326904,
    5.667917251586914
  ],
  "image_filename": "000000306549276923",
  "Lamp_Fill": [
    -3.8276679515838623,
    -3.8419272899627686,
    3.605316162109375
  ],
  "Lamp_Key": [
    5.772430419921875,
    -3.7769362926483154,
    4.763409614562988
  ],
  "objects": [
    {
      "shape": "Suzanne",
      "material": "MyMetal",
      "color": [
        0.0,
        1.0,
        1.0,
        1.0
      ],
      "rotation": 0.0,
      "size": 1.0,
      "pixel_coords": [
        97,
        55,
        10.559065818786621
      ],
      "3d_coords": [
        1.9916651248931885,
        1.5548244714736938,
        1.0
      ]
    },
    {
      "shape": "Sphere",
      "material": "MyMetal",
      "color": [
        0.0,
        1.0,
        0.0,
        1.0
      ],
      "rotation": 0.0,
      "size": 1.5,
      "pixel_coords": [
        26,
        43,
        11.311761856079102
      ],
      "3d_coords": [
        -2.7070705890655518,
        -1.6496418714523315,
        1.5
      ]
    }
  ],
  "Lamp_Back": [
    -1.0697318315505981,
    2.951157569885254,
    6.657503128051758
  ]
}