{
  "image_filename": "000007450729074121",
  "objects": [
    {
      "shape": "Torus",
      "size": 1.0,
      "material": "data/materials/PoliigonMetalSpottyDiscoloration001.blend",
      "3d_coords": [
        1.2619105577468872,
        -2.6186482906341553,
        1.0
      ],
      "rotation": 0.0,
      "pixel_coords": [
        44,
        71,
        8.450939178466797
      ]
    },
    {
      "shape": "Torus",
      "size": 1.5,
      "material": "data/materials/PoliigonBricksPaintedWhite001.blend",
      "3d_coords": [
        -1.7781412601470947,
        -0.9188790321350098,
        1.5
      ],
      "rotation": 0.0,
      "pixel_coords": [
        41,
        43,
        11.18887996673584
      ]
    }
  ],
  "ground_material": "data/materials/PoliigonBricksFlemishRed001.blend",
  "Lamp_Key": [
    6.6952009201049805,
    -3.01052188873291,
    3.9618306159973145
  ],
  "Lamp_Back": [
    -0.5840520858764648,
    3.0471527576446533,
    5.349853038787842
  ],
  "Lamp_Fill": [
    -4.213089942932129,
    -4.192505359649658,
    3.7375595569610596
  ],
  "Camera": [
    7.502798557281494,
    -6.328275680541992,
    5.505683422088623
  ]
}