{
  "Lamp_Key": [
    6.23158597946167,
    -2.2959697246551514,
    4.2914252281188965
  ],
  "Lamp_Back": [
    -0.24280428886413574,
    1.8123358488082886,
    4.817750930786133
  ],
  "image_filename": "000011545118466305",
  "Lamp_Fill": [
    -4.270384788513184,
    -4.620817184448242,
    3.6606838703155518
  ],
  "Camera": [
    7.064998626708984,
    -6.203579902648926,
    5.1764750480651855
  ],
  "objects": [
    {
      "rotation": 0.0,
      "size": 2.0,
      "material": "MyMetal",
      "3d_coords": [
        -2.8597700595855713,
        0.09092305600643158,
        2.0
      ],
      "shape": "SmoothCube_v2",
      "color": [
        1.0,
        1.0,
        0.0,
        1.0
      ],
      "pixel_coords": [
        42,
        30,
        11.703287124633789
      ]
    },
    {
      "rotation": 0.0,
      "size": 2.0,
      "material": "Rubber",
      "3d_coords": [
        2.0950863361358643,
        1.064945936203003,
        2.0
      ],
      "shape": "SmoothCube_v2",
      "color": [
        0.0,
        1.0,
        0.0,
        1.0
      ],
      "pixel_coords": [
        98,
        43,
        9.004695892333984
      ]
    }
  ]
}