{
  "Lamp_Key": [
    6.187833786010742,
    -3.559267282485962,
    3.9278249740600586
  ],
  "Lamp_Back": [
    -1.2148772478103638,
    2.7390363216400146,
    6.126635551452637
  ],
  "objects": [
    {
      "size": 1.0,
      "shape": "SmoothCube_v2",
      "material": "MyMetal",
      "rotation": 0.0,
      "3d_coords": [
        -0.9680149555206299,
        -0.21653397381305695,
        1.0
      ],
      "color": [
        1.0,
        1.0,
        0.0,
        1.0
      ],
      "pixel_coords": [
        54,
        50,
        11.17357063293457
      ]
    },
    {
      "size": 1.5,
      "shape": "SmoothCylinder",
      "material": "MyMetal",
      "rotation": 0.0,
      "3d_coords": [
        1.84910249710083,
        1.92489492893219,
        1.5
      ],
      "color": [
        0.0,
        1.0,
        1.0,
        1.0
      ],
      "pixel_coords": [
        100,
        46,
        10.407336235046387
      ]
    }
  ],
  "Lamp_Fill": [
    -4.516416072845459,
    -5.000702857971191,
    2.6954565048217773
  ],
  "image_filename": "000008343827034971",
  "Camera": [
    7.270411968231201,
    -6.756892681121826,
    5.022706985473633
  ]
}