{
  "image_filename": "000010790340274526",
  "objects": [
    {
      "shape": "Cone",
      "size": 1.0,
      "material": "data/materials/PoliigonBricksFlemishRed001.blend",
      "3d_coords": [
        1.7768580913543701,
        0.2668581008911133,
        1.0
      ],
      "rotation": 0.0,
      "pixel_coords": [
        83,
        60,
        9.888261795043945
      ]
    },
    {
      "shape": "Icosahedron",
      "size": 1.5,
      "material": "data/materials/PoliigonFabricFleece001.blend",
      "3d_coords": [
        -1.6859115362167358,
        1.938591480255127,
        1.5
      ],
      "rotation": 0.0,
      "pixel_coords": [
        68,
        36,
        12.87539291381836
      ]
    }
  ],
  "ground_material": "data/materials/PoliigonRoofTilesTerracotta004.blend",
  "Lamp_Key": [
    5.997383117675781,
    -2.276750326156616,
    4.220581531524658
  ],
  "Lamp_Back": [
    -2.131183624267578,
    3.2228915691375732,
    6.468656539916992
  ],
  "Lamp_Fill": [
    -3.8081867694854736,
    -3.9219653606414795,
    3.7050678730010986
  ],
  "Camera": [
    7.569421291351318,
    -6.403347492218018,
    5.651673793792725
  ]
}