{
  "Lamp_Back": [
    -0.7442134022712708,
    3.4666354656219482,
    5.840119361877441
  ],
  "Lamp_Key": [
    6.673410892486572,
    -2.6042239665985107,
    4.1789231300354
  ],
  "image_filename": "000002603360338181",
  "objects": [
    {
      "shape": "Suzanne",
      "pixel_coords": [
        77,
        37,
        13.204520225524902
      ],
      "size": 1.5,
      "color": [
        1.0,
        0.0,
        1.0,
        1.0
      ],
      "material": "Rubber",
      "3d_coords": [
        -1.3079094886779785,
        2.5632271766662598,
        1.5
      ],
      "rotation": 0.0
    },
    {
      "shape": "Suzanne",
      "pixel_coords": [
        32,
        49,
        11.810855865478516
      ],
      "size": 1.0,
      "color": [
        0.0,
        1.0,
        1.0,
        1.0
      ],
      "material": "MyMetal",
      "3d_coords": [
        -2.2794759273529053,
        -1.6354992389678955,
        1.0
      ],
      "rotation": 0.0
    }
  ],
  "Lamp_Fill": [
    -5.581168174743652,
    -3.096611738204956,
    2.7175233364105225
  ],
  "Camera": [
    7.957916736602783,
    -6.367570877075195,
    5.597501754760742
  ]
}