{
  "Camera": [
    7.256219863891602,
    -6.180447101593018,
    5.587474822998047
  ],
  "image_filename": "000004568772351148",
  "Lamp_Key": [
    6.643261909484863,
    -3.8388564586639404,
    4.927674770355225
  ],
  "Lamp_Back": [
    -1.568379521369934,
    1.7458319664001465,
    4.9930267333984375
  ],
  "Lamp_Fill": [
    -4.4367594718933105,
    -3.901996612548828,
    2.9555046558380127
  ],
  "objects": [
    {
      "pixel_coords": [
        95,
        45,
        11.778931617736816
      ],
      "rotation": 0.0,
      "color": [
        1.0,
        0.0,
        0.0,
        1.0
      ],
      "size": 1.0,
      "3d_coords": [
        0.6110040545463562,
        2.927086591720581,
        1.0
      ],
      "material": "Rubber",
      "shape": "SmoothCube_v2"
    },
    {
      "pixel_coords": [
        41,
        31,
        11.811807632446289
      ],
      "rotation": 0.0,
      "color": [
        1.0,
        1.0,
        0.0,
        1.0
      ],
      "size": 2.0,
      "3d_coords": [
        -2.8145642280578613,
        -0.1319112777709961,
        2.0
      ],
      "material": "MyMetal",
      "shape": "Sphere"
    }
  ]
}