{
  "image_filename": "000009911102267442",
  "objects": [
    {
      "shape": "Cone",
      "size": 1.0,
      "material": "data/materials/PoliigonBricksFlemishRed001.blend",
      "3d_coords": [
        -2.2012927532196045,
        2.065974473953247,
        1.0
      ],
      "rotation": 0.0,
      "pixel_coords": [
        64,
        41,
        13.827167510986328
      ]
    },
    {
      "shape": "Cylinder",
      "size": 1.0,
      "material": "data/materials/PoliigonRoofTilesTerracotta004.blend",
      "3d_coords": [
        2.6114604473114014,
        1.168082356452942,
        1.0
      ],
      "rotation": 0.0,
      "pixel_coords": [
        100,
        59,
        10.102156639099121
      ]
    }
  ],
  "ground_material": "data/materials/PoliigonMetalSpottyDiscoloration001.blend",
  "Lamp_Key": [
    5.692760467529297,
    -3.128821611404419,
    4.170700550079346
  ],
  "Lamp_Back": [
    -0.693123996257782,
    2.4631223678588867,
    5.838225364685059
  ],
  "Lamp_Fill": [
    -4.3783369064331055,
    -4.518914699554443,
    3.5252819061279297
  ],
  "Camera": [
    7.643695831298828,
    -7.003610610961914,
    5.123227119445801
  ]
}