{
  "objects": [
    {
      "size": 1.5,
      "rotation": 0.0,
      "shape": "Sphere",
      "color": [
        0.0,
        1.0,
        0.0,
        1.0
      ],
      "pixel_coords": [
        36,
        49,
        9.993773460388184
      ],
      "3d_coords": [
        -0.9709388613700867,
        -1.8091140985488892,
        1.5
      ],
      "material": "MyMetal"
    },
    {
      "size": 1.5,
      "rotation": 0.0,
      "shape": "SmoothCube_v2",
      "color": [
        1.0,
        0.0,
        1.0,
        1.0
      ],
      "pixel_coords": [
        75,
        63,
        7.977900505065918
      ],
      "3d_coords": [
        2.439389705657959,
        -1.5338531732559204,
        1.5
      ],
      "material": "Rubber"
    }
  ],
  "image_filename": "000000195007435310",
  "Lamp_Back": [
    -1.9020042419433594,
    2.307096242904663,
    5.2127885818481445
  ],
  "Camera": [
    7.1646647453308105,
    -6.968013763427734,
    4.986689567565918
  ],
  "Lamp_Key": [
    6.596612453460693,
    -2.039362907409668,
    5.232711315155029
  ],
  "Lamp_Fill": [
    -5.320416450500488,
    -3.688005208969116,
    3.685382127761841
  ]
}