{
  "Lamp_Key": [
    7.2960991859436035,
    -3.1098124980926514,
    4.576018333435059
  ],
  "Lamp_Fill": [
    -5.312521457672119,
    -3.5447726249694824,
    3.9894399642944336
  ],
  "objects": [
    {
      "size": 2.0,
      "color": [
        0.0,
        0.0,
        1.0,
        1.0
      ],
      "material": "Rubber",
      "shape": "Sphere",
      "3d_coords": [
        2.984351873397827,
        2.8942947387695312,
        2.0
      ],
      "pixel_coords": [
        125,
        42,
        9.531519889831543
      ],
      "rotation": 0.0
    },
    {
      "size": 2.0,
      "color": [
        1.0,
        0.0,
        0.0,
        1.0
      ],
      "material": "Rubber",
      "shape": "Sphere",
      "3d_coords": [
        0.5234885811805725,
        -2.07474422454834,
        2.0
      ],
      "pixel_coords": [
        43,
        47,
        8.513477325439453
      ],
      "rotation": 0.0
    }
  ],
  "image_filename": "000014214826690935",
  "Camera": [
    7.638221740722656,
    -6.023222923278809,
    4.996796607971191
  ],
  "Lamp_Back": [
    -1.2814583778381348,
    1.8742362260818481,
    6.74776029586792
  ]
}