{
  "Lamp_Key": [
    5.594196796417236,
    -3.7437245845794678,
    4.143240928649902
  ],
  "Lamp_Back": [
    -2.0814788341522217,
    3.5528342723846436,
    5.069716930389404
  ],
  "objects": [
    {
      "material": "MyMetal",
      "color": [
        0.0,
        0.0,
        1.0,
        1.0
      ],
      "3d_coords": [
        -1.0696765184402466,
        2.4994747638702393,
        2.0
      ],
      "rotation": 0.0,
      "pixel_coords": [
        76,
        31,
        12.516395568847656
      ],
      "shape": "SmoothCube_v2",
      "size": 2.0
    },
    {
      "material": "MyMetal",
      "color": [
        1.0,
        1.0,
        0.0,
        1.0
      ],
      "3d_coords": [
        2.608823537826538,
        -1.428097128868103,
        1.0
      ],
      "rotation": 0.0,
      "pixel_coords": [
        76,
        73,
        8.32187271118164
      ],
      "shape": "Suzanne",
      "size": 1.0
    }
  ],
  "image_filename": "000009127647030703",
  "Lamp_Fill": [
    -4.537985801696777,
    -4.867031574249268,
    2.6035544872283936
  ],
  "Camera": [
    7.2244648933410645,
    -6.7379021644592285,
    5.536916732788086
  ]
}