{
  "objects": [
    {
      "rotation": 0.0,
      "color": [
        1.0,
        1.0,
        0.0,
        1.0
      ],
      "shape": "Suzanne",
      "material": "Rubber",
      "pixel_coords": [
        67,
        55,
        10.197839736938477
      ],
      "3d_coords": [
        0.44745638966560364,
        -0.1387375295162201,
        1.0
      ],
      "size": 1.0
    },
    {
      "rotation": 0.0,
      "color": [
        1.0,
        0.0,
        1.0,
        1.0
      ],
      "shape": "SmoothCylinder",
      "material": "MyMetal",
      "pixel_coords": [
        55,
        36,
        12.457449913024902
      ],
      "3d_coords": [
        -2.3248887062072754,
        1.0559495687484741,
        1.5
      ],
      "size": 1.5
    }
  ],
  "image_filename": "000000889068868994",
  "Lamp_Key": [
    5.923312187194824,
    -3.8504135608673096,
    3.728705406188965
  ],
  "Lamp_Fill": [
    -3.881260871887207,
    -3.195432186126709,
    2.177086114883423
  ],
  "Camera": [
    7.119800090789795,
    -6.586897850036621,
    5.288853168487549
  ],
  "Lamp_Back": [
    -1.3489532470703125,
    2.162527561187744,
    5.783819675445557
  ]
}