{
  "image_filename": "000009377990279306",
  "objects": [
    {
      "shape": "Torus",
      "size": 1.0,
      "material": "data/materials/PoliigonChainmailCopperRoundedThin001.blend",
      "3d_coords": [
        2.9543697834014893,
        2.9809987545013428,
        1.0
      ],
      "rotation": 0.0,
      "pixel_coords": [
        118,
        54,
        10.916438102722168
      ]
    },
    {
      "shape": "Icosahedron",
      "size": 2.0,
      "material": "data/materials/PoliigonWoodFlooring061.blend",
      "3d_coords": [
        2.274010181427002,
        -1.4669302701950073,
        2.0
      ],
      "rotation": 0.0,
      "pixel_coords": [
        72,
        57,
        8.24646282196045
      ]
    }
  ],
  "ground_material": "data/materials/PoliigonBricksPaintedWhite001.blend",
  "Lamp_Key": [
    6.073123455047607,
    -2.597534418106079,
    4.602230072021484
  ],
  "Lamp_Back": [
    -1.8944802284240723,
    2.875187873840332,
    5.661636829376221
  ],
  "Lamp_Fill": [
    -3.893033027648926,
    -3.7902884483337402,
    2.4925642013549805
  ],
  "Camera": [
    7.3698883056640625,
    -6.763226509094238,
    5.788162708282471
  ]
}