{
  "Lamp_Fill": [
    -3.907641887664795,
    -3.4396770000457764,
    3.443784475326538
  ],
  "Lamp_Key": [
    7.33811616897583,
    -1.9548118114471436,
    4.712247848510742
  ],
  "objects": [
    {
      "pixel_coords": [
        104,
        49,
        10.700479507446289
      ],
      "rotation": 0.0,
      "3d_coords": [
        1.6111453771591187,
        2.626344919204712,
        1.0
      ],
      "material": "Rubber",
      "color": [
        1.0,
        0.0,
        0.0,
        1.0
      ],
      "size": 1.0,
      "shape": "Sphere"
    },
    {
      "pixel_coords": [
        80,
        42,
        12.15369701385498
      ],
      "rotation": 0.0,
      "3d_coords": [
        -0.7314042448997498,
        2.4574122428894043,
        1.0
      ],
      "material": "MyMetal",
      "color": [
        1.0,
        0.0,
        1.0,
        1.0
      ],
      "size": 1.0,
      "shape": "Sphere"
    }
  ],
  "Lamp_Back": [
    -1.8288931846618652,
    3.343067169189453,
    6.569982051849365
  ],
  "image_filename": "000006860127087718",
  "Camera": [
    7.103165149688721,
    -6.189992904663086,
    5.135547161102295
  ]
}