{
  "image_filename": "000011043394395934",
  "objects": [
    {
      "shape": "Suzanne",
      "size": 2.0,
      "material": "data/materials/PoliigonMetalSpottyDiscoloration001.blend",
      "3d_coords": [
        1.162355661392212,
        2.5234923362731934,
        2.0
      ],
      "rotation": 0.0,
      "pixel_coords": [
        99,
        36,
        10.583165168762207
      ]
    },
    {
      "shape": "Torus",
      "size": 1.5,
      "material": "data/materials/PoliigonBricksFlemishRed001.blend",
      "3d_coords": [
        -0.6183465719223022,
        -1.3842272758483887,
        1.5
      ],
      "rotation": 0.0,
      "pixel_coords": [
        43,
        49,
        9.81507396697998
      ]
    }
  ],
  "ground_material": "data/materials/PoliigonFabricFleece001.blend",
  "Lamp_Key": [
    7.2631120681762695,
    -3.3433661460876465,
    3.449954032897949
  ],
  "Lamp_Back": [
    -1.407616376876831,
    2.544074296951294,
    6.144252777099609
  ],
  "Lamp_Fill": [
    -4.42783260345459,
    -4.992108345031738,
    2.2751927375793457
  ],
  "Camera": [
    7.086114406585693,
    -6.11686897277832,
    5.7183966636657715
  ]
}