{
  "objects": [
    {
      "3d_coords": [
        -0.905823290348053,
        -2.1840786933898926,
        1.5
      ],
      "material": "Rubber",
      "size": 1.5,
      "pixel_coords": [
        33,
        50,
        9.918286323547363
      ],
      "rotation": 0.0,
      "shape": "Sphere",
      "color": [
        1.0,
        0.0,
        1.0,
        1.0
      ]
    },
    {
      "3d_coords": [
        0.5566335916519165,
        1.2391915321350098,
        1.5
      ],
      "material": "Rubber",
      "size": 1.5,
      "pixel_coords": [
        80,
        44,
        11.074488639831543
      ],
      "rotation": 0.0,
      "shape": "Sphere",
      "color": [
        0.0,
        1.0,
        1.0,
        1.0
      ]
    }
  ],
  "Lamp_Fill": [
    -4.929582118988037,
    -3.880352735519409,
    3.4894866943359375
  ],
  "image_filename": "000014743106717129",
  "Lamp_Back": [
    -0.3054252862930298,
    2.5568482875823975,
    6.375062465667725
  ],
  "Lamp_Key": [
    6.550233840942383,
    -3.479114294052124,
    3.7895240783691406
  ],
  "Camera": [
    7.428086757659912,
    -6.997969150543213,
    4.907327175140381
  ]
}