{
  "objects": [
    {
      "material": "Rubber",
      "shape": "Sphere",
      "3d_coords": [
        1.1123836040496826,
        -0.37856191396713257,
        1.5
      ],
      "pixel_coords": [
        71,
        53,
        9.099947929382324
      ],
      "rotation": 0.0,
      "size": 1.5,
      "color": [
        1.0,
        1.0,
        0.0,
        1.0
      ]
    },
    {
      "material": "Rubber",
      "shape": "SmoothCube_v2",
      "3d_coords": [
        0.6444146037101746,
        2.180675745010376,
        1.5
      ],
      "pixel_coords": [
        91,
        41,
        10.833783149719238
      ],
      "rotation": 0.0,
      "size": 1.5,
      "color": [
        0.0,
        1.0,
        0.0,
        1.0
      ]
    }
  ],
  "image_filename": "000003825795802977",
  "Lamp_Back": [
    -1.8397959470748901,
    3.474858283996582,
    5.347811222076416
  ],
  "Lamp_Fill": [
    -4.198859214782715,
    -4.470681190490723,
    3.3957297801971436
  ],
  "Camera": [
    7.078303337097168,
    -6.025450229644775,
    5.50689172744751
  ],
  "Lamp_Key": [
    5.483063697814941,
    -3.6540536880493164,
    3.705482006072998
  ]
}