{
  "Lamp_Back": [
    -1.3676234483718872,
    3.5629727840423584,
    5.868694305419922
  ],
  "image_filename": "000011802002963612",
  "Lamp_Key": [
    6.60587739944458,
    -2.941979169845581,
    5.206573486328125
  ],
  "Camera": [
    7.585351943969727,
    -6.232436180114746,
    5.018309116363525
  ],
  "Lamp_Fill": [
    -4.191738128662109,
    -4.893775939941406,
    2.2098186016082764
  ],
  "objects": [
    {
      "color": [
        1.0,
        1.0,
        0.0,
        1.0
      ],
      "pixel_coords": [
        67,
        61,
        6.913046360015869
      ],
      "rotation": 0.0,
      "size": 2.0,
      "material": "MyMetal",
      "shape": "Sphere",
      "3d_coords": [
        2.882608413696289,
        -2.1566882133483887,
        2.0
      ]
    },
    {
      "color": [
        1.0,
        1.0,
        0.0,
        1.0
      ],
      "pixel_coords": [
        89,
        37,
        10.55954360961914
      ],
      "rotation": 0.0,
      "size": 2.0,
      "material": "MyMetal",
      "shape": "Sphere",
      "3d_coords": [
        0.8261616230010986,
        1.7913686037063599,
        2.0
      ]
    }
  ]
}