{
  "image_filename": "000007747961450075",
  "objects": [
    {
      "shape": "Cube",
      "size": 1.5,
      "material": "data/materials/PoliigonFabricFleece001.blend",
      "3d_coords": [
        -0.6425819396972656,
        1.0340194702148438,
        1.5
      ],
      "rotation": 0.0,
      "pixel_coords": [
        68,
        40,
        11.134407997131348
      ]
    },
    {
      "shape": "Cube",
      "size": 1.0,
      "material": "data/materials/PoliigonMetalSpottyDiscoloration001.blend",
      "3d_coords": [
        2.0377233028411865,
        0.09546266496181488,
        1.0
      ],
      "rotation": 0.0,
      "pixel_coords": [
        86,
        62,
        9.119752883911133
      ]
    }
  ],
  "ground_material": "data/materials/PoliigonBricksFlemishRed001.blend",
  "Lamp_Key": [
    7.242229461669922,
    -3.8662109375,
    3.7789719104766846
  ],
  "Lamp_Back": [
    -0.6751612424850464,
    2.7516512870788574,
    5.7220330238342285
  ],
  "Lamp_Fill": [
    -4.866445541381836,
    -3.2180047035217285,
    2.460035562515259
  ],
  "Camera": [
    7.013491153717041,
    -6.254505634307861,
    5.488185405731201
  ]
}