{
  "Lamp_Fill": [
    -4.388350009918213,
    -4.81938362121582,
    3.1333775520324707
  ],
  "Camera": [
    7.551633358001709,
    -6.9135332107543945,
    5.420567989349365
  ],
  "image_filename": "000004114459266028",
  "Lamp_Key": [
    6.143083572387695,
    -2.113006591796875,
    4.565147399902344
  ],
  "Lamp_Back": [
    -1.7156366109848022,
    3.089296340942383,
    5.236305236816406
  ],
  "objects": [
    {
      "shape": "Suzanne",
      "color": [
        1.0,
        0.0,
        1.0,
        1.0
      ],
      "rotation": 0.0,
      "size": 1.0,
      "3d_coords": [
        -2.9544639587402344,
        -2.51167893409729,
        1.0
      ],
      "material": "Rubber",
      "pixel_coords": [
        17,
        51,
        11.54383373260498
      ]
    },
    {
      "shape": "SmoothCylinder",
      "color": [
        0.0,
        1.0,
        0.0,
        1.0
      ],
      "rotation": 0.0,
      "size": 1.5,
      "3d_coords": [
        -0.7485284805297852,
        -0.9535274505615234,
        1.5
      ],
      "material": "MyMetal",
      "pixel_coords": [
        48,
        47,
        10.801793098449707
      ]
    }
  ]
}