{
  "image_filename": "00000019",
  "objects": [
    {
      "shape": "square",
      "size": 0.225,
      "rotation": 0.0,
      "2d_coords": [
        0.3014592035886914,
        0.8324959285876042
      ],
      "color": [
        0,
        255,
        0
      ]
    },
    {
      "shape": "star_4",
      "size": 0.225,
      "rotation": 0.0,
      "2d_coords": [
        0.8619297178593288,
        0.7453461216289611
      ],
      "color": [
        0,
        255,
        0
      ]
    }
  ]
}