{
  "Camera": [
    7.707969665527344,
    -6.289295673370361,
    4.861518383026123
  ],
  "Lamp_Back": [
    -1.7144018411636353,
    2.819770336151123,
    5.067420482635498
  ],
  "Lamp_Fill": [
    -3.8253262042999268,
    -4.3256449699401855,
    3.007643461227417
  ],
  "objects": [
    {
      "shape": "SmoothCube_v2",
      "material": "Rubber",
      "3d_coords": [
        -2.978555202484131,
        -1.7283744812011719,
        1.0
      ],
      "rotation": 0.0,
      "size": 1.0,
      "color": [
        0.0,
        1.0,
        1.0,
        1.0
      ],
      "pixel_coords": [
        26,
        47,
        11.725273132324219
      ]
    },
    {
      "shape": "SmoothCube_v2",
      "material": "MyMetal",
      "3d_coords": [
        0.785646915435791,
        -0.15482482314109802,
        1.0
      ],
      "rotation": 0.0,
      "size": 1.0,
      "color": [
        1.0,
        0.0,
        1.0,
        1.0
      ],
      "pixel_coords": [
        69,
        56,
        9.998682975769043
      ]
    }
  ],
  "image_filename": "000012047967406919",
  "Lamp_Key": [
    5.471344947814941,
    -2.580127239227295,
    4.324465751647949
  ]
}