{
  "Camera": [
    7.425780773162842,
    -6.376951217651367,
    4.921994686126709
  ],
  "Lamp_Back": [
    -2.056312322616577,
    3.4862637519836426,
    6.389540195465088
  ],
  "image_filename": "000015365054135015",
  "objects": [
    {
      "rotation": 0.0,
      "3d_coords": [
        2.621854066848755,
        -2.6268622875213623,
        1.5
      ],
      "color": [
        0.0,
        0.0,
        1.0,
        1.0
      ],
      "shape": "Suzanne",
      "material": "Rubber",
      "size": 1.5,
      "pixel_coords": [
        58,
        70,
        6.97609806060791
      ]
    },
    {
      "rotation": 0.0,
      "3d_coords": [
        -0.5360632538795471,
        0.21306031942367554,
        1.5
      ],
      "color": [
        0.0,
        0.0,
        1.0,
        1.0
      ],
      "shape": "Suzanne",
      "material": "Rubber",
      "size": 1.5,
      "pixel_coords": [
        62,
        43,
        10.769460678100586
      ]
    }
  ],
  "Lamp_Fill": [
    -5.408947944641113,
    -4.958469390869141,
    2.1140122413635254
  ],
  "Lamp_Key": [
    7.251072406768799,
    -3.3745360374450684,
    5.15924072265625
  ]
}