{
  "image_filename": "000003321857208097",
  "objects": [
    {
      "shape": "Suzanne",
      "size": 1.5,
      "material": "data/materials/PoliigonRoofTilesTerracotta004.blend",
      "3d_coords": [
        -2.330728054046631,
        -2.826910972595215,
        1.5
      ],
      "rotation": 0.0,
      "pixel_coords": [
        17,
        48,
        10.989032745361328
      ]
    },
    {
      "shape": "Suzanne",
      "size": 1.0,
      "material": "data/materials/PoliigonFabricFleece001.blend",
      "3d_coords": [
        0.23371127247810364,
        2.822638750076294,
        1.0
      ],
      "rotation": 0.0,
      "pixel_coords": [
        89,
        45,
        12.789326667785645
      ]
    }
  ],
  "ground_material": "data/materials/PoliigonWoodFlooring061.blend",
  "Lamp_Key": [
    6.188908576965332,
    -2.47390079498291,
    4.967364311218262
  ],
  "Lamp_Back": [
    -1.2707706689834595,
    3.2817327976226807,
    5.196530818939209
  ],
  "Lamp_Fill": [
    -4.850625038146973,
    -4.219764709472656,
    3.451524257659912
  ],
  "Camera": [
    7.746288776397705,
    -6.767221450805664,
    5.821070194244385
  ]
}