{
  "objects": [
    {
      "size": 1.5,
      "material": "MyMetal",
      "pixel_coords": [
        30,
        46,
        10.672184944152832
      ],
      "3d_coords": [
        -1.7574982643127441,
        -1.8584269285202026,
        1.5
      ],
      "shape": "Sphere",
      "rotation": 0.0,
      "color": [
        1.0,
        0.0,
        0.0,
        1.0
      ]
    },
    {
      "size": 2.0,
      "material": "MyMetal",
      "pixel_coords": [
        93,
        40,
        10.292694091796875
      ],
      "3d_coords": [
        1.4241187572479248,
        1.6126312017440796,
        2.0
      ],
      "shape": "Sphere",
      "rotation": 0.0,
      "color": [
        1.0,
        0.0,
        0.0,
        1.0
      ]
    }
  ],
  "Camera": [
    7.644489765167236,
    -6.503518581390381,
    5.022800445556641
  ],
  "Lamp_Key": [
    6.529289245605469,
    -2.6414263248443604,
    3.8165135383605957
  ],
  "image_filename": "000001211159123882",
  "Lamp_Back": [
    -0.6800598502159119,
    2.8887813091278076,
    5.469614028930664
  ],
  "Lamp_Fill": [
    -4.077727794647217,
    -4.826761722564697,
    2.285677433013916
  ]
}