{
  "Lamp_Back": [
    -0.7143498063087463,
    3.2565479278564453,
    5.749516487121582
  ],
  "objects": [
    {
      "pixel_coords": [
        89,
        53,
        9.635469436645508
      ],
      "shape": "SmoothCube_v2",
      "material": "Rubber",
      "size": 1.5,
      "3d_coords": [
        2.019045114517212,
        0.6372289061546326,
        1.5
      ],
      "rotation": 0.0,
      "color": [
        0.0,
        1.0,
        0.0,
        1.0
      ]
    },
    {
      "pixel_coords": [
        61,
        34,
        12.009184837341309
      ],
      "shape": "SmoothCube_v2",
      "material": "Rubber",
      "size": 2.0,
      "3d_coords": [
        -1.5406135320663452,
        0.9043084383010864,
        2.0
      ],
      "rotation": 0.0,
      "color": [
        0.0,
        0.0,
        1.0,
        1.0
      ]
    }
  ],
  "Lamp_Fill": [
    -4.101767063140869,
    -4.547848224639893,
    3.0247788429260254
  ],
  "image_filename": "000001149164407368",
  "Lamp_Key": [
    5.487053394317627,
    -3.4244234561920166,
    3.877079486846924
  ],
  "Camera": [
    7.890636444091797,
    -6.2083024978637695,
    5.390871524810791
  ]
}