{
  "image_filename": "000012440222282457",
  "objects": [
    {
      "shape": "Sphere",
      "size": 1.0,
      "material": "data/materials/PoliigonRoofTilesTerracotta004.blend",
      "3d_coords": [
        1.2636533975601196,
        2.163691997528076,
        1.0
      ],
      "rotation": 0.0,
      "pixel_coords": [
        94,
        51,
        11.67444896697998
      ]
    },
    {
      "shape": "Cylinder",
      "size": 2.0,
      "material": "data/materials/PoliigonChainmailCopperRoundedThin001.blend",
      "3d_coords": [
        -1.3244531154632568,
        -1.5972932577133179,
        2.0
      ],
      "rotation": 0.0,
      "pixel_coords": [
        37,
        41,
        10.783772468566895
      ]
    }
  ],
  "ground_material": "data/materials/PoliigonFabricFleece001.blend",
  "Lamp_Key": [
    6.061421871185303,
    -3.6519381999969482,
    4.142043590545654
  ],
  "Lamp_Back": [
    -0.6709181070327759,
    1.9751784801483154,
    6.118070125579834
  ],
  "Lamp_Fill": [
    -5.28240966796875,
    -3.7094078063964844,
    3.771738290786743
  ],
  "Camera": [
    7.931431770324707,
    -6.834115982055664,
    5.26022481918335
  ]
}