{
  "image_filename": "00000083",
  "objects": [
    {
      "shape": "star_4",
      "size": 0.325,
      "rotation": 0.0,
      "2d_coords": [
        0.12518307613009771,
        0.6647016325471449
      ],
      "color": [
        255,
        127,
        0
      ]
    },
    {
      "shape": "triangle",
      "size": 0.325,
      "rotation": 0.0,
      "2d_coords": [
        0.8058304122552558,
        0.5181870299341833
      ],
      "color": [
        255,
        0,
        255
      ]
    }
  ]
}