{
  "Lamp_Fill": [
    -4.51445198059082,
    -4.989344120025635,
    3.386003255844116
  ],
  "Lamp_Back": [
    -1.4545146226882935,
    1.9660251140594482,
    5.958858966827393
  ],
  "image_filename": "000000108163934755",
  "Lamp_Key": [
    7.268401622772217,
    -3.6845595836639404,
    4.17971134185791
  ],
  "objects": [
    {
      "material": "MyMetal",
      "3d_coords": [
        2.156062364578247,
        -1.6771303415298462,
        2.0
      ],
      "rotation": 0.0,
      "shape": "SmoothCube_v2",
      "size": 2.0,
      "pixel_coords": [
        67,
        55,
        8.518375396728516
      ],
      "color": [
        1.0,
        0.0,
        0.0,
        1.0
      ]
    },
    {
      "material": "Rubber",
      "3d_coords": [
        -2.37857985496521,
        0.5706768035888672,
        2.0
      ],
      "rotation": 0.0,
      "shape": "SmoothCube_v2",
      "size": 2.0,
      "pixel_coords": [
        52,
        34,
        12.881576538085938
      ],
      "color": [
        1.0,
        0.0,
        0.0,
        1.0
      ]
    }
  ],
  "Camera": [
    7.940840721130371,
    -6.990040302276611,
    5.347742557525635
  ]
}