{
  "image_filename": "00000060",
  "objects": [
    {
      "shape": "circle",
      "size": 0.325,
      "rotation": 0.0,
      "2d_coords": [
        0.2168614176862123,
        0.24828551227210155
      ],
      "color": [
        255,
        127,
        0
      ]
    },
    {
      "shape": "circle",
      "size": 0.325,
      "rotation": 0.0,
      "2d_coords": [
        0.16463670248701967,
        0.8483412676502683
      ],
      "color": [
        255,
        127,
        0
      ]
    }
  ]
}