{
  "Lamp_Key": [
    7.250338077545166,
    -3.1549620628356934,
    4.6853718757629395
  ],
  "image_filename": "000009490994408632",
  "Camera": [
    7.622746467590332,
    -6.2925310134887695,
    5.841911792755127
  ],
  "Lamp_Back": [
    -1.6853342056274414,
    1.9659535884857178,
    6.322084903717041
  ],
  "Lamp_Fill": [
    -4.191689968109131,
    -3.1009905338287354,
    3.778130054473877
  ],
  "objects": [
    {
      "material": "MyMetal",
      "rotation": 0.0,
      "pixel_coords": [
        17,
        52,
        11.09013843536377
      ],
      "size": 1.0,
      "color": [
        0.0,
        1.0,
        1.0,
        1.0
      ],
      "shape": "Suzanne",
      "3d_coords": [
        -2.485544443130493,
        -2.7971127033233643,
        1.0
      ]
    },
    {
      "material": "MyMetal",
      "rotation": 0.0,
      "pixel_coords": [
        58,
        68,
        9.077682495117188
      ],
      "size": 1.0,
      "color": [
        0.0,
        1.0,
        1.0,
        1.0
      ],
      "shape": "Suzanne",
      "3d_coords": [
        1.437077283859253,
        -1.717313528060913,
        1.0
      ]
    }
  ]
}