{
  "image_filename": "00000002",
  "objects": [
    {
      "shape": "square",
      "size": 0.225,
      "rotation": 0.0,
      "2d_coords": [
        0.13938488673600127,
        0.6367487066654475
      ],
      "color": [
        0,
        127,
        255
      ]
    },
    {
      "shape": "square",
      "size": 0.125,
      "rotation": 0.0,
      "2d_coords": [
        0.6535740826563435,
        0.2393443049664568
      ],
      "color": [
        255,
        127,
        0
      ]
    }
  ]
}