{
  "image_filename": "000007153321394730",
  "objects": [
    {
      "shape": "Suzanne",
      "size": 1.5,
      "material": "data/materials/PoliigonFabricFleece001.blend",
      "3d_coords": [
        1.3121278285980225,
        2.732605218887329,
        1.5
      ],
      "rotation": 0.0,
      "pixel_coords": [
        102,
        42,
        10.814006805419922
      ]
    },
    {
      "shape": "NewellTeapot",
      "size": 1.5,
      "material": "data/materials/PoliigonWoodFlooring061.blend",
      "3d_coords": [
        -0.9685466289520264,
        0.08142482489347458,
        1.5
      ],
      "rotation": 0.0,
      "pixel_coords": [
        57,
        42,
        10.786026954650879
      ]
    }
  ],
  "ground_material": "data/materials/PoliigonWoodFlooring061.blend",
  "Lamp_Key": [
    6.9034423828125,
    -2.5445611476898193,
    4.789994239807129
  ],
  "Lamp_Back": [
    -0.33406156301498413,
    2.637756824493408,
    4.906786918640137
  ],
  "Lamp_Fill": [
    -4.012515068054199,
    -3.6390769481658936,
    3.7023823261260986
  ],
  "Camera": [
    7.2042107582092285,
    -6.311173915863037,
    4.945838451385498
  ]
}