{
  "image_filename": "000005842646563961",
  "objects": [
    {
      "shape": "Icosahedron",
      "size": 1.5,
      "material": "data/materials/PoliigonFabricFleece001.blend",
      "3d_coords": [
        -2.8863813877105713,
        -2.6863858699798584,
        1.5
      ],
      "rotation": 0.0,
      "pixel_coords": [
        12,
        45,
        10.559370040893555
      ]
    },
    {
      "shape": "Cylinder",
      "size": 2.0,
      "material": "data/materials/PoliigonChainmailCopperRoundedThin001.blend",
      "3d_coords": [
        -0.32590240240097046,
        -0.208588644862175,
        2.0
      ],
      "rotation": 0.0,
      "pixel_coords": [
        59,
        39,
        10.242532730102539
      ]
    }
  ],
  "ground_material": "data/materials/PoliigonBricksFlemishRed001.blend",
  "Lamp_Key": [
    6.010207176208496,
    -3.3441712856292725,
    4.557864189147949
  ],
  "Lamp_Back": [
    -0.6516799926757812,
    2.207643508911133,
    6.418638229370117
  ],
  "Lamp_Fill": [
    -4.664292812347412,
    -4.058514595031738,
    2.724621534347534
  ],
  "Camera": [
    7.0429253578186035,
    -6.885616302490234,
    5.077839374542236
  ]
}