{
  "image_filename": "000010175556972398",
  "objects": [
    {
      "shape": "Sphere",
      "size": 1.0,
      "material": "data/materials/PoliigonRoofTilesTerracotta004.blend",
      "3d_coords": [
        -1.0639214515686035,
        -2.8640899658203125,
        1.0
      ],
      "rotation": 0.0,
      "pixel_coords": [
        24,
        59,
        9.893693923950195
      ]
    },
    {
      "shape": "Cylinder",
      "size": 2.0,
      "material": "data/materials/PoliigonChainmailCopperRoundedThin001.blend",
      "3d_coords": [
        2.478623151779175,
        2.746116876602173,
        2.0
      ],
      "rotation": 0.0,
      "pixel_coords": [
        114,
        41,
        10.28374195098877
      ]
    }
  ],
  "ground_material": "data/materials/PoliigonChainmailCopperRoundedThin001.blend",
  "Lamp_Key": [
    7.405069828033447,
    -2.199037790298462,
    3.62550687789917
  ],
  "Lamp_Back": [
    -2.1127750873565674,
    1.806395173072815,
    4.9662861824035645
  ],
  "Lamp_Fill": [
    -4.898897171020508,
    -3.953979015350342,
    2.9870917797088623
  ],
  "Camera": [
    7.477779388427734,
    -6.486273288726807,
    5.4848313331604
  ]
}