{
  "objects": [
    {
      "size": 1.0,
      "rotation": 0.0,
      "3d_coords": [
        -0.6649572253227234,
        -2.6648495197296143,
        1.0
      ],
      "material": "Rubber",
      "color": [
        0.0,
        1.0,
        0.0,
        1.0
      ],
      "shape": "SmoothCube_v2",
      "pixel_coords": [
        28,
        61,
        9.527549743652344
      ]
    },
    {
      "size": 1.5,
      "rotation": 0.0,
      "3d_coords": [
        -1.8480358123779297,
        0.921804666519165,
        1.5
      ],
      "material": "MyMetal",
      "color": [
        0.0,
        1.0,
        0.0,
        1.0
      ],
      "shape": "SmoothCube_v2",
      "pixel_coords": [
        58,
        37,
        12.02808666229248
      ]
    }
  ],
  "Lamp_Key": [
    6.557928562164307,
    -3.5649287700653076,
    4.283262252807617
  ],
  "image_filename": "000011919182399917",
  "Lamp_Back": [
    -1.8851325511932373,
    3.4419355392456055,
    5.454659461975098
  ],
  "Lamp_Fill": [
    -4.38203763961792,
    -4.316132068634033,
    2.7935831546783447
  ],
  "Camera": [
    7.174074172973633,
    -6.182984828948975,
    5.79640007019043
  ]
}