{
  "Lamp_Fill": [
    -4.878568172454834,
    -4.040205955505371,
    2.97989821434021
  ],
  "Lamp_Key": [
    5.4723405838012695,
    -3.897024631500244,
    4.435193061828613
  ],
  "Camera": [
    7.632552146911621,
    -6.841868877410889,
    5.462393283843994
  ],
  "objects": [
    {
      "pixel_coords": [
        23,
        58,
        10.255906105041504
      ],
      "material": "MyMetal",
      "shape": "Suzanne",
      "size": 1.0,
      "color": [
        0.0,
        1.0,
        1.0,
        1.0
      ],
      "rotation": 0.0,
      "3d_coords": [
        -1.2367273569107056,
        -2.8882369995117188,
        1.0
      ]
    },
    {
      "pixel_coords": [
        65,
        48,
        9.358993530273438
      ],
      "material": "Rubber",
      "shape": "SmoothCylinder",
      "size": 2.0,
      "color": [
        0.0,
        0.0,
        1.0,
        1.0
      ],
      "rotation": 0.0,
      "3d_coords": [
        1.1351487636566162,
        -0.9664866924285889,
        2.0
      ]
    }
  ],
  "image_filename": "000011223423200492",
  "Lamp_Back": [
    -1.6750613451004028,
    1.831458330154419,
    5.419040679931641
  ]
}