{
  "image_filename": "000006554574086165",
  "objects": [
    {
      "shape": "Cylinder",
      "size": 2.0,
      "material": "data/materials/PoliigonFabricDenim003.blend",
      "3d_coords": [
        -1.989251971244812,
        1.9878153800964355,
        2.0
      ],
      "rotation": 0.0,
      "pixel_coords": [
        67,
        30,
        12.568496704101562
      ]
    },
    {
      "shape": "Suzanne",
      "size": 1.5,
      "material": "data/materials/PoliigonChainmailCopperRoundedThin001.blend",
      "3d_coords": [
        2.087247133255005,
        -1.1019996404647827,
        1.5
      ],
      "rotation": 0.0,
      "pixel_coords": [
        73,
        60,
        8.3201322555542
      ]
    }
  ],
  "ground_material": "data/materials/PoliigonMetalSpottyDiscoloration001.blend",
  "Lamp_Key": [
    7.356325149536133,
    -3.616569757461548,
    3.681593179702759
  ],
  "Lamp_Back": [
    -0.7357562780380249,
    3.5630507469177246,
    5.007509708404541
  ],
  "Lamp_Fill": [
    -3.949307441711426,
    -3.3283371925354004,
    2.250154495239258
  ],
  "Camera": [
    7.416865348815918,
    -6.279210567474365,
    5.284289836883545
  ]
}