{
  "image_filename": "000011836337417985",
  "objects": [
    {
      "shape": "Sphere",
      "size": 1.5,
      "material": "data/materials/PoliigonBricksPaintedWhite001.blend",
      "3d_coords": [
        -1.1012003421783447,
        -1.3085784912109375,
        1.5
      ],
      "rotation": 0.0,
      "pixel_coords": [
        42,
        47,
        10.659323692321777
      ]
    },
    {
      "shape": "Torus",
      "size": 1.0,
      "material": "data/materials/PoliigonFabricDenim003.blend",
      "3d_coords": [
        2.0999844074249268,
        -1.989486813545227,
        1.0
      ],
      "rotation": 0.0,
      "pixel_coords": [
        62,
        72,
        8.386200904846191
      ]
    }
  ],
  "ground_material": "data/materials/PoliigonBricksPaintedWhite001.blend",
  "Lamp_Key": [
    5.508990287780762,
    -3.3336594104766846,
    3.3119516372680664
  ],
  "Lamp_Back": [
    -1.5075843334197998,
    3.594212055206299,
    6.4302144050598145
  ],
  "Lamp_Fill": [
    -3.7331881523132324,
    -3.379326105117798,
    3.8064403533935547
  ],
  "Camera": [
    7.552364826202393,
    -6.568758487701416,
    5.46113920211792
  ]
}