{
  "objects": [
    {
      "size": 2.0,
      "shape": "Sphere",
      "rotation": 0.0,
      "pixel_coords": [
        96,
        51,
        9.329072952270508
      ],
      "color": [
        1.0,
        1.0,
        0.0,
        1.0
      ],
      "material": "MyMetal",
      "3d_coords": [
        2.8746724128723145,
        0.34642311930656433,
        2.0
      ]
    },
    {
      "size": 2.0,
      "shape": "SmoothCylinder",
      "rotation": 0.0,
      "pixel_coords": [
        46,
        35,
        12.75927734375
      ],
      "color": [
        1.0,
        1.0,
        0.0,
        1.0
      ],
      "material": "MyMetal",
      "3d_coords": [
        -2.527109384536743,
        0.054738376289606094,
        2.0
      ]
    }
  ],
  "image_filename": "000001557983002449",
  "Lamp_Fill": [
    -3.931698799133301,
    -3.0798163414001465,
    2.172635555267334
  ],
  "Lamp_Back": [
    -1.6789157390594482,
    2.610183000564575,
    5.045738697052002
  ],
  "Camera": [
    7.979557037353516,
    -6.979457855224609,
    5.563620567321777
  ],
  "Lamp_Key": [
    5.957292079925537,
    -3.6742706298828125,
    3.840862989425659
  ]
}