{
  "image_filename": "000008487364605382",
  "objects": [
    {
      "material": "MyMetal",
      "rotation": 0.0,
      "3d_coords": [
        -1.1803139448165894,
        1.6603096723556519,
        1.5
      ],
      "size": 1.5,
      "pixel_coords": [
        71,
        38,
        12.162312507629395
      ],
      "shape": "SmoothCylinder",
      "color": [
        0.0,
        0.0,
        1.0,
        1.0
      ]
    },
    {
      "material": "Rubber",
      "rotation": 0.0,
      "3d_coords": [
        -2.1850030422210693,
        -1.7604539394378662,
        1.0
      ],
      "size": 1.0,
      "pixel_coords": [
        30,
        49,
        11.207559585571289
      ],
      "shape": "Sphere",
      "color": [
        0.0,
        0.0,
        1.0,
        1.0
      ]
    }
  ],
  "Lamp_Fill": [
    -5.149861812591553,
    -4.79294490814209,
    3.2936277389526367
  ],
  "Lamp_Back": [
    -0.7226512432098389,
    1.7861934900283813,
    5.530713081359863
  ],
  "Camera": [
    7.747058868408203,
    -6.122352123260498,
    5.099014759063721
  ],
  "Lamp_Key": [
    6.397767543792725,
    -3.284572124481201,
    4.001904010772705
  ]
}