{
  "Camera": [
    7.468163013458252,
    -6.092631816864014,
    5.408074378967285
  ],
  "Lamp_Key": [
    7.438745498657227,
    -1.914090871810913,
    4.761157035827637
  ],
  "objects": [
    {
      "3d_coords": [
        -0.9317646026611328,
        -0.9092413187026978,
        1.5
      ],
      "size": 1.5,
      "shape": "Sphere",
      "rotation": 0.0,
      "material": "MyMetal",
      "pixel_coords": [
        47,
        46,
        10.446110725402832
      ],
      "color": [
        1.0,
        0.0,
        0.0,
        1.0
      ]
    },
    {
      "3d_coords": [
        1.7377264499664307,
        1.595763921737671,
        1.0
      ],
      "size": 1.0,
      "shape": "SmoothCube_v2",
      "rotation": 0.0,
      "material": "MyMetal",
      "pixel_coords": [
        96,
        54,
        10.267850875854492
      ],
      "color": [
        0.0,
        0.0,
        1.0,
        1.0
      ]
    }
  ],
  "Lamp_Fill": [
    -4.92372465133667,
    -4.7436442375183105,
    2.1642000675201416
  ],
  "image_filename": "000010786971761909",
  "Lamp_Back": [
    -2.136559009552002,
    3.5986599922180176,
    5.082038402557373
  ]
}