{
  "Lamp_Key": [
    6.272598743438721,
    -3.7859020233154297,
    4.141198635101318
  ],
  "objects": [
    {
      "color": [
        1.0,
        0.0,
        0.0,
        1.0
      ],
      "rotation": 0.0,
      "size": 1.0,
      "shape": "SmoothCube_v2",
      "3d_coords": [
        2.0760815143585205,
        1.2269083261489868,
        1.0
      ],
      "material": "Rubber",
      "pixel_coords": [
        95,
        58,
        10.12837028503418
      ]
    },
    {
      "color": [
        1.0,
        0.0,
        0.0,
        1.0
      ],
      "rotation": 0.0,
      "size": 2.0,
      "shape": "Sphere",
      "3d_coords": [
        1.8976668119430542,
        -2.6972148418426514,
        2.0
      ],
      "material": "MyMetal",
      "pixel_coords": [
        48,
        61,
        7.582785129547119
      ]
    }
  ],
  "Lamp_Fill": [
    -4.270952224731445,
    -3.674353837966919,
    2.735778570175171
  ],
  "image_filename": "000001094198635196",
  "Camera": [
    7.587528228759766,
    -6.2640581130981445,
    5.631272792816162
  ],
  "Lamp_Back": [
    -1.9553959369659424,
    2.6579744815826416,
    5.650129318237305
  ]
}