{
  "objects": [
    {
      "3d_coords": [
        -1.2313296794891357,
        1.1014899015426636,
        1.0
      ],
      "material": "MyMetal",
      "size": 1.0,
      "shape": "Sphere",
      "pixel_coords": [
        64,
        45,
        12.423694610595703
      ],
      "color": [
        0.0,
        1.0,
        1.0,
        1.0
      ],
      "rotation": 0.0
    },
    {
      "3d_coords": [
        0.9531577229499817,
        2.393061399459839,
        1.0
      ],
      "material": "Rubber",
      "size": 1.0,
      "shape": "SmoothCube_v2",
      "pixel_coords": [
        93,
        48,
        11.779679298400879
      ],
      "color": [
        1.0,
        0.0,
        0.0,
        1.0
      ],
      "rotation": 0.0
    }
  ],
  "Camera": [
    7.4412617683410645,
    -6.894347190856934,
    5.232129096984863
  ],
  "Lamp_Back": [
    -1.9040616750717163,
    2.4300179481506348,
    6.30732536315918
  ],
  "image_filename": "000004619335092243",
  "Lamp_Key": [
    6.44047737121582,
    -3.062077760696411,
    4.408936977386475
  ],
  "Lamp_Fill": [
    -5.289634704589844,
    -4.175235748291016,
    2.096284866333008
  ]
}