{
  "image_filename": "00000048",
  "objects": [
    {
      "shape": "triangle",
      "size": 0.225,
      "rotation": 0.0,
      "2d_coords": [
        0.19677240482237118,
        0.5881952717155265
      ],
      "color": [
        255,
        0,
        255
      ]
    },
    {
      "shape": "triangle",
      "size": 0.225,
      "rotation": 0.0,
      "2d_coords": [
        0.4130056735780254,
        0.20145653013198667
      ],
      "color": [
        255,
        0,
        255
      ]
    }
  ]
}