{
  "image_filename": "000009667580379103",
  "Lamp_Fill": [
    -5.3313188552856445,
    -3.8981125354766846,
    3.1727840900421143
  ],
  "Camera": [
    7.023487091064453,
    -6.43431282043457,
    4.980679035186768
  ],
  "objects": [
    {
      "3d_coords": [
        -1.4225754737854004,
        -2.892960786819458,
        2.0
      ],
      "color": [
        0.0,
        1.0,
        1.0,
        1.0
      ],
      "pixel_coords": [
        16,
        43,
        9.019861221313477
      ],
      "rotation": 0.0,
      "size": 2.0,
      "shape": "Suzanne",
      "material": "Rubber"
    },
    {
      "3d_coords": [
        0.5142951011657715,
        -0.6733561754226685,
        2.0
      ],
      "color": [
        0.0,
        0.0,
        1.0,
        1.0
      ],
      "pixel_coords": [
        62,
        43,
        9.082942008972168
      ],
      "rotation": 0.0,
      "size": 2.0,
      "shape": "SmoothCylinder",
      "material": "MyMetal"
    }
  ],
  "Lamp_Back": [
    -0.22819265723228455,
    2.228585720062256,
    6.540130615234375
  ],
  "Lamp_Key": [
    5.884019374847412,
    -3.8532094955444336,
    3.3263678550720215
  ]
}