{
  "Lamp_Key": [
    6.029148578643799,
    -2.0677595138549805,
    5.22213888168335
  ],
  "objects": [
    {
      "material": "MyMetal",
      "shape": "Sphere",
      "size": 1.5,
      "pixel_coords": [
        57,
        49,
        9.379963874816895
      ],
      "rotation": 0.0,
      "3d_coords": [
        0.2682608962059021,
        -0.803264319896698,
        1.5
      ],
      "color": [
        1.0,
        0.0,
        1.0,
        1.0
      ]
    },
    {
      "material": "MyMetal",
      "shape": "SmoothCylinder",
      "size": 1.5,
      "pixel_coords": [
        95,
        43,
        10.513628005981445
      ],
      "rotation": 0.0,
      "3d_coords": [
        1.1129635572433472,
        2.147731065750122,
        1.5
      ],
      "color": [
        1.0,
        1.0,
        0.0,
        1.0
      ]
    }
  ],
  "Lamp_Back": [
    -1.6774505376815796,
    3.144629955291748,
    5.151403427124023
  ],
  "Camera": [
    7.217950344085693,
    -6.183259010314941,
    4.952554702758789
  ],
  "Lamp_Fill": [
    -5.462833404541016,
    -4.962400913238525,
    2.937106132507324
  ],
  "image_filename": "000009311425203404"
}