{
  "image_filename": "000011344371504898",
  "objects": [
    {
      "shape": "Cone",
      "size": 1.5,
      "material": "data/materials/PoliigonBricksFlemishRed001.blend",
      "3d_coords": [
        -2.6032698154449463,
        0.8211209177970886,
        1.5
      ],
      "rotation": 0.0,
      "pixel_coords": [
        51,
        36,
        12.57539176940918
      ]
    },
    {
      "shape": "Icosahedron",
      "size": 1.0,
      "material": "data/materials/PoliigonFabricFleece001.blend",
      "3d_coords": [
        -1.9870319366455078,
        -2.6266629695892334,
        1.0
      ],
      "rotation": 0.0,
      "pixel_coords": [
        20,
        54,
        10.364948272705078
      ]
    }
  ],
  "ground_material": "data/materials/PoliigonWoodFlooring061.blend",
  "Lamp_Key": [
    6.522416591644287,
    -2.5232763290405273,
    3.7980144023895264
  ],
  "Lamp_Back": [
    -1.307558298110962,
    2.662736654281616,
    5.9947509765625
  ],
  "Lamp_Fill": [
    -4.177921295166016,
    -3.4801456928253174,
    2.820404529571533
  ],
  "Camera": [
    7.229637622833252,
    -6.588008880615234,
    5.253943920135498
  ]
}