{
  "image_filename": "000006965803148155",
  "objects": [
    {
      "pixel_coords": [
        88,
        44,
        12.569791793823242
      ],
      "size": 1.0,
      "color": [
        1.0,
        0.0,
        0.0,
        1.0
      ],
      "rotation": 0.0,
      "shape": "SmoothCube_v2",
      "material": "Rubber",
      "3d_coords": [
        -0.2012382447719574,
        2.8977835178375244,
        1.0
      ]
    },
    {
      "pixel_coords": [
        26,
        54,
        10.598766326904297
      ],
      "size": 1.0,
      "color": [
        1.0,
        0.0,
        0.0,
        1.0
      ],
      "rotation": 0.0,
      "shape": "SmoothCube_v2",
      "material": "Rubber",
      "3d_coords": [
        -1.583939790725708,
        -2.3701961040496826,
        1.0
      ]
    }
  ],
  "Lamp_Back": [
    -0.6449030041694641,
    1.7199440002441406,
    5.613379955291748
  ],
  "Lamp_Fill": [
    -4.982752323150635,
    -4.967476844787598,
    2.9183809757232666
  ],
  "Camera": [
    7.905169486999512,
    -6.284296035766602,
    4.958836555480957
  ],
  "Lamp_Key": [
    5.864148139953613,
    -2.9757540225982666,
    4.221267223358154
  ]
}