{
  "image_filename": "00000075",
  "objects": [
    {
      "shape": "star_4",
      "size": 0.125,
      "rotation": 0.0,
      "2d_coords": [
        0.3685268181544974,
        0.36421055163566873
      ],
      "color": [
        255,
        127,
        0
      ]
    },
    {
      "shape": "star_4",
      "size": 0.325,
      "rotation": 0.0,
      "2d_coords": [
        0.48571907820392285,
        0.6884586611339993
      ],
      "color": [
        255,
        127,
        0
      ]
    }
  ]
}