{
  "Lamp_Fill": [
    -5.443101406097412,
    -5.002260684967041,
    3.12408709526062
  ],
  "Camera": [
    6.997209548950195,
    -6.019931316375732,
    5.315032005310059
  ],
  "image_filename": "000002844320520224",
  "Lamp_Back": [
    -0.8371752500534058,
    2.2618935108184814,
    6.030823230743408
  ],
  "objects": [
    {
      "size": 2.0,
      "rotation": 0.0,
      "3d_coords": [
        -2.7209646701812744,
        -0.20098479092121124,
        2.0
      ],
      "material": "MyMetal",
      "color": [
        0.0,
        1.0,
        0.0,
        1.0
      ],
      "pixel_coords": [
        40,
        31,
        11.327193260192871
      ],
      "shape": "SmoothCube_v2"
    },
    {
      "size": 1.0,
      "rotation": 0.0,
      "3d_coords": [
        -0.4199799597263336,
        2.7137904167175293,
        1.0
      ],
      "material": "Rubber",
      "color": [
        0.0,
        1.0,
        1.0,
        1.0
      ],
      "pixel_coords": [
        85,
        42,
        11.961979866027832
      ],
      "shape": "SmoothCylinder"
    }
  ],
  "Lamp_Key": [
    6.974542617797852,
    -3.387218475341797,
    5.243277072906494
  ]
}