{
  "Lamp_Fill": [
    -5.043325424194336,
    -3.996122121810913,
    2.2170000076293945
  ],
  "objects": [
    {
      "shape": "Sphere",
      "color": [
        0.0,
        1.0,
        1.0,
        1.0
      ],
      "3d_coords": [
        -1.6118462085723877,
        0.003941569942981005,
        1.5
      ],
      "material": "Rubber",
      "rotation": 0.0,
      "size": 1.5,
      "pixel_coords": [
        51,
        41,
        11.427582740783691
      ]
    },
    {
      "shape": "Suzanne",
      "color": [
        0.0,
        1.0,
        1.0,
        1.0
      ],
      "3d_coords": [
        2.365452527999878,
        -1.8198425769805908,
        1.0
      ],
      "material": "MyMetal",
      "rotation": 0.0,
      "size": 1.0,
      "pixel_coords": [
        67,
        75,
        8.034253120422363
      ]
    }
  ],
  "image_filename": "000008437122695300",
  "Lamp_Key": [
    6.672570705413818,
    -3.4138779640197754,
    4.292460918426514
  ],
  "Lamp_Back": [
    -0.430399626493454,
    1.720977783203125,
    5.927701950073242
  ],
  "Camera": [
    7.255441665649414,
    -6.37119722366333,
    5.508716583251953
  ]
}