{
  "Lamp_Key": [
    5.756905555725098,
    -3.6682488918304443,
    4.21530294418335
  ],
  "image_filename": "000012078607756721",
  "Lamp_Back": [
    -0.8439246416091919,
    3.131934404373169,
    6.388809680938721
  ],
  "objects": [
    {
      "shape": "SmoothCube_v2",
      "material": "MyMetal",
      "3d_coords": [
        2.7114288806915283,
        0.4731994867324829,
        1.5
      ],
      "rotation": 0.0,
      "size": 1.5,
      "color": [
        1.0,
        1.0,
        0.0,
        1.0
      ],
      "pixel_coords": [
        96,
        56,
        9.297220230102539
      ]
    },
    {
      "shape": "Sphere",
      "material": "Rubber",
      "3d_coords": [
        -1.7764233350753784,
        1.8915984630584717,
        1.5
      ],
      "rotation": 0.0,
      "size": 1.5,
      "color": [
        1.0,
        0.0,
        1.0,
        1.0
      ],
      "pixel_coords": [
        67,
        37,
        13.145659446716309
      ]
    }
  ],
  "Camera": [
    7.766526222229004,
    -6.713104724884033,
    5.251898288726807
  ],
  "Lamp_Fill": [
    -5.012555122375488,
    -3.148693323135376,
    3.85653018951416
  ]
}