{
  "image_filename": "000006930103445931",
  "objects": [
    {
      "shape": "Icosahedron",
      "size": 2.0,
      "material": "data/materials/PoliigonFabricFleece001.blend",
      "3d_coords": [
        1.4953762292861938,
        1.1786739826202393,
        2.0
      ],
      "rotation": 0.0,
      "pixel_coords": [
        90,
        41,
        10.015352249145508
      ]
    },
    {
      "shape": "NewellTeapot",
      "size": 1.0,
      "material": "data/materials/PoliigonBricksPaintedWhite001.blend",
      "3d_coords": [
        -1.4627388715744019,
        -0.17560800909996033,
        1.0
      ],
      "rotation": 0.0,
      "pixel_coords": [
        50,
        48,
        11.529875755310059
      ]
    }
  ],
  "ground_material": "data/materials/PoliigonRoofTilesTerracotta004.blend",
  "Lamp_Key": [
    7.3781256675720215,
    -2.0684690475463867,
    5.111087799072266
  ],
  "Lamp_Back": [
    -1.5751879215240479,
    2.494100570678711,
    5.071029186248779
  ],
  "Lamp_Fill": [
    -3.764561891555786,
    -3.32792329788208,
    3.895472288131714
  ],
  "Camera": [
    7.136218547821045,
    -6.886834621429443,
    5.121947765350342
  ]
}