{
  "image_filename": "000010651890990060",
  "objects": [
    {
      "shape": "Cone",
      "size": 2.0,
      "material": "data/materials/PoliigonMetalSpottyDiscoloration001.blend",
      "3d_coords": [
        2.188380241394043,
        -1.3825336694717407,
        2.0
      ],
      "rotation": 0.0,
      "pixel_coords": [
        71,
        55,
        7.531927585601807
      ]
    },
    {
      "shape": "Cone",
      "size": 2.0,
      "material": "data/materials/PoliigonFabricDenim003.blend",
      "3d_coords": [
        -2.3833096027374268,
        2.8025546073913574,
        2.0
      ],
      "rotation": 0.0,
      "pixel_coords": [
        70,
        26,
        12.91180419921875
      ]
    }
  ],
  "ground_material": "data/materials/PoliigonBricksFlemishRed001.blend",
  "Lamp_Key": [
    6.911491394042969,
    -3.6147639751434326,
    4.110775470733643
  ],
  "Lamp_Back": [
    -1.2859855890274048,
    2.720447063446045,
    5.70751428604126
  ],
  "Lamp_Fill": [
    -4.16639518737793,
    -3.6410815715789795,
    2.8563027381896973
  ],
  "Camera": [
    7.104482173919678,
    -6.056430816650391,
    5.327152729034424
  ]
}