{
  "Lamp_Key": [
    5.713088035583496,
    -3.1857693195343018,
    4.4123406410217285
  ],
  "Camera": [
    7.0235090255737305,
    -6.664456844329834,
    4.940828323364258
  ],
  "Lamp_Back": [
    -0.9194949865341187,
    2.0915613174438477,
    5.444517612457275
  ],
  "image_filename": "000001035198552806",
  "objects": [
    {
      "shape": "Suzanne",
      "rotation": 0.0,
      "material": "MyMetal",
      "3d_coords": [
        0.30213889479637146,
        1.1918915510177612,
        1.0
      ],
      "color": [
        0.0,
        1.0,
        0.0,
        1.0
      ],
      "size": 1.0,
      "pixel_coords": [
        78,
        49,
        10.950973510742188
      ]
    },
    {
      "shape": "SmoothCylinder",
      "rotation": 0.0,
      "material": "Rubber",
      "3d_coords": [
        -2.5343875885009766,
        -0.7640613913536072,
        1.5
      ],
      "color": [
        1.0,
        0.0,
        1.0,
        1.0
      ],
      "size": 1.5,
      "pixel_coords": [
        36,
        40,
        11.357284545898438
      ]
    }
  ],
  "Lamp_Fill": [
    -5.312789440155029,
    -4.991911888122559,
    3.6982998847961426
  ]
}