{
  "image_filename": "000005275477071477",
  "objects": [
    {
      "shape": "Torus",
      "size": 1.5,
      "material": "data/materials/PoliigonWoodFlooring061.blend",
      "3d_coords": [
        -2.4020910263061523,
        -2.4654335975646973,
        1.5
      ],
      "rotation": 0.0,
      "pixel_coords": [
        19,
        46,
        10.688112258911133
      ]
    },
    {
      "shape": "Icosahedron",
      "size": 1.5,
      "material": "data/materials/PoliigonFabricFleece001.blend",
      "3d_coords": [
        2.4652538299560547,
        1.8961046934127808,
        1.5
      ],
      "rotation": 0.0,
      "pixel_coords": [
        107,
        50,
        9.955408096313477
      ]
    }
  ],
  "ground_material": "data/materials/PoliigonWoodFlooring061.blend",
  "Lamp_Key": [
    6.3714280128479,
    -3.4184231758117676,
    4.941545009613037
  ],
  "Lamp_Back": [
    -0.9911452531814575,
    3.3167033195495605,
    5.878869533538818
  ],
  "Lamp_Fill": [
    -3.6828196048736572,
    -4.369928359985352,
    3.059636116027832
  ],
  "Camera": [
    7.375303745269775,
    -6.339288711547852,
    5.671894550323486
  ]
}