{
  "image_filename": "00000028",
  "objects": [
    {
      "shape": "star_4",
      "size": 0.225,
      "rotation": 0.0,
      "2d_coords": [
        0.21841780257576027,
        0.8635855594354134
      ],
      "color": [
        255,
        0,
        255
      ]
    },
    {
      "shape": "square",
      "size": 0.425,
      "rotation": 0.0,
      "2d_coords": [
        0.5324164030572215,
        0.4681144520178667
      ],
      "color": [
        0,
        127,
        255
      ]
    }
  ]
}