{
  "Lamp_Key": [
    6.491127014160156,
    -3.87652325630188,
    3.618312120437622
  ],
  "objects": [
    {
      "shape": "Sphere",
      "material": "MyMetal",
      "color": [
        1.0,
        1.0,
        0.0,
        1.0
      ],
      "rotation": 0.0,
      "pixel_coords": [
        52,
        32,
        12.147587776184082
      ],
      "size": 2.0,
      "3d_coords": [
        -2.382392406463623,
        0.6045843958854675,
        2.0
      ]
    },
    {
      "shape": "Suzanne",
      "material": "MyMetal",
      "color": [
        0.0,
        1.0,
        1.0,
        1.0
      ],
      "rotation": 0.0,
      "pixel_coords": [
        45,
        72,
        7.949723243713379
      ],
      "size": 1.0,
      "3d_coords": [
        1.6717416048049927,
        -2.7010982036590576,
        1.0
      ]
    }
  ],
  "Lamp_Fill": [
    -3.999675989151001,
    -3.806980848312378,
    3.522552013397217
  ],
  "Lamp_Back": [
    -1.9234435558319092,
    2.481543779373169,
    5.740573883056641
  ],
  "Camera": [
    7.666884422302246,
    -6.187719345092773,
    5.054051399230957
  ],
  "image_filename": "000001232225416940"
}