{
  "Camera": [
    7.51115083694458,
    -6.525806903839111,
    5.033139228820801
  ],
  "image_filename": "000003046716502503",
  "Lamp_Fill": [
    -5.203582763671875,
    -3.6544904708862305,
    2.552940607070923
  ],
  "Lamp_Back": [
    -1.4905580282211304,
    2.5710556507110596,
    5.144268989562988
  ],
  "Lamp_Key": [
    5.903399467468262,
    -3.8870351314544678,
    3.901975631713867
  ],
  "objects": [
    {
      "size": 1.5,
      "material": "Rubber",
      "3d_coords": [
        1.00456702709198,
        1.9705009460449219,
        1.5
      ],
      "rotation": 0.0,
      "pixel_coords": [
        91,
        44,
        10.950075149536133
      ],
      "shape": "SmoothCube_v2",
      "color": [
        1.0,
        0.0,
        0.0,
        1.0
      ]
    },
    {
      "size": 2.0,
      "material": "MyMetal",
      "3d_coords": [
        -2.5833261013031006,
        -2.0452096462249756,
        2.0
      ],
      "rotation": 0.0,
      "pixel_coords": [
        22,
        37,
        10.791059494018555
      ],
      "shape": "SmoothCylinder",
      "color": [
        1.0,
        1.0,
        0.0,
        1.0
      ]
    }
  ]
}