{
  "image_filename": "00000091",
  "objects": [
    {
      "shape": "triangle",
      "size": 0.325,
      "rotation": 0.0,
      "2d_coords": [
        0.8580518339643963,
        0.6460243856142381
      ],
      "color": [
        255,
        127,
        0
      ]
    },
    {
      "shape": "triangle",
      "size": 0.225,
      "rotation": 0.0,
      "2d_coords": [
        0.4094297760233664,
        0.30628950288937895
      ],
      "color": [
        0,
        127,
        255
      ]
    }
  ]
}