{
  "Lamp_Back": [
    -1.967026948928833,
    3.3658864498138428,
    6.625272274017334
  ],
  "image_filename": "000002854096664883",
  "Lamp_Fill": [
    -4.993922710418701,
    -4.865023612976074,
    2.379470109939575
  ],
  "objects": [
    {
      "3d_coords": [
        -0.2252490371465683,
        1.8969365358352661,
        1.5
      ],
      "pixel_coords": [
        79,
        39,
        11.359161376953125
      ],
      "color": [
        1.0,
        0.0,
        1.0,
        1.0
      ],
      "rotation": 0.0,
      "material": "MyMetal",
      "size": 1.5,
      "shape": "Suzanne"
    },
    {
      "3d_coords": [
        -0.9214298129081726,
        -2.8850135803222656,
        1.5
      ],
      "pixel_coords": [
        21,
        53,
        9.00210952758789
      ],
      "color": [
        1.0,
        0.0,
        1.0,
        1.0
      ],
      "rotation": 0.0,
      "material": "Rubber",
      "size": 1.5,
      "shape": "Suzanne"
    }
  ],
  "Lamp_Key": [
    6.12018346786499,
    -3.0733351707458496,
    3.366370439529419
  ],
  "Camera": [
    7.018387317657471,
    -6.357944011688232,
    5.2459330558776855
  ]
}