{
  "image_filename": "000007508879457476",
  "objects": [
    {
      "shape": "Sphere",
      "size": 1.0,
      "material": "data/materials/PoliigonRoofTilesTerracotta004.blend",
      "3d_coords": [
        1.7996717691421509,
        -0.19801343977451324,
        1.0
      ],
      "rotation": 0.0,
      "pixel_coords": [
        80,
        60,
        9.574655532836914
      ]
    },
    {
      "shape": "Cylinder",
      "size": 2.0,
      "material": "data/materials/PoliigonFabricDenim003.blend",
      "3d_coords": [
        -2.1983072757720947,
        -0.6743026971817017,
        2.0
      ],
      "rotation": 0.0,
      "pixel_coords": [
        40,
        36,
        11.508696556091309
      ]
    }
  ],
  "ground_material": "data/materials/PoliigonBricksFlemishRed001.blend",
  "Lamp_Key": [
    5.690003871917725,
    -3.5325968265533447,
    4.772839069366455
  ],
  "Lamp_Back": [
    -1.391822338104248,
    2.2655019760131836,
    6.533658504486084
  ],
  "Lamp_Fill": [
    -4.962312698364258,
    -3.2045185565948486,
    2.2487380504608154
  ],
  "Camera": [
    7.526135444641113,
    -6.896039009094238,
    4.903192520141602
  ]
}