{
  "objects": [
    {
      "shape": "Sphere",
      "rotation": 0.0,
      "material": "MyMetal",
      "size": 2.0,
      "color": [
        0.0,
        0.0,
        1.0,
        1.0
      ],
      "3d_coords": [
        -1.5432218313217163,
        -2.0937678813934326,
        2.0
      ],
      "pixel_coords": [
        26,
        40,
        9.609880447387695
      ]
    },
    {
      "shape": "SmoothCylinder",
      "rotation": 0.0,
      "material": "Rubber",
      "size": 1.5,
      "color": [
        0.0,
        1.0,
        1.0,
        1.0
      ],
      "3d_coords": [
        -2.960897445678711,
        1.9462088346481323,
        1.5
      ],
      "pixel_coords": [
        59,
        32,
        13.118454933166504
      ]
    }
  ],
  "Lamp_Key": [
    5.850705146789551,
    -2.433093786239624,
    4.626538276672363
  ],
  "Camera": [
    7.105660438537598,
    -6.2116546630859375,
    5.167383193969727
  ],
  "image_filename": "000010510835961330",
  "Lamp_Back": [
    -0.9822197556495667,
    2.210934638977051,
    4.916599273681641
  ],
  "Lamp_Fill": [
    -4.962098121643066,
    -4.6690897941589355,
    3.6290228366851807
  ]
}