{
  "Camera": [
    7.112628936767578,
    -6.864030361175537,
    5.8286638259887695
  ],
  "Lamp_Fill": [
    -4.407154560089111,
    -3.2581071853637695,
    3.935267686843872
  ],
  "objects": [
    {
      "color": [
        0.0,
        0.0,
        1.0,
        1.0
      ],
      "rotation": 0.0,
      "3d_coords": [
        -2.7920191287994385,
        1.2967088222503662,
        1.5
      ],
      "shape": "SmoothCube_v2",
      "pixel_coords": [
        53,
        35,
        13.21941089630127
      ],
      "material": "MyMetal",
      "size": 1.5
    },
    {
      "color": [
        0.0,
        1.0,
        1.0,
        1.0
      ],
      "rotation": 0.0,
      "3d_coords": [
        -0.2122834324836731,
        2.899899959564209,
        1.0
      ],
      "shape": "Sphere",
      "pixel_coords": [
        85,
        43,
        12.833354949951172
      ],
      "material": "Rubber",
      "size": 1.0
    }
  ],
  "Lamp_Key": [
    5.583768844604492,
    -3.714940071105957,
    4.0544843673706055
  ],
  "image_filename": "000004807915720944",
  "Lamp_Back": [
    -1.6395772695541382,
    2.483001232147217,
    5.053390979766846
  ]
}