{
  "image_filename": "00000076",
  "objects": [
    {
      "shape": "triangle",
      "size": 0.425,
      "rotation": 0.0,
      "2d_coords": [
        0.5394509926545262,
        0.5426799134915867
      ],
      "color": [
        0,
        255,
        0
      ]
    },
    {
      "shape": "star_4",
      "size": 0.225,
      "rotation": 0.0,
      "2d_coords": [
        0.13195975898916257,
        0.17534458841986164
      ],
      "color": [
        255,
        127,
        0
      ]
    }
  ]
}