{
  "Lamp_Key": [
    7.088753700256348,
    -3.812617540359497,
    3.84791898727417
  ],
  "image_filename": "000002622198353450",
  "Lamp_Fill": [
    -4.553910255432129,
    -3.3478286266326904,
    3.8722546100616455
  ],
  "objects": [
    {
      "shape": "Suzanne",
      "rotation": 0.0,
      "3d_coords": [
        2.959843158721924,
        -0.08743096143007278,
        1.0
      ],
      "size": 1.0,
      "pixel_coords": [
        96,
        67,
        8.499463081359863
      ],
      "color": [
        0.0,
        1.0,
        1.0,
        1.0
      ],
      "material": "MyMetal"
    },
    {
      "shape": "Suzanne",
      "rotation": 0.0,
      "3d_coords": [
        -0.15117575228214264,
        0.29169604182243347,
        1.0
      ],
      "size": 1.0,
      "pixel_coords": [
        65,
        51,
        10.753694534301758
      ],
      "color": [
        1.0,
        0.0,
        0.0,
        1.0
      ],
      "material": "Rubber"
    }
  ],
  "Camera": [
    7.14494514465332,
    -6.499290943145752,
    5.166417121887207
  ],
  "Lamp_Back": [
    -1.5587939023971558,
    1.9988938570022583,
    5.644552707672119
  ]
}