{
  "image_filename": "000016822343948326",
  "objects": [
    {
      "shape": "Torus",
      "size": 2.0,
      "material": "data/materials/PoliigonWoodFlooring061.blend",
      "3d_coords": [
        2.1143546104431152,
        2.5463809967041016,
        2.0
      ],
      "rotation": 0.0,
      "pixel_coords": [
        108,
        39,
        10.600101470947266
      ]
    },
    {
      "shape": "Icosahedron",
      "size": 1.0,
      "material": "data/materials/PoliigonBricksPaintedWhite001.blend",
      "3d_coords": [
        0.35925599932670593,
        -0.8999547362327576,
        1.0
      ],
      "rotation": 0.0,
      "pixel_coords": [
        58,
        57,
        10.098730087280273
      ]
    }
  ],
  "ground_material": "data/materials/PoliigonFabricDenim003.blend",
  "Lamp_Key": [
    7.439751148223877,
    -3.7423980236053467,
    4.083073616027832
  ],
  "Lamp_Back": [
    -0.9410091042518616,
    2.3998525142669678,
    6.687485694885254
  ],
  "Lamp_Fill": [
    -4.6756181716918945,
    -4.023355007171631,
    3.3702216148376465
  ],
  "Camera": [
    7.3555827140808105,
    -6.897993087768555,
    5.179312705993652
  ]
}