{
  "Lamp_Fill": [
    -3.74828839302063,
    -3.395946979522705,
    3.5272059440612793
  ],
  "Lamp_Back": [
    -1.7520495653152466,
    2.429450511932373,
    5.431464672088623
  ],
  "image_filename": "000016911560664954",
  "Lamp_Key": [
    6.747960567474365,
    -3.3438591957092285,
    4.597779273986816
  ],
  "Camera": [
    7.216388702392578,
    -6.900716781616211,
    4.847867012023926
  ],
  "objects": [
    {
      "rotation": 0.0,
      "pixel_coords": [
        37,
        34,
        11.55221939086914
      ],
      "color": [
        0.0,
        0.0,
        1.0,
        1.0
      ],
      "shape": "Sphere",
      "size": 2.0,
      "3d_coords": [
        -2.5812160968780518,
        -0.5660175681114197,
        2.0
      ],
      "material": "MyMetal"
    },
    {
      "rotation": 0.0,
      "pixel_coords": [
        104,
        44,
        9.229917526245117
      ],
      "color": [
        0.0,
        0.0,
        1.0,
        1.0
      ],
      "shape": "Sphere",
      "size": 2.0,
      "3d_coords": [
        2.624046802520752,
        1.1420525312423706,
        2.0
      ],
      "material": "Rubber"
    }
  ]
}