{
  "Lamp_Back": [
    -1.5811707973480225,
    2.4048898220062256,
    5.69389009475708
  ],
  "image_filename": "000009942958706823",
  "Lamp_Fill": [
    -4.571906566619873,
    -3.403219223022461,
    3.8526554107666016
  ],
  "Lamp_Key": [
    6.957225322723389,
    -2.030986785888672,
    3.857783317565918
  ],
  "objects": [
    {
      "color": [
        1.0,
        1.0,
        0.0,
        1.0
      ],
      "3d_coords": [
        1.7400201559066772,
        -1.1771061420440674,
        1.5
      ],
      "pixel_coords": [
        70,
        60,
        9.061782836914062
      ],
      "material": "Rubber",
      "rotation": 0.0,
      "size": 1.5,
      "shape": "SmoothCube_v2"
    },
    {
      "color": [
        0.0,
        0.0,
        1.0,
        1.0
      ],
      "3d_coords": [
        -0.5465829372406006,
        1.5340931415557861,
        2.0
      ],
      "pixel_coords": [
        73,
        35,
        11.870203018188477
      ],
      "material": "MyMetal",
      "rotation": 0.0,
      "size": 2.0,
      "shape": "SmoothCube_v2"
    }
  ],
  "Camera": [
    7.223110198974609,
    -6.99515962600708,
    5.790291786193848
  ]
}