{
  "image_filename": "000007849111544563",
  "objects": [
    {
      "shape": "Sphere",
      "size": 2.0,
      "material": "data/materials/PoliigonMetalSpottyDiscoloration001.blend",
      "3d_coords": [
        -2.531435012817383,
        -2.427198648452759,
        2.0
      ],
      "rotation": 0.0,
      "pixel_coords": [
        19,
        39,
        10.819986343383789
      ]
    },
    {
      "shape": "Cube",
      "size": 2.0,
      "material": "data/materials/PoliigonFabricDenim003.blend",
      "3d_coords": [
        2.8019962310791016,
        0.1063012033700943,
        2.0
      ],
      "rotation": 0.0,
      "pixel_coords": [
        95,
        52,
        8.703631401062012
      ]
    }
  ],
  "ground_material": "data/materials/PoliigonBricksPaintedWhite001.blend",
  "Lamp_Key": [
    5.823519229888916,
    -3.5072715282440186,
    4.353598117828369
  ],
  "Lamp_Back": [
    -0.6133570671081543,
    3.1242754459381104,
    5.374953269958496
  ],
  "Lamp_Fill": [
    -5.070385456085205,
    -3.5381791591644287,
    2.8978540897369385
  ],
  "Camera": [
    7.656566619873047,
    -6.534707546234131,
    5.504091739654541
  ]
}