{
  "image_filename": "000007658873485613",
  "objects": [
    {
      "3d_coords": [
        2.5686800479888916,
        -2.5701546669006348,
        1.0
      ],
      "material": "MyMetal",
      "rotation": 0.0,
      "pixel_coords": [
        58,
        80,
        6.9037275314331055
      ],
      "size": 1.0,
      "color": [
        1.0,
        1.0,
        0.0,
        1.0
      ],
      "shape": "Sphere"
    },
    {
      "3d_coords": [
        -2.3669838905334473,
        0.1825455278158188,
        1.5
      ],
      "material": "MyMetal",
      "rotation": 0.0,
      "pixel_coords": [
        47,
        37,
        11.58701229095459
      ],
      "size": 1.5,
      "color": [
        1.0,
        1.0,
        0.0,
        1.0
      ],
      "shape": "Suzanne"
    }
  ],
  "Lamp_Back": [
    -1.5471529960632324,
    3.6381335258483887,
    5.803356647491455
  ],
  "Lamp_Key": [
    5.8195109367370605,
    -1.9852111339569092,
    4.399242877960205
  ],
  "Camera": [
    7.159903049468994,
    -6.0451154708862305,
    4.9023966789245605
  ],
  "Lamp_Fill": [
    -4.883744239807129,
    -3.8446362018585205,
    2.4295520782470703
  ]
}