{
  "image_filename": "000009559575272428",
  "Lamp_Back": [
    -0.7391852736473083,
    2.168900728225708,
    6.387564182281494
  ],
  "Lamp_Fill": [
    -3.9866881370544434,
    -3.219900608062744,
    3.743459463119507
  ],
  "Lamp_Key": [
    7.171282768249512,
    -2.7513439655303955,
    4.383114814758301
  ],
  "Camera": [
    7.338739395141602,
    -6.884975910186768,
    5.155187606811523
  ],
  "objects": [
    {
      "shape": "SmoothCube_v2",
      "rotation": 0.0,
      "material": "Rubber",
      "3d_coords": [
        -2.3349549770355225,
        1.93380606174469,
        1.5
      ],
      "size": 1.5,
      "pixel_coords": [
        62,
        35,
        13.315664291381836
      ],
      "color": [
        1.0,
        0.0,
        1.0,
        1.0
      ]
    },
    {
      "shape": "Sphere",
      "rotation": 0.0,
      "material": "MyMetal",
      "3d_coords": [
        2.9294686317443848,
        -0.6233173608779907,
        1.5
      ],
      "size": 1.5,
      "pixel_coords": [
        90,
        61,
        8.34151840209961
      ],
      "color": [
        0.0,
        1.0,
        0.0,
        1.0
      ]
    }
  ]
}