{
  "image_filename": "000000661526060070",
  "objects": [
    {
      "shape": "Sphere",
      "size": 2.0,
      "material": "data/materials/PoliigonRoofTilesTerracotta004.blend",
      "3d_coords": [
        -0.6281967759132385,
        0.53104168176651,
        2.0
      ],
      "rotation": 0.0,
      "pixel_coords": [
        63,
        37,
        11.290014266967773
      ]
    },
    {
      "shape": "Torus",
      "size": 1.0,
      "material": "data/materials/PoliigonWoodFlooring061.blend",
      "3d_coords": [
        -2.25587797164917,
        -2.3329432010650635,
        1.0
      ],
      "rotation": 0.0,
      "pixel_coords": [
        23,
        53,
        11.062884330749512
      ]
    }
  ],
  "ground_material": "data/materials/PoliigonFabricDenim003.blend",
  "Lamp_Key": [
    6.705578804016113,
    -3.434983015060425,
    4.834297180175781
  ],
  "Lamp_Back": [
    -0.7507888078689575,
    1.9582706689834595,
    6.797055721282959
  ],
  "Lamp_Fill": [
    -5.481304168701172,
    -4.016218662261963,
    3.5251376628875732
  ],
  "Camera": [
    7.343583583831787,
    -6.9919047355651855,
    5.456380367279053
  ]
}