{
  "image_filename": "00000001",
  "objects": [
    {
      "shape": "circle",
      "size": 0.225,
      "rotation": 0.0,
      "2d_coords": [
        0.4640432724175698,
        0.5561158380722917
      ],
      "color": [
        0,
        127,
        255
      ]
    },
    {
      "shape": "circle",
      "size": 0.425,
      "rotation": 0.0,
      "2d_coords": [
        0.1824012682879944,
        0.5776394280700788
      ],
      "color": [
        0,
        127,
        255
      ]
    }
  ]
}