{
  "image_filename": "00000036",
  "objects": [
    {
      "shape": "circle",
      "size": 0.425,
      "rotation": 0.0,
      "2d_coords": [
        0.7238648206907106,
        0.3269096051703216
      ],
      "color": [
        0,
        127,
        255
      ]
    },
    {
      "shape": "square",
      "size": 0.425,
      "rotation": 0.0,
      "2d_coords": [
        0.5015770419429125,
        0.792105175800634
      ],
      "color": [
        255,
        127,
        0
      ]
    }
  ]
}