{
  "Lamp_Back": [
    -1.7006752490997314,
    2.247631311416626,
    6.540541172027588
  ],
  "Lamp_Key": [
    7.150441646575928,
    -2.6713578701019287,
    4.092285633087158
  ],
  "Lamp_Fill": [
    -3.8828773498535156,
    -4.55730676651001,
    3.8807573318481445
  ],
  "image_filename": "000013571414567836",
  "Camera": [
    7.9682230949401855,
    -6.254218578338623,
    5.412438869476318
  ],
  "objects": [
    {
      "material": "Rubber",
      "color": [
        0.0,
        0.0,
        1.0,
        1.0
      ],
      "3d_coords": [
        -2.6019816398620605,
        -2.8472070693969727,
        1.0
      ],
      "rotation": 0.0,
      "pixel_coords": [
        16,
        51,
        11.268386840820312
      ],
      "shape": "SmoothCube_v2",
      "size": 1.0
    },
    {
      "material": "MyMetal",
      "color": [
        0.0,
        1.0,
        1.0,
        1.0
      ],
      "3d_coords": [
        1.0229498147964478,
        -1.020275354385376,
        1.5
      ],
      "rotation": 0.0,
      "pixel_coords": [
        61,
        54,
        9.512646675109863
      ],
      "shape": "Sphere",
      "size": 1.5
    }
  ]
}