{
  "Lamp_Back": [
    -1.4539655447006226,
    3.2115142345428467,
    5.6450371742248535
  ],
  "objects": [
    {
      "3d_coords": [
        0.35488107800483704,
        -1.8017497062683105,
        2.0
      ],
      "material": "MyMetal",
      "pixel_coords": [
        47,
        46,
        9.018319129943848
      ],
      "color": [
        1.0,
        1.0,
        0.0,
        1.0
      ],
      "size": 2.0,
      "shape": "Sphere",
      "rotation": 0.0
    },
    {
      "3d_coords": [
        -0.7327765226364136,
        2.6704256534576416,
        1.0
      ],
      "material": "Rubber",
      "pixel_coords": [
        80,
        43,
        12.881026268005371
      ],
      "color": [
        1.0,
        0.0,
        0.0,
        1.0
      ],
      "size": 1.0,
      "shape": "SmoothCube_v2",
      "rotation": 0.0
    }
  ],
  "Lamp_Key": [
    5.60699462890625,
    -2.7097408771514893,
    3.5814402103424072
  ],
  "Lamp_Fill": [
    -4.170373916625977,
    -4.446216583251953,
    2.3745524883270264
  ],
  "Camera": [
    7.4521708488464355,
    -6.774118900299072,
    4.95625114440918
  ],
  "image_filename": "000007518255065909"
}