{
  "image_filename": "000010140584055010",
  "objects": [
    {
      "size": 1.5,
      "3d_coords": [
        -2.0087029933929443,
        -2.118122100830078,
        1.5
      ],
      "shape": "Suzanne",
      "pixel_coords": [
        28,
        47,
        11.352337837219238
      ],
      "material": "Rubber",
      "rotation": 0.0,
      "color": [
        1.0,
        0.0,
        0.0,
        1.0
      ]
    },
    {
      "size": 1.5,
      "3d_coords": [
        1.5332117080688477,
        0.9643204212188721,
        1.5
      ],
      "shape": "SmoothCylinder",
      "pixel_coords": [
        87,
        50,
        10.79869270324707
      ],
      "material": "MyMetal",
      "rotation": 0.0,
      "color": [
        0.0,
        1.0,
        1.0,
        1.0
      ]
    }
  ],
  "Lamp_Back": [
    -1.9436461925506592,
    1.6633204221725464,
    6.446520805358887
  ],
  "Camera": [
    7.922369480133057,
    -6.954685688018799,
    5.654047966003418
  ],
  "Lamp_Key": [
    7.241933822631836,
    -3.063394546508789,
    5.181836128234863
  ],
  "Lamp_Fill": [
    -4.928253650665283,
    -4.545339107513428,
    3.2321627140045166
  ]
}