{
  "image_filename": "000005265803034245",
  "objects": [
    {
      "shape": "NewellTeapot",
      "size": 1.5,
      "material": "data/materials/PoliigonWoodFlooring061.blend",
      "3d_coords": [
        0.15454638004302979,
        2.4574217796325684,
        1.5
      ],
      "rotation": 0.0,
      "pixel_coords": [
        87,
        40,
        11.85914134979248
      ]
    },
    {
      "shape": "Suzanne",
      "size": 2.0,
      "material": "data/materials/PoliigonChainmailCopperRoundedThin001.blend",
      "3d_coords": [
        -2.482394218444824,
        -2.6195342540740967,
        2.0
      ],
      "rotation": 0.0,
      "pixel_coords": [
        15,
        40,
        10.388724327087402
      ]
    }
  ],
  "ground_material": "data/materials/PoliigonMetalSpottyDiscoloration001.blend",
  "Lamp_Key": [
    7.432168960571289,
    -2.0505242347717285,
    5.218181610107422
  ],
  "Lamp_Back": [
    -1.5361863374710083,
    3.038900136947632,
    5.830479621887207
  ],
  "Lamp_Fill": [
    -5.097713947296143,
    -4.427639007568359,
    3.553086280822754
  ],
  "Camera": [
    7.2818603515625,
    -6.493973255157471,
    5.709326267242432
  ]
}