{
  "Lamp_Fill": [
    -4.619233131408691,
    -3.729433059692383,
    3.7638838291168213
  ],
  "Lamp_Key": [
    5.867407321929932,
    -2.076636791229248,
    4.112451553344727
  ],
  "objects": [
    {
      "pixel_coords": [
        67,
        44,
        11.003488540649414
      ],
      "rotation": 0.0,
      "shape": "SmoothCube_v2",
      "color": [
        1.0,
        1.0,
        0.0,
        1.0
      ],
      "3d_coords": [
        -0.26778465509414673,
        0.5569837689399719,
        1.5
      ],
      "material": "MyMetal",
      "size": 1.5
    },
    {
      "pixel_coords": [
        21,
        36,
        11.156167030334473
      ],
      "rotation": 0.0,
      "shape": "Sphere",
      "color": [
        0.0,
        1.0,
        1.0,
        1.0
      ],
      "3d_coords": [
        -2.9423372745513916,
        -2.0396103858947754,
        2.0
      ],
      "material": "MyMetal",
      "size": 2.0
    }
  ],
  "Camera": [
    7.643623352050781,
    -6.151023864746094,
    5.5074381828308105
  ],
  "image_filename": "000001662555801148",
  "Lamp_Back": [
    -0.7448855638504028,
    2.7710328102111816,
    6.001756191253662
  ]
}