{
  "Lamp_Back": [
    -0.5674152374267578,
    1.9684001207351685,
    5.026266098022461
  ],
  "image_filename": "000011279623242003",
  "Lamp_Fill": [
    -4.8825364112854,
    -3.0476925373077393,
    2.133758306503296
  ],
  "Lamp_Key": [
    6.184341907501221,
    -2.5713062286376953,
    4.199942588806152
  ],
  "Camera": [
    7.338833808898926,
    -6.559699058532715,
    5.403326511383057
  ],
  "objects": [
    {
      "pixel_coords": [
        65,
        68,
        7.684269428253174
      ],
      "rotation": 0.0,
      "shape": "Suzanne",
      "size": 1.5,
      "color": [
        0.0,
        1.0,
        0.0,
        1.0
      ],
      "3d_coords": [
        2.4420619010925293,
        -2.099594831466675,
        1.5
      ],
      "material": "MyMetal"
    },
    {
      "pixel_coords": [
        65,
        49,
        10.025166511535645
      ],
      "rotation": 0.0,
      "shape": "Suzanne",
      "size": 1.5,
      "color": [
        0.0,
        1.0,
        0.0,
        1.0
      ],
      "3d_coords": [
        0.44016170501708984,
        -0.3321875333786011,
        1.5
      ],
      "material": "MyMetal"
    }
  ]
}