{
  "objects": [
    {
      "rotation": 0.0,
      "3d_coords": [
        -2.953348398208618,
        -2.66642689704895,
        2.0
      ],
      "pixel_coords": [
        14,
        38,
        11.010004997253418
      ],
      "shape": "SmoothCylinder",
      "size": 2.0,
      "material": "Rubber",
      "color": [
        0.0,
        0.0,
        1.0,
        1.0
      ]
    },
    {
      "rotation": 0.0,
      "3d_coords": [
        -1.7960729598999023,
        1.3123475313186646,
        1.0
      ],
      "pixel_coords": [
        63,
        42,
        12.850735664367676
      ],
      "shape": "SmoothCylinder",
      "size": 1.0,
      "material": "Rubber",
      "color": [
        1.0,
        0.0,
        0.0,
        1.0
      ]
    }
  ],
  "Lamp_Key": [
    5.630151748657227,
    -3.309370994567871,
    4.723505973815918
  ],
  "Camera": [
    7.761946678161621,
    -6.096518039703369,
    5.779726982116699
  ],
  "Lamp_Fill": [
    -5.281108856201172,
    -3.8308897018432617,
    2.242443323135376
  ],
  "image_filename": "000008339682707573",
  "Lamp_Back": [
    -0.35257232189178467,
    2.1633098125457764,
    5.289523601531982
  ]
}