{
  "image_filename": "00000031",
  "objects": [
    {
      "shape": "star_4",
      "size": 0.425,
      "rotation": 0.0,
      "2d_coords": [
        0.3262874503663514,
        0.15779421418780054
      ],
      "color": [
        0,
        127,
        255
      ]
    },
    {
      "shape": "circle",
      "size": 0.325,
      "rotation": 0.0,
      "2d_coords": [
        0.4629599259453009,
        0.42857105069441204
      ],
      "color": [
        255,
        127,
        0
      ]
    }
  ]
}