{
  "image_filename": "000002899200645635",
  "objects": [
    {
      "shape": "Cone",
      "size": 1.0,
      "material": "data/materials/PoliigonWoodFlooring061.blend",
      "3d_coords": [
        -0.7484054565429688,
        -0.14534039795398712,
        1.0
      ],
      "rotation": 0.0,
      "pixel_coords": [
        56,
        49,
        10.624261856079102
      ]
    },
    {
      "shape": "Suzanne",
      "size": 1.5,
      "material": "data/materials/PoliigonMetalSpottyDiscoloration001.blend",
      "3d_coords": [
        2.1297390460968018,
        -1.1158690452575684,
        1.5
      ],
      "rotation": 0.0,
      "pixel_coords": [
        74,
        61,
        7.924672603607178
      ]
    }
  ],
  "ground_material": "data/materials/PoliigonRoofTilesTerracotta004.blend",
  "Lamp_Key": [
    7.3349409103393555,
    -3.0749642848968506,
    3.729151964187622
  ],
  "Lamp_Back": [
    -0.35257384181022644,
    2.4543728828430176,
    6.310175895690918
  ],
  "Lamp_Fill": [
    -4.6419596672058105,
    -4.0421366691589355,
    2.6605985164642334
  ],
  "Camera": [
    7.0790324211120605,
    -6.070814609527588,
    5.250885963439941
  ]
}