{
  "Lamp_Fill": [
    -3.880511999130249,
    -3.6739847660064697,
    3.8490285873413086
  ],
  "image_filename": "000009602741342329",
  "Lamp_Back": [
    -0.269260436296463,
    2.9379773139953613,
    6.26797342300415
  ],
  "objects": [
    {
      "3d_coords": [
        1.402175784111023,
        -2.478691816329956,
        1.0
      ],
      "size": 1.0,
      "color": [
        0.0,
        1.0,
        0.0,
        1.0
      ],
      "pixel_coords": [
        46,
        70,
        8.166329383850098
      ],
      "rotation": 0.0,
      "shape": "Suzanne",
      "material": "Rubber"
    },
    {
      "3d_coords": [
        -0.6853868365287781,
        -1.1267207860946655,
        1.0
      ],
      "size": 1.0,
      "color": [
        0.0,
        1.0,
        0.0,
        1.0
      ],
      "pixel_coords": [
        46,
        53,
        10.364300727844238
      ],
      "rotation": 0.0,
      "shape": "Suzanne",
      "material": "Rubber"
    }
  ],
  "Camera": [
    7.621161937713623,
    -6.06893253326416,
    5.045403003692627
  ],
  "Lamp_Key": [
    5.795962810516357,
    -3.5504374504089355,
    5.205313682556152
  ]
}