{
  "image_filename": "00000012",
  "objects": [
    {
      "shape": "star_4",
      "size": 0.125,
      "rotation": 0.0,
      "2d_coords": [
        0.09960554903170163,
        0.3851820128722584
      ],
      "color": [
        255,
        127,
        0
      ]
    },
    {
      "shape": "star_4",
      "size": 0.125,
      "rotation": 0.0,
      "2d_coords": [
        0.7069915061816523,
        0.2044667095352965
      ],
      "color": [
        255,
        127,
        0
      ]
    }
  ]
}