{
  "Lamp_Key": [
    7.441699981689453,
    -3.3869121074676514,
    3.962045431137085
  ],
  "Lamp_Back": [
    -0.45124441385269165,
    3.043506622314453,
    4.917941093444824
  ],
  "objects": [
    {
      "color": [
        1.0,
        0.0,
        0.0,
        1.0
      ],
      "rotation": 0.0,
      "3d_coords": [
        -2.839175224304199,
        2.8548293113708496,
        1.0
      ],
      "material": "MyMetal",
      "size": 1.0,
      "pixel_coords": [
        67,
        35,
        13.783195495605469
      ],
      "shape": "Sphere"
    },
    {
      "color": [
        0.0,
        1.0,
        0.0,
        1.0
      ],
      "rotation": 0.0,
      "3d_coords": [
        -2.6163549423217773,
        -2.755695104598999,
        1.5
      ],
      "material": "MyMetal",
      "size": 1.5,
      "pixel_coords": [
        12,
        45,
        10.226712226867676
      ],
      "shape": "Sphere"
    }
  ],
  "image_filename": "000009657820025607",
  "Camera": [
    7.127615451812744,
    -6.083280563354492,
    5.364117622375488
  ],
  "Lamp_Fill": [
    -5.153814315795898,
    -4.3913140296936035,
    2.415816307067871
  ]
}