{
  "Lamp_Key": [
    5.677901744842529,
    -2.617331027984619,
    3.6783597469329834
  ],
  "Lamp_Fill": [
    -5.284024715423584,
    -4.569577693939209,
    2.148627758026123
  ],
  "Camera": [
    7.419646263122559,
    -6.953732967376709,
    5.42573356628418
  ],
  "image_filename": "000010836634442343",
  "objects": [
    {
      "size": 2.0,
      "material": "Rubber",
      "3d_coords": [
        -1.8881959915161133,
        -2.4468908309936523,
        2.0
      ],
      "rotation": 0.0,
      "color": [
        0.0,
        1.0,
        1.0,
        1.0
      ],
      "shape": "SmoothCube_v2",
      "pixel_coords": [
        22,
        42,
        10.323565483093262
      ]
    },
    {
      "size": 1.0,
      "material": "MyMetal",
      "3d_coords": [
        0.5048856735229492,
        2.429159641265869,
        1.0
      ],
      "rotation": 0.0,
      "color": [
        1.0,
        0.0,
        1.0,
        1.0
      ],
      "shape": "Sphere",
      "pixel_coords": [
        88,
        47,
        12.195597648620605
      ]
    }
  ],
  "Lamp_Back": [
    -1.917386531829834,
    2.5516297817230225,
    4.879237174987793
  ]
}