{
  "image_filename": "00000056",
  "objects": [
    {
      "shape": "triangle",
      "size": 0.325,
      "rotation": 0.0,
      "2d_coords": [
        0.6347680294640637,
        0.7895726192116794
      ],
      "color": [
        0,
        127,
        255
      ]
    },
    {
      "shape": "circle",
      "size": 0.325,
      "rotation": 0.0,
      "2d_coords": [
        0.09099020882421595,
        0.8585194369515757
      ],
      "color": [
        0,
        127,
        255
      ]
    }
  ]
}