{
  "objects": [
    {
      "pixel_coords": [
        67,
        33,
        11.791510581970215
      ],
      "3d_coords": [
        -1.093464732170105,
        1.3137410879135132,
        2.0
      ],
      "rotation": 0.0,
      "color": [
        1.0,
        0.0,
        1.0,
        1.0
      ],
      "shape": "SmoothCylinder",
      "size": 2.0,
      "material": "MyMetal"
    },
    {
      "pixel_coords": [
        89,
        61,
        8.610673904418945
      ],
      "3d_coords": [
        2.7194252014160156,
        -0.3675127923488617,
        1.5
      ],
      "rotation": 0.0,
      "color": [
        1.0,
        0.0,
        0.0,
        1.0
      ],
      "shape": "SmoothCylinder",
      "size": 1.5,
      "material": "MyMetal"
    }
  ],
  "image_filename": "000014500788619412",
  "Lamp_Fill": [
    -5.041467666625977,
    -4.033095836639404,
    2.654188871383667
  ],
  "Lamp_Back": [
    -0.6795024871826172,
    3.000908374786377,
    6.34440279006958
  ],
  "Lamp_Key": [
    6.093513011932373,
    -2.346604824066162,
    4.2889404296875
  ],
  "Camera": [
    7.296041011810303,
    -6.560523509979248,
    5.654510498046875
  ]
}