{
  "Lamp_Fill": [
    -5.5032572746276855,
    -3.157637357711792,
    2.205031633377075
  ],
  "Lamp_Key": [
    7.440968990325928,
    -2.0786633491516113,
    5.133418560028076
  ],
  "image_filename": "000010588339713313",
  "objects": [
    {
      "rotation": 0.0,
      "size": 2.0,
      "color": [
        0.0,
        1.0,
        1.0,
        1.0
      ],
      "3d_coords": [
        1.7370539903640747,
        2.2719523906707764,
        2.0
      ],
      "material": "MyMetal",
      "pixel_coords": [
        101,
        40,
        10.755427360534668
      ],
      "shape": "Suzanne"
    },
    {
      "rotation": 0.0,
      "size": 1.0,
      "color": [
        1.0,
        0.0,
        0.0,
        1.0
      ],
      "3d_coords": [
        -1.4184073209762573,
        -1.699319839477539,
        1.0
      ],
      "material": "MyMetal",
      "pixel_coords": [
        36,
        54,
        10.972074508666992
      ],
      "shape": "SmoothCube_v2"
    }
  ],
  "Lamp_Back": [
    -0.9350969791412354,
    1.9799679517745972,
    4.855037212371826
  ],
  "Camera": [
    7.40777063369751,
    -6.712998867034912,
    5.78669548034668
  ]
}