{
  "Lamp_Fill": [
    -4.947988986968994,
    -3.259329080581665,
    2.4499130249023438
  ],
  "Lamp_Back": [
    -1.2870566844940186,
    3.0703022480010986,
    6.039605617523193
  ],
  "objects": [
    {
      "rotation": 0.0,
      "3d_coords": [
        -2.94309401512146,
        -0.7696664929389954,
        2.0
      ],
      "pixel_coords": [
        35,
        35,
        12.112876892089844
      ],
      "material": "MyMetal",
      "color": [
        1.0,
        1.0,
        0.0,
        1.0
      ],
      "shape": "Sphere",
      "size": 2.0
    },
    {
      "rotation": 0.0,
      "3d_coords": [
        1.4876776933670044,
        1.2041988372802734,
        1.0
      ],
      "pixel_coords": [
        89,
        54,
        10.755090713500977
      ],
      "material": "MyMetal",
      "color": [
        0.0,
        1.0,
        1.0,
        1.0
      ],
      "shape": "Sphere",
      "size": 1.0
    }
  ],
  "image_filename": "000012248612163578",
  "Lamp_Key": [
    5.540863990783691,
    -2.0951151847839355,
    3.9219954013824463
  ],
  "Camera": [
    7.707779407501221,
    -6.784098148345947,
    5.158276557922363
  ]
}