{
  "Lamp_Fill": [
    -3.9683825969696045,
    -4.873513698577881,
    2.0144050121307373
  ],
  "Lamp_Key": [
    6.51060676574707,
    -2.7534964084625244,
    4.456296443939209
  ],
  "objects": [
    {
      "material": "Rubber",
      "pixel_coords": [
        79,
        52,
        10.668627738952637
      ],
      "color": [
        1.0,
        1.0,
        0.0,
        1.0
      ],
      "size": 1.0,
      "rotation": 0.0,
      "3d_coords": [
        0.7267662286758423,
        0.882989764213562,
        1.0
      ],
      "shape": "Suzanne"
    },
    {
      "material": "MyMetal",
      "pixel_coords": [
        15,
        49,
        9.848877906799316
      ],
      "color": [
        0.0,
        1.0,
        0.0,
        1.0
      ],
      "size": 1.5,
      "rotation": 0.0,
      "3d_coords": [
        -1.894181728363037,
        -2.9041748046875,
        1.5
      ],
      "shape": "Sphere"
    }
  ],
  "image_filename": "000012658230834007",
  "Lamp_Back": [
    -1.1490894556045532,
    2.7161715030670166,
    6.612400531768799
  ],
  "Camera": [
    7.205698013305664,
    -6.7168378829956055,
    5.029869079589844
  ]
}