{
  "Lamp_Back": [
    -1.1415369510650635,
    3.5701327323913574,
    5.277179718017578
  ],
  "objects": [
    {
      "size": 1.5,
      "rotation": 0.0,
      "3d_coords": [
        -2.7515430450439453,
        2.5962343215942383,
        1.5
      ],
      "shape": "Sphere",
      "pixel_coords": [
        65,
        34,
        14.216280937194824
      ],
      "material": "MyMetal",
      "color": [
        0.0,
        1.0,
        0.0,
        1.0
      ]
    },
    {
      "size": 1.0,
      "rotation": 0.0,
      "3d_coords": [
        2.7764804363250732,
        -0.5692739486694336,
        1.0
      ],
      "shape": "Sphere",
      "pixel_coords": [
        86,
        68,
        8.916549682617188
      ],
      "material": "MyMetal",
      "color": [
        0.0,
        1.0,
        1.0,
        1.0
      ]
    }
  ],
  "Lamp_Fill": [
    -3.990121841430664,
    -4.746519088745117,
    2.335946798324585
  ],
  "image_filename": "000016084540273724",
  "Camera": [
    7.695043087005615,
    -6.763601779937744,
    5.356916904449463
  ],
  "Lamp_Key": [
    6.042191982269287,
    -3.1931378841400146,
    5.20330286026001
  ]
}