{
  "Lamp_Fill": [
    -3.842833995819092,
    -4.315987586975098,
    2.3855156898498535
  ],
  "Camera": [
    7.688910484313965,
    -6.630656719207764,
    4.958873748779297
  ],
  "image_filename": "000013168892756469",
  "Lamp_Key": [
    5.945815563201904,
    -2.610487699508667,
    4.984532356262207
  ],
  "objects": [
    {
      "3d_coords": [
        1.8471895456314087,
        1.2098593711853027,
        1.5
      ],
      "color": [
        1.0,
        0.0,
        0.0,
        1.0
      ],
      "material": "MyMetal",
      "size": 1.5,
      "rotation": 0.0,
      "shape": "Suzanne",
      "pixel_coords": [
        93,
        49,
        10.094061851501465
      ]
    },
    {
      "3d_coords": [
        -1.4104042053222656,
        1.2119721174240112,
        1.5
      ],
      "color": [
        1.0,
        0.0,
        0.0,
        1.0
      ],
      "material": "Rubber",
      "size": 1.5,
      "rotation": 0.0,
      "shape": "SmoothCube_v2",
      "pixel_coords": [
        64,
        39,
        12.312007904052734
      ]
    }
  ],
  "Lamp_Back": [
    -1.251076340675354,
    2.027071714401245,
    6.700649261474609
  ]
}