{
  "image_filename": "000015853171670393",
  "objects": [
    {
      "shape": "Suzanne",
      "size": 1.5,
      "material": "data/materials/PoliigonBricksPaintedWhite001.blend",
      "3d_coords": [
        0.9605358242988586,
        -0.6652939915657043,
        1.5
      ],
      "rotation": 0.0,
      "pixel_coords": [
        66,
        54,
        9.305899620056152
      ]
    },
    {
      "shape": "Suzanne",
      "size": 1.5,
      "material": "data/materials/PoliigonMetalSpottyDiscoloration001.blend",
      "3d_coords": [
        -1.3094055652618408,
        2.1765878200531006,
        1.5
      ],
      "rotation": 0.0,
      "pixel_coords": [
        73,
        35,
        12.384151458740234
      ]
    }
  ],
  "ground_material": "data/materials/PoliigonBricksFlemishRed001.blend",
  "Lamp_Key": [
    5.82373046875,
    -3.733053684234619,
    4.35518217086792
  ],
  "Lamp_Back": [
    -0.7244036197662354,
    1.8362624645233154,
    5.872116565704346
  ],
  "Lamp_Fill": [
    -5.269794940948486,
    -3.787450075149536,
    3.762235641479492
  ],
  "Camera": [
    7.093718528747559,
    -6.32541561126709,
    5.677029609680176
  ]
}