{
  "image_filename": "000006256392249270",
  "objects": [
    {
      "shape": "Cylinder",
      "size": 1.0,
      "material": "data/materials/PoliigonRoofTilesTerracotta004.blend",
      "3d_coords": [
        -2.809359312057495,
        2.723255157470703,
        1.0
      ],
      "rotation": 0.0,
      "pixel_coords": [
        66,
        37,
        14.169146537780762
      ]
    },
    {
      "shape": "Cylinder",
      "size": 2.0,
      "material": "data/materials/PoliigonChainmailCopperRoundedThin001.blend",
      "3d_coords": [
        -2.4032533168792725,
        -1.7502378225326538,
        2.0
      ],
      "rotation": 0.0,
      "pixel_coords": [
        27,
        37,
        10.850839614868164
      ]
    }
  ],
  "ground_material": "data/materials/PoliigonFabricFleece001.blend",
  "Lamp_Key": [
    6.06035041809082,
    -3.7912139892578125,
    4.999013423919678
  ],
  "Lamp_Back": [
    -1.9979857206344604,
    1.795595407485962,
    5.222681522369385
  ],
  "Lamp_Fill": [
    -4.39280366897583,
    -3.7901554107666016,
    2.734311819076538
  ],
  "Camera": [
    7.493330955505371,
    -6.446641445159912,
    5.235572338104248
  ]
}