{
  "image_filename": "00000075",
  "objects": [
    {
      "shape": "circle",
      "size": 0.225,
      "rotation": 0.0,
      "2d_coords": [
        0.6752713396437813,
        0.20228051191131585
      ],
      "color": [
        0,
        255,
        0
      ]
    },
    {
      "shape": "circle",
      "size": 0.325,
      "rotation": 0.0,
      "2d_coords": [
        0.5122362055881501,
        0.8594978577893961
      ],
      "color": [
        255,
        0,
        255
      ]
    }
  ]
}