{
  "Lamp_Key": [
    7.310705661773682,
    -3.5012965202331543,
    5.085531711578369
  ],
  "Lamp_Fill": [
    -4.3687968254089355,
    -4.340839385986328,
    2.170557737350464
  ],
  "objects": [
    {
      "pixel_coords": [
        21,
        50,
        11.298724174499512
      ],
      "rotation": 0.0,
      "color": [
        1.0,
        0.0,
        0.0,
        1.0
      ],
      "material": "Rubber",
      "shape": "Sphere",
      "size": 1.0,
      "3d_coords": [
        -2.656761646270752,
        -2.366349935531616,
        1.0
      ]
    },
    {
      "pixel_coords": [
        55,
        59,
        9.93552017211914
      ],
      "rotation": 0.0,
      "color": [
        0.0,
        0.0,
        1.0,
        1.0
      ],
      "material": "MyMetal",
      "shape": "SmoothCube_v2",
      "size": 1.0,
      "3d_coords": [
        0.36905813217163086,
        -1.1291800737380981,
        1.0
      ]
    }
  ],
  "image_filename": "000014477019041294",
  "Lamp_Back": [
    -0.2759757339954376,
    3.5930685997009277,
    5.723453521728516
  ],
  "Camera": [
    7.572356224060059,
    -6.067126274108887,
    5.794635772705078
  ]
}