{
  "Lamp_Key": [
    6.06076717376709,
    -2.51212215423584,
    5.1930670738220215
  ],
  "objects": [
    {
      "pixel_coords": [
        9,
        45,
        10.464155197143555
      ],
      "material": "Rubber",
      "rotation": 0.0,
      "size": 1.5,
      "color": [
        0.0,
        1.0,
        0.0,
        1.0
      ],
      "3d_coords": [
        -2.828054428100586,
        -2.938836097717285,
        1.5
      ],
      "shape": "SmoothCylinder"
    },
    {
      "pixel_coords": [
        48,
        54,
        9.081765174865723
      ],
      "material": "MyMetal",
      "rotation": 0.0,
      "size": 1.5,
      "color": [
        0.0,
        1.0,
        1.0,
        1.0
      ],
      "3d_coords": [
        0.36189135909080505,
        -1.734549880027771,
        1.5
      ],
      "shape": "SmoothCube_v2"
    }
  ],
  "image_filename": "000000332841364872",
  "Lamp_Fill": [
    -5.613807201385498,
    -3.6545393466949463,
    3.479102849960327
  ],
  "Camera": [
    7.2257232666015625,
    -6.451807975769043,
    5.323193550109863
  ],
  "Lamp_Back": [
    -2.165142059326172,
    3.5610873699188232,
    6.008035182952881
  ]
}