{
  "Lamp_Key": [
    6.863363265991211,
    -3.41857647895813,
    4.121523857116699
  ],
  "Camera": [
    7.333627223968506,
    -6.682604789733887,
    4.981986999511719
  ],
  "Lamp_Fill": [
    -5.60354471206665,
    -3.545978546142578,
    2.798372507095337
  ],
  "Lamp_Back": [
    -1.5222638845443726,
    1.781416654586792,
    5.234665393829346
  ],
  "objects": [
    {
      "size": 1.0,
      "pixel_coords": [
        100,
        59,
        9.572427749633789
      ],
      "rotation": 0.0,
      "color": [
        1.0,
        0.0,
        0.0,
        1.0
      ],
      "shape": "Sphere",
      "material": "MyMetal",
      "3d_coords": [
        2.565317153930664,
        1.0191959142684937,
        1.0
      ]
    },
    {
      "size": 2.0,
      "pixel_coords": [
        42,
        38,
        10.432343482971191
      ],
      "rotation": 0.0,
      "color": [
        1.0,
        0.0,
        1.0,
        1.0
      ],
      "shape": "SmoothCube_v2",
      "material": "Rubber",
      "3d_coords": [
        -1.279449224472046,
        -1.0259828567504883,
        2.0
      ]
    }
  ],
  "image_filename": "000007619872985783"
}