{
  "Camera": [
    7.684023380279541,
    -6.308258533477783,
    5.52070951461792
  ],
  "Lamp_Back": [
    -0.5667587518692017,
    2.863255023956299,
    4.961543560028076
  ],
  "image_filename": "000013489316381220",
  "Lamp_Key": [
    5.941152572631836,
    -2.247758626937866,
    3.6759438514709473
  ],
  "Lamp_Fill": [
    -5.386626243591309,
    -3.5834598541259766,
    2.265623092651367
  ],
  "objects": [
    {
      "material": "Rubber",
      "rotation": 0.0,
      "shape": "Suzanne",
      "3d_coords": [
        2.6591384410858154,
        -0.3931306004524231,
        1.0
      ],
      "color": [
        0.0,
        1.0,
        1.0,
        1.0
      ],
      "size": 1.0,
      "pixel_coords": [
        86,
        68,
        8.87137508392334
      ]
    },
    {
      "material": "MyMetal",
      "rotation": 0.0,
      "shape": "SmoothCube_v2",
      "3d_coords": [
        0.9123005270957947,
        -2.4436187744140625,
        2.0
      ],
      "color": [
        1.0,
        0.0,
        0.0,
        1.0
      ],
      "size": 2.0,
      "pixel_coords": [
        42,
        53,
        8.428789138793945
      ]
    }
  ]
}