{
  "image_filename": "000012930425054910",
  "Lamp_Back": [
    -0.8012298941612244,
    3.064720630645752,
    5.592585563659668
  ],
  "Lamp_Fill": [
    -3.938969135284424,
    -3.8674418926239014,
    2.679504871368408
  ],
  "Camera": [
    7.2525739669799805,
    -6.9106316566467285,
    5.301732540130615
  ],
  "objects": [
    {
      "pixel_coords": [
        64,
        37,
        11.025681495666504
      ],
      "size": 2.0,
      "shape": "SmoothCylinder",
      "rotation": 0.0,
      "material": "MyMetal",
      "3d_coords": [
        -0.5289636850357056,
        0.47315850853919983,
        2.0
      ],
      "color": [
        1.0,
        1.0,
        0.0,
        1.0
      ]
    },
    {
      "pixel_coords": [
        110,
        50,
        10.067244529724121
      ],
      "size": 1.5,
      "shape": "SmoothCylinder",
      "rotation": 0.0,
      "material": "MyMetal",
      "3d_coords": [
        2.7421789169311523,
        1.950617790222168,
        1.5
      ],
      "color": [
        1.0,
        1.0,
        0.0,
        1.0
      ]
    }
  ],
  "Lamp_Key": [
    5.973563194274902,
    -2.8122055530548096,
    3.3360018730163574
  ]
}