{
  "image_filename": "000008394393605832",
  "objects": [
    {
      "shape": "Cylinder",
      "size": 1.0,
      "material": "data/materials/PoliigonFabricFleece001.blend",
      "3d_coords": [
        1.529504418373108,
        -1.3003897666931152,
        1.0
      ],
      "rotation": 0.0,
      "pixel_coords": [
        65,
        65,
        9.213846206665039
      ]
    },
    {
      "shape": "Cube",
      "size": 1.0,
      "material": "data/materials/PoliigonBricksPaintedWhite001.blend",
      "3d_coords": [
        -1.454228401184082,
        -2.426021099090576,
        1.0
      ],
      "rotation": 0.0,
      "pixel_coords": [
        27,
        56,
        10.51431655883789
      ]
    }
  ],
  "ground_material": "data/materials/PoliigonRoofTilesTerracotta004.blend",
  "Lamp_Key": [
    5.4875264167785645,
    -3.713750123977661,
    4.139852523803711
  ],
  "Lamp_Back": [
    -1.4601807594299316,
    1.7184488773345947,
    4.891646862030029
  ],
  "Lamp_Fill": [
    -5.008965969085693,
    -3.819887638092041,
    3.7085962295532227
  ],
  "Camera": [
    7.530203342437744,
    -6.726003646850586,
    5.410909175872803
  ]
}