{
  "image_filename": "000015489896634399",
  "objects": [
    {
      "shape": "Sphere",
      "size": 1.0,
      "material": "data/materials/PoliigonBricksPaintedWhite001.blend",
      "3d_coords": [
        1.3185105323791504,
        0.028703777119517326,
        1.0
      ],
      "rotation": 0.0,
      "pixel_coords": [
        77,
        58,
        10.027066230773926
      ]
    },
    {
      "shape": "Icosahedron",
      "size": 1.5,
      "material": "data/materials/PoliigonWoodFlooring061.blend",
      "3d_coords": [
        -2.038222074508667,
        -2.4455559253692627,
        1.5
      ],
      "rotation": 0.0,
      "pixel_coords": [
        21,
        47,
        10.436317443847656
      ]
    }
  ],
  "ground_material": "data/materials/PoliigonBricksPaintedWhite001.blend",
  "Lamp_Key": [
    6.243624210357666,
    -2.512005090713501,
    4.305902481079102
  ],
  "Lamp_Back": [
    -0.6798319816589355,
    3.3484315872192383,
    6.452557563781738
  ],
  "Lamp_Fill": [
    -4.938796043395996,
    -4.333070755004883,
    2.9016776084899902
  ],
  "Camera": [
    7.276577472686768,
    -6.957398414611816,
    5.161941051483154
  ]
}