{
  "objects": [
    {
      "pixel_coords": [
        80,
        46,
        8.993314743041992
      ],
      "size": 2.0,
      "shape": "Suzanne",
      "3d_coords": [
        1.7614442110061646,
        -0.10044248402118683,
        2.0
      ],
      "rotation": 0.0,
      "color": [
        0.0,
        1.0,
        1.0,
        1.0
      ],
      "material": "Rubber"
    },
    {
      "pixel_coords": [
        55,
        46,
        12.109012603759766
      ],
      "size": 1.0,
      "shape": "Suzanne",
      "3d_coords": [
        -1.6839759349822998,
        0.4022060036659241,
        1.0
      ],
      "rotation": 0.0,
      "color": [
        0.0,
        1.0,
        1.0,
        1.0
      ],
      "material": "Rubber"
    }
  ],
  "Camera": [
    7.717525005340576,
    -6.308743000030518,
    5.039547443389893
  ],
  "Lamp_Key": [
    6.594699859619141,
    -3.313462257385254,
    3.7920079231262207
  ],
  "Lamp_Back": [
    -1.087990403175354,
    2.8754918575286865,
    5.28000020980835
  ],
  "image_filename": "000010405735247365",
  "Lamp_Fill": [
    -4.770355224609375,
    -4.17642879486084,
    3.9197440147399902
  ]
}