{
  "Lamp_Fill": [
    -4.960971832275391,
    -4.964093208312988,
    3.4502205848693848
  ],
  "Lamp_Back": [
    -2.072634696960449,
    2.922987222671509,
    6.280082702636719
  ],
  "objects": [
    {
      "color": [
        0.0,
        0.0,
        1.0,
        1.0
      ],
      "size": 2.0,
      "material": "Rubber",
      "3d_coords": [
        -2.9243545532226562,
        1.273179531097412,
        2.0
      ],
      "rotation": 0.0,
      "shape": "SmoothCylinder",
      "pixel_coords": [
        52,
        30,
        12.802582740783691
      ]
    },
    {
      "color": [
        1.0,
        0.0,
        1.0,
        1.0
      ],
      "size": 1.5,
      "material": "Rubber",
      "3d_coords": [
        1.5429600477218628,
        -1.6149342060089111,
        1.5
      ],
      "rotation": 0.0,
      "shape": "SmoothCube_v2",
      "pixel_coords": [
        62,
        59,
        8.379022598266602
      ]
    }
  ],
  "Lamp_Key": [
    5.733245372772217,
    -2.2780001163482666,
    4.236236572265625
  ],
  "image_filename": "000010991202553362",
  "Camera": [
    7.158137798309326,
    -6.726169586181641,
    5.058806896209717
  ]
}