{
  "image_filename": "000017180149167082",
  "Camera": [
    7.296217441558838,
    -6.409790515899658,
    5.010062217712402
  ],
  "Lamp_Back": [
    -2.132570266723633,
    3.4401960372924805,
    6.403609752655029
  ],
  "Lamp_Fill": [
    -4.448675155639648,
    -3.191387176513672,
    3.4488775730133057
  ],
  "Lamp_Key": [
    6.346837043762207,
    -3.356623888015747,
    4.260262966156006
  ],
  "objects": [
    {
      "color": [
        0.0,
        1.0,
        0.0,
        1.0
      ],
      "3d_coords": [
        2.973966598510742,
        -2.366637706756592,
        1.0
      ],
      "size": 1.0,
      "rotation": 0.0,
      "material": "Rubber",
      "pixel_coords": [
        68,
        81,
        7.095768928527832
      ],
      "shape": "Suzanne"
    },
    {
      "color": [
        0.0,
        1.0,
        1.0,
        1.0
      ],
      "3d_coords": [
        0.9952853918075562,
        -2.678316593170166,
        1.0
      ],
      "size": 1.0,
      "rotation": 0.0,
      "material": "MyMetal",
      "pixel_coords": [
        41,
        68,
        8.234046936035156
      ],
      "shape": "SmoothCylinder"
    }
  ]
}