{
  "image_filename": "000003578408547150",
  "Lamp_Fill": [
    -5.648420333862305,
    -3.087440252304077,
    3.1640238761901855
  ],
  "objects": [
    {
      "shape": "SmoothCube_v2",
      "pixel_coords": [
        116,
        50,
        9.957452774047852
      ],
      "color": [
        1.0,
        0.0,
        1.0,
        1.0
      ],
      "3d_coords": [
        2.8499343395233154,
        2.4469738006591797,
        1.5
      ],
      "rotation": 0.0,
      "size": 1.5,
      "material": "Rubber"
    },
    {
      "shape": "SmoothCylinder",
      "pixel_coords": [
        30,
        47,
        11.605125427246094
      ],
      "color": [
        1.0,
        0.0,
        0.0,
        1.0
      ],
      "3d_coords": [
        -2.6369824409484863,
        -1.435633897781372,
        1.0
      ],
      "rotation": 0.0,
      "size": 1.0,
      "material": "Rubber"
    }
  ],
  "Camera": [
    7.277751922607422,
    -6.271288871765137,
    5.780543804168701
  ],
  "Lamp_Back": [
    -0.9104636311531067,
    3.011014699935913,
    6.046928405761719
  ],
  "Lamp_Key": [
    7.269629001617432,
    -3.5394062995910645,
    3.5454657077789307
  ]
}