{
  "image_filename": "000011528652840305",
  "Camera": [
    7.482658863067627,
    -6.25825834274292,
    5.437089443206787
  ],
  "Lamp_Key": [
    5.616154193878174,
    -3.3608877658843994,
    4.21751594543457
  ],
  "objects": [
    {
      "color": [
        1.0,
        0.0,
        0.0,
        1.0
      ],
      "shape": "SmoothCube_v2",
      "3d_coords": [
        -0.819954514503479,
        -0.051160626113414764,
        2.0
      ],
      "material": "MyMetal",
      "rotation": 0.0,
      "size": 2.0,
      "pixel_coords": [
        57,
        37,
        10.7147216796875
      ]
    },
    {
      "color": [
        1.0,
        0.0,
        0.0,
        1.0
      ],
      "shape": "SmoothCube_v2",
      "3d_coords": [
        -2.725278615951538,
        -1.719319224357605,
        2.0
      ],
      "material": "MyMetal",
      "rotation": 0.0,
      "size": 2.0,
      "pixel_coords": [
        25,
        36,
        11.05652141571045
      ]
    }
  ],
  "Lamp_Fill": [
    -4.836841106414795,
    -4.500223636627197,
    3.397152900695801
  ],
  "Lamp_Back": [
    -1.732154369354248,
    2.679408311843872,
    4.983489036560059
  ]
}