{
  "Camera": [
    7.611488342285156,
    -6.133721351623535,
    5.419442176818848
  ],
  "Lamp_Back": [
    -1.492729902267456,
    3.5031936168670654,
    5.544936656951904
  ],
  "objects": [
    {
      "size": 1.0,
      "material": "Rubber",
      "shape": "Suzanne",
      "pixel_coords": [
        32,
        52,
        10.784122467041016
      ],
      "3d_coords": [
        -1.6188281774520874,
        -1.841399073600769,
        1.0
      ],
      "color": [
        0.0,
        1.0,
        0.0,
        1.0
      ],
      "rotation": 0.0
    },
    {
      "size": 1.0,
      "material": "MyMetal",
      "shape": "Suzanne",
      "pixel_coords": [
        77,
        49,
        11.26865291595459
      ],
      "3d_coords": [
        0.14738059043884277,
        1.2332631349563599,
        1.0
      ],
      "color": [
        0.0,
        1.0,
        1.0,
        1.0
      ],
      "rotation": 0.0
    }
  ],
  "Lamp_Fill": [
    -5.3102545738220215,
    -3.5133917331695557,
    3.059758424758911
  ],
  "image_filename": "000005434929607232",
  "Lamp_Key": [
    6.892354488372803,
    -2.8680548667907715,
    4.4741315841674805
  ]
}