{
  "image_filename": "000011609686293424",
  "objects": [
    {
      "shape": "Torus",
      "size": 1.5,
      "material": "data/materials/PoliigonWoodFlooring061.blend",
      "3d_coords": [
        -2.0632355213165283,
        -1.3289704322814941,
        1.5
      ],
      "rotation": 0.0,
      "pixel_coords": [
        34,
        44,
        11.172910690307617
      ]
    },
    {
      "shape": "Icosahedron",
      "size": 1.5,
      "material": "data/materials/PoliigonFabricFleece001.blend",
      "3d_coords": [
        1.4720619916915894,
        0.5297627449035645,
        1.5
      ],
      "rotation": 0.0,
      "pixel_coords": [
        83,
        51,
        10.027454376220703
      ]
    }
  ],
  "ground_material": "data/materials/PoliigonFabricDenim003.blend",
  "Lamp_Key": [
    6.522721767425537,
    -3.1792941093444824,
    4.763002872467041
  ],
  "Lamp_Back": [
    -1.605385184288025,
    2.486398935317993,
    5.19197940826416
  ],
  "Lamp_Fill": [
    -4.40660285949707,
    -4.068817615509033,
    3.156827449798584
  ],
  "Camera": [
    7.22224235534668,
    -6.710285186767578,
    5.728003978729248
  ]
}