{
  "Lamp_Key": [
    5.864400863647461,
    -3.5532643795013428,
    3.2988123893737793
  ],
  "Lamp_Back": [
    -1.1703522205352783,
    3.3621695041656494,
    6.438419818878174
  ],
  "Lamp_Fill": [
    -4.557437896728516,
    -4.607396125793457,
    2.951280117034912
  ],
  "image_filename": "000000399784617604",
  "Camera": [
    7.407220840454102,
    -6.690839767456055,
    4.9833083152771
  ],
  "objects": [
    {
      "material": "Rubber",
      "color": [
        0.0,
        1.0,
        0.0,
        1.0
      ],
      "size": 2.0,
      "rotation": 0.0,
      "shape": "Sphere",
      "pixel_coords": [
        78,
        34,
        11.792901992797852
      ],
      "3d_coords": [
        -0.48232975602149963,
        2.0167667865753174,
        2.0
      ]
    },
    {
      "material": "MyMetal",
      "color": [
        0.0,
        1.0,
        0.0,
        1.0
      ],
      "size": 2.0,
      "rotation": 0.0,
      "shape": "SmoothCube_v2",
      "pixel_coords": [
        24,
        36,
        11.240494728088379
      ],
      "3d_coords": [
        -2.9458370208740234,
        -1.631605863571167,
        2.0
      ]
    }
  ]
}