{
  "image_filename": "000001477145247617",
  "objects": [
    {
      "shape": "Suzanne",
      "size": 2.0,
      "material": "data/materials/PoliigonMetalSpottyDiscoloration001.blend",
      "3d_coords": [
        2.610252857208252,
        -1.2088862657546997,
        2.0
      ],
      "rotation": 0.0,
      "pixel_coords": [
        77,
        55,
        7.850615501403809
      ]
    },
    {
      "shape": "Cube",
      "size": 2.0,
      "material": "data/materials/PoliigonChainmailCopperRoundedThin001.blend",
      "3d_coords": [
        -0.5172232985496521,
        2.523252487182617,
        2.0
      ],
      "rotation": 0.0,
      "pixel_coords": [
        83,
        33,
        12.11307144165039
      ]
    }
  ],
  "ground_material": "data/materials/PoliigonRoofTilesTerracotta004.blend",
  "Lamp_Key": [
    5.475063800811768,
    -3.8486201763153076,
    3.2631263732910156
  ],
  "Lamp_Back": [
    -1.155320644378662,
    2.945930004119873,
    5.121082305908203
  ],
  "Lamp_Fill": [
    -4.532003879547119,
    -3.1736109256744385,
    3.072476625442505
  ],
  "Camera": [
    7.76672887802124,
    -6.330488681793213,
    5.09655237197876
  ]
}