{
  "image_filename": "00000023",
  "objects": [
    {
      "shape": "circle",
      "size": 0.325,
      "rotation": 0.0,
      "2d_coords": [
        0.8351242975662636,
        0.14032181299072735
      ],
      "color": [
        255,
        127,
        0
      ]
    },
    {
      "shape": "star_4",
      "size": 0.125,
      "rotation": 0.0,
      "2d_coords": [
        0.5301191135758361,
        0.32412382760831693
      ],
      "color": [
        0,
        127,
        255
      ]
    }
  ]
}