{
  "image_filename": "00000067",
  "objects": [
    {
      "shape": "square",
      "size": 0.425,
      "rotation": 0.0,
      "2d_coords": [
        0.6787760193353075,
        0.6556899718931037
      ],
      "color": [
        0,
        127,
        255
      ]
    },
    {
      "shape": "square",
      "size": 0.425,
      "rotation": 0.0,
      "2d_coords": [
        0.17735583705971025,
        0.8293509217098296
      ],
      "color": [
        0,
        127,
        255
      ]
    }
  ]
}