{
  "image_filename": "00000053",
  "objects": [
    {
      "shape": "square",
      "size": 0.325,
      "rotation": 0.0,
      "2d_coords": [
        0.513430862205469,
        0.7536548783867834
      ],
      "color": [
        255,
        127,
        0
      ]
    },
    {
      "shape": "square",
      "size": 0.325,
      "rotation": 0.0,
      "2d_coords": [
        0.40617980725114766,
        0.2949192253310854
      ],
      "color": [
        0,
        127,
        255
      ]
    }
  ]
}