{
  "image_filename": "000002858310641997",
  "objects": [
    {
      "shape": "Cube",
      "size": 2.0,
      "material": "data/materials/PoliigonRoofTilesTerracotta004.blend",
      "3d_coords": [
        1.6103196144104004,
        1.75595223903656,
        2.0
      ],
      "rotation": 0.0,
      "pixel_coords": [
        97,
        40,
        10.047394752502441
      ]
    },
    {
      "shape": "Cube",
      "size": 1.5,
      "material": "data/materials/PoliigonRoofTilesTerracotta004.blend",
      "3d_coords": [
        -2.7012362480163574,
        1.9533573389053345,
        1.5
      ],
      "rotation": 0.0,
      "pixel_coords": [
        60,
        33,
        13.18933391571045
      ]
    }
  ],
  "ground_material": "data/materials/PoliigonBricksPaintedWhite001.blend",
  "Lamp_Key": [
    6.182352066040039,
    -3.0454907417297363,
    4.87637996673584
  ],
  "Lamp_Back": [
    -2.129897356033325,
    3.2122132778167725,
    6.063138484954834
  ],
  "Lamp_Fill": [
    -5.296816825866699,
    -3.0477447509765625,
    2.5096075534820557
  ],
  "Camera": [
    7.120757579803467,
    -6.462459564208984,
    5.42524528503418
  ]
}