{
  "image_filename": "00000038",
  "objects": [
    {
      "shape": "circle",
      "size": 0.225,
      "rotation": 0.0,
      "2d_coords": [
        0.6796175542022763,
        0.9211690099438045
      ],
      "color": [
        0,
        255,
        0
      ]
    },
    {
      "shape": "square",
      "size": 0.425,
      "rotation": 0.0,
      "2d_coords": [
        0.8658565843392828,
        0.4643480451756221
      ],
      "color": [
        0,
        127,
        255
      ]
    }
  ]
}