{
  "image_filename": "000015251635536563",
  "objects": [
    {
      "material": "MyMetal",
      "3d_coords": [
        0.2126614898443222,
        2.384265184402466,
        2.0
      ],
      "shape": "SmoothCube_v2",
      "color": [
        0.0,
        1.0,
        0.0,
        1.0
      ],
      "size": 2.0,
      "rotation": 0.0,
      "pixel_coords": [
        88,
        35,
        11.567802429199219
      ]
    },
    {
      "material": "MyMetal",
      "3d_coords": [
        0.3905792832374573,
        -2.514608383178711,
        1.0
      ],
      "shape": "Sphere",
      "color": [
        0.0,
        0.0,
        1.0,
        1.0
      ],
      "size": 1.0,
      "rotation": 0.0,
      "pixel_coords": [
        39,
        66,
        9.204447746276855
      ]
    }
  ],
  "Camera": [
    7.414102554321289,
    -6.404966354370117,
    5.794529914855957
  ],
  "Lamp_Fill": [
    -5.032910346984863,
    -4.471127510070801,
    3.286022424697876
  ],
  "Lamp_Back": [
    -0.5752527713775635,
    1.7142164707183838,
    5.312857627868652
  ],
  "Lamp_Key": [
    6.2216291427612305,
    -3.5184175968170166,
    3.6586403846740723
  ]
}