{
  "Camera": [
    7.414974689483643,
    -6.267543315887451,
    5.7164740562438965
  ],
  "Lamp_Fill": [
    -5.365627765655518,
    -3.358156204223633,
    3.4133553504943848
  ],
  "image_filename": "000009208439406672",
  "Lamp_Key": [
    6.44040060043335,
    -3.5509939193725586,
    5.221218109130859
  ],
  "Lamp_Back": [
    -2.1226933002471924,
    1.955142617225647,
    6.029533386230469
  ],
  "objects": [
    {
      "size": 1.0,
      "rotation": 0.0,
      "material": "MyMetal",
      "3d_coords": [
        -0.013643432408571243,
        -0.04941484332084656,
        1.0
      ],
      "shape": "Suzanne",
      "pixel_coords": [
        63,
        53,
        10.740973472595215
      ],
      "color": [
        1.0,
        0.0,
        0.0,
        1.0
      ]
    },
    {
      "size": 1.0,
      "rotation": 0.0,
      "material": "MyMetal",
      "3d_coords": [
        -1.9484760761260986,
        -0.7328528761863708,
        1.0
      ],
      "shape": "Suzanne",
      "pixel_coords": [
        42,
        47,
        11.634147644042969
      ],
      "color": [
        1.0,
        0.0,
        0.0,
        1.0
      ]
    }
  ]
}