{
  "Camera": [
    7.3516082763671875,
    -6.46165657043457,
    5.3334808349609375
  ],
  "image_filename": "000016404641190156",
  "Lamp_Back": [
    -1.522052526473999,
    2.415515661239624,
    6.287405967712402
  ],
  "objects": [
    {
      "size": 1.0,
      "shape": "Sphere",
      "rotation": 0.0,
      "color": [
        0.0,
        0.0,
        1.0,
        1.0
      ],
      "material": "Rubber",
      "3d_coords": [
        1.73310387134552,
        -1.6903727054595947,
        1.0
      ],
      "pixel_coords": [
        62,
        69,
        8.54507827758789
      ]
    },
    {
      "size": 2.0,
      "shape": "Sphere",
      "rotation": 0.0,
      "color": [
        1.0,
        0.0,
        0.0,
        1.0
      ],
      "material": "Rubber",
      "3d_coords": [
        0.6080777645111084,
        2.023977041244507,
        2.0
      ],
      "pixel_coords": [
        89,
        36,
        10.96180534362793
      ]
    }
  ],
  "Lamp_Fill": [
    -4.389188766479492,
    -4.053062438964844,
    3.9972338676452637
  ],
  "Lamp_Key": [
    7.401187896728516,
    -2.964402198791504,
    4.984365463256836
  ]
}