{
  "image_filename": "000011544595372352",
  "objects": [
    {
      "shape": "Suzanne",
      "size": 1.5,
      "material": "data/materials/PoliigonMetalSpottyDiscoloration001.blend",
      "3d_coords": [
        -2.058436632156372,
        -2.4915804862976074,
        1.5
      ],
      "rotation": 0.0,
      "pixel_coords": [
        22,
        46,
        10.713080406188965
      ]
    },
    {
      "shape": "Cylinder",
      "size": 1.0,
      "material": "data/materials/PoliigonRoofTilesTerracotta004.blend",
      "3d_coords": [
        -1.4502509832382202,
        2.8761651515960693,
        1.0
      ],
      "rotation": 0.0,
      "pixel_coords": [
        78,
        41,
        13.5322265625
      ]
    }
  ],
  "ground_material": "data/materials/PoliigonMetalSpottyDiscoloration001.blend",
  "Lamp_Key": [
    5.986811637878418,
    -2.974860668182373,
    4.4278082847595215
  ],
  "Lamp_Back": [
    -0.9898688197135925,
    3.4155778884887695,
    4.926461696624756
  ],
  "Lamp_Fill": [
    -5.188934326171875,
    -4.87313985824585,
    3.93217134475708
  ],
  "Camera": [
    7.860400199890137,
    -6.380498886108398,
    5.177640914916992
  ]
}