{
  "objects": [
    {
      "material": "MyMetal",
      "color": [
        0.0,
        1.0,
        1.0,
        1.0
      ],
      "rotation": 0.0,
      "shape": "Sphere",
      "pixel_coords": [
        73,
        43,
        10.561915397644043
      ],
      "size": 2.0,
      "3d_coords": [
        0.7312271595001221,
        0.3088971972465515,
        2.0
      ]
    },
    {
      "material": "Rubber",
      "color": [
        0.0,
        1.0,
        0.0,
        1.0
      ],
      "rotation": 0.0,
      "shape": "SmoothCylinder",
      "pixel_coords": [
        111,
        54,
        11.295828819274902
      ],
      "size": 1.0,
      "3d_coords": [
        2.462007761001587,
        2.8408663272857666,
        1.0
      ]
    }
  ],
  "Lamp_Fill": [
    -3.831111192703247,
    -3.415468454360962,
    3.8324344158172607
  ],
  "image_filename": "000005918946097417",
  "Lamp_Back": [
    -0.9061743021011353,
    2.1220104694366455,
    6.243789196014404
  ],
  "Lamp_Key": [
    7.2754950523376465,
    -2.370213747024536,
    3.445858955383301
  ],
  "Camera": [
    7.973562717437744,
    -6.607289791107178,
    5.771779537200928
  ]
}