{
  "Lamp_Back": [
    -0.5479788780212402,
    2.4112353324890137,
    6.367605209350586
  ],
  "Camera": [
    7.274420261383057,
    -6.425599575042725,
    5.726812362670898
  ],
  "objects": [
    {
      "shape": "SmoothCube_v2",
      "size": 1.0,
      "material": "Rubber",
      "pixel_coords": [
        54,
        43,
        12.384160041809082
      ],
      "rotation": 0.0,
      "color": [
        0.0,
        1.0,
        1.0,
        1.0
      ],
      "3d_coords": [
        -2.0228638648986816,
        0.5560859441757202,
        1.0
      ]
    },
    {
      "shape": "SmoothCylinder",
      "size": 1.0,
      "material": "Rubber",
      "pixel_coords": [
        17,
        50,
        11.277912139892578
      ],
      "rotation": 0.0,
      "color": [
        0.0,
        1.0,
        0.0,
        1.0
      ],
      "3d_coords": [
        -2.938361167907715,
        -2.420536756515503,
        1.0
      ]
    }
  ],
  "Lamp_Fill": [
    -4.484268665313721,
    -3.0850329399108887,
    2.3661301136016846
  ],
  "Lamp_Key": [
    5.841291904449463,
    -3.3760180473327637,
    4.883397102355957
  ],
  "image_filename": "000011126371551161"
}