{
  "Camera": [
    7.63208532333374,
    -6.035027027130127,
    5.033446311950684
  ],
  "Lamp_Back": [
    -1.5669775009155273,
    2.4031291007995605,
    6.742141246795654
  ],
  "Lamp_Key": [
    6.977868556976318,
    -2.981678009033203,
    4.789460182189941
  ],
  "image_filename": "000005084476334834",
  "Lamp_Fill": [
    -3.82138991355896,
    -4.808401584625244,
    3.68350887298584
  ],
  "objects": [
    {
      "shape": "SmoothCube_v2",
      "size": 1.5,
      "color": [
        1.0,
        0.0,
        1.0,
        1.0
      ],
      "3d_coords": [
        1.0386165380477905,
        2.2691469192504883,
        1.5
      ],
      "material": "Rubber",
      "pixel_coords": [
        95,
        43,
        10.7919921875
      ],
      "rotation": 0.0
    },
    {
      "shape": "SmoothCube_v2",
      "size": 1.0,
      "color": [
        1.0,
        0.0,
        0.0,
        1.0
      ],
      "3d_coords": [
        1.9551888704299927,
        -2.739126443862915,
        1.0
      ],
      "material": "Rubber",
      "pixel_coords": [
        47,
        75,
        7.624070167541504
      ],
      "rotation": 0.0
    }
  ]
}