{
  "image_filename": "00000057",
  "objects": [
    {
      "shape": "square",
      "size": 0.325,
      "rotation": 0.0,
      "2d_coords": [
        0.26749495397425205,
        0.22615921610742146
      ],
      "color": [
        255,
        0,
        255
      ]
    },
    {
      "shape": "star_4",
      "size": 0.225,
      "rotation": 0.0,
      "2d_coords": [
        0.8466604203847995,
        0.3311428631541962
      ],
      "color": [
        255,
        127,
        0
      ]
    }
  ]
}