{
  "image_filename": "000009392347316250",
  "Lamp_Fill": [
    -4.339893341064453,
    -4.6295318603515625,
    3.87865948677063
  ],
  "Lamp_Key": [
    7.048469066619873,
    -2.553828239440918,
    3.5895678997039795
  ],
  "Lamp_Back": [
    -1.0944918394088745,
    1.6584168672561646,
    4.979621887207031
  ],
  "objects": [
    {
      "3d_coords": [
        -1.7442818880081177,
        2.371342897415161,
        1.5
      ],
      "material": "MyMetal",
      "rotation": 0.0,
      "color": [
        0.0,
        1.0,
        0.0,
        1.0
      ],
      "pixel_coords": [
        72,
        35,
        13.042556762695312
      ],
      "shape": "Sphere",
      "size": 1.5
    },
    {
      "3d_coords": [
        -1.090683937072754,
        -2.28666090965271,
        1.5
      ],
      "material": "MyMetal",
      "rotation": 0.0,
      "color": [
        0.0,
        1.0,
        0.0,
        1.0
      ],
      "pixel_coords": [
        30,
        50,
        10.069337844848633
      ],
      "shape": "Sphere",
      "size": 1.5
    }
  ],
  "Camera": [
    7.70849609375,
    -6.132183074951172,
    5.540797710418701
  ]
}