{
  "Camera": [
    7.142707347869873,
    -6.026897430419922,
    5.735191822052002
  ],
  "Lamp_Key": [
    5.996762275695801,
    -3.3614542484283447,
    4.866687297821045
  ],
  "objects": [
    {
      "size": 1.0,
      "color": [
        1.0,
        1.0,
        0.0,
        1.0
      ],
      "pixel_coords": [
        16,
        50,
        10.864124298095703
      ],
      "3d_coords": [
        -2.768562078475952,
        -2.5133063793182373,
        1.0
      ],
      "rotation": 0.0,
      "shape": "SmoothCylinder",
      "material": "MyMetal"
    },
    {
      "size": 1.0,
      "color": [
        1.0,
        0.0,
        1.0,
        1.0
      ],
      "pixel_coords": [
        78,
        47,
        11.336889266967773
      ],
      "3d_coords": [
        -0.050162483006715775,
        1.5685055255889893,
        1.0
      ],
      "rotation": 0.0,
      "shape": "SmoothCylinder",
      "material": "MyMetal"
    }
  ],
  "image_filename": "000012580638908034",
  "Lamp_Fill": [
    -5.299093246459961,
    -3.183195114135742,
    3.6224515438079834
  ],
  "Lamp_Back": [
    -1.5013114213943481,
    2.6872663497924805,
    6.208446979522705
  ]
}