{
  "image_filename": "000005975436739828",
  "objects": [
    {
      "shape": "Icosahedron",
      "size": 2.0,
      "material": "data/materials/PoliigonMetalSpottyDiscoloration001.blend",
      "3d_coords": [
        -1.5610644817352295,
        -0.8881707787513733,
        2.0
      ],
      "rotation": 0.0,
      "pixel_coords": [
        42,
        38,
        11.062877655029297
      ]
    },
    {
      "shape": "Cone",
      "size": 2.0,
      "material": "data/materials/PoliigonMetalSpottyDiscoloration001.blend",
      "3d_coords": [
        1.513862133026123,
        2.794590711593628,
        2.0
      ],
      "rotation": 0.0,
      "pixel_coords": [
        102,
        37,
        11.254576683044434
      ]
    }
  ],
  "ground_material": "data/materials/PoliigonWoodFlooring061.blend",
  "Lamp_Key": [
    6.121431350708008,
    -1.9102007150650024,
    4.902524471282959
  ],
  "Lamp_Back": [
    -1.1089208126068115,
    3.550025701522827,
    6.312976837158203
  ],
  "Lamp_Fill": [
    -3.775385618209839,
    -3.7156057357788086,
    2.118189573287964
  ],
  "Camera": [
    7.5793256759643555,
    -6.924559593200684,
    5.078263282775879
  ]
}