{
  "Lamp_Fill": [
    -3.890674114227295,
    -3.129876136779785,
    2.9311137199401855
  ],
  "Lamp_Key": [
    7.438699245452881,
    -3.0717623233795166,
    3.469064235687256
  ],
  "Lamp_Back": [
    -0.8051658868789673,
    2.6671013832092285,
    4.987803936004639
  ],
  "objects": [
    {
      "color": [
        1.0,
        0.0,
        1.0,
        1.0
      ],
      "pixel_coords": [
        65,
        46,
        10.219130516052246
      ],
      "rotation": 0.0,
      "material": "Rubber",
      "shape": "Suzanne",
      "size": 1.5,
      "3d_coords": [
        0.02687637321650982,
        0.06762317568063736,
        1.5
      ]
    },
    {
      "color": [
        0.0,
        0.0,
        1.0,
        1.0
      ],
      "pixel_coords": [
        95,
        34,
        11.040792465209961
      ],
      "rotation": 0.0,
      "material": "MyMetal",
      "shape": "Sphere",
      "size": 2.0,
      "3d_coords": [
        0.6668144464492798,
        2.6480700969696045,
        2.0
      ]
    }
  ],
  "Camera": [
    7.312544345855713,
    -6.27211332321167,
    5.09851598739624
  ],
  "image_filename": "000015370706860374"
}