{
  "image_filename": "000002031097736180",
  "objects": [
    {
      "shape": "Icosahedron",
      "size": 1.0,
      "material": "data/materials/PoliigonFabricDenim003.blend",
      "3d_coords": [
        1.7924628257751465,
        -2.600027322769165,
        1.0
      ],
      "rotation": 0.0,
      "pixel_coords": [
        48,
        75,
        8.298072814941406
      ]
    },
    {
      "shape": "Icosahedron",
      "size": 2.0,
      "material": "data/materials/PoliigonRoofTilesTerracotta004.blend",
      "3d_coords": [
        2.847907066345215,
        1.8347543478012085,
        2.0
      ],
      "rotation": 0.0,
      "pixel_coords": [
        112,
        47,
        9.454902648925781
      ]
    }
  ],
  "ground_material": "data/materials/PoliigonBricksPaintedWhite001.blend",
  "Lamp_Key": [
    5.952337741851807,
    -2.440458297729492,
    4.701118469238281
  ],
  "Lamp_Back": [
    -0.6677594780921936,
    2.1300103664398193,
    6.428366184234619
  ],
  "Lamp_Fill": [
    -4.651569366455078,
    -3.0942912101745605,
    3.5273172855377197
  ],
  "Camera": [
    7.685422897338867,
    -6.1138014793396,
    5.804831027984619
  ]
}