{
  "Lamp_Key": [
    6.7393035888671875,
    -2.511200189590454,
    5.043416976928711
  ],
  "Camera": [
    7.752427577972412,
    -6.760795593261719,
    5.717878341674805
  ],
  "Lamp_Back": [
    -1.1813139915466309,
    3.3351528644561768,
    5.21857213973999
  ],
  "objects": [
    {
      "pixel_coords": [
        70,
        35,
        12.263598442077637
      ],
      "3d_coords": [
        -0.9453099370002747,
        1.468980073928833,
        2.0
      ],
      "size": 2.0,
      "shape": "Sphere",
      "material": "Rubber",
      "color": [
        0.0,
        0.0,
        1.0,
        1.0
      ],
      "rotation": 0.0
    },
    {
      "pixel_coords": [
        58,
        65,
        9.56494140625
      ],
      "3d_coords": [
        1.214098572731018,
        -1.598253846168518,
        1.0
      ],
      "size": 1.0,
      "shape": "Sphere",
      "material": "Rubber",
      "color": [
        1.0,
        0.0,
        0.0,
        1.0
      ],
      "rotation": 0.0
    }
  ],
  "Lamp_Fill": [
    -4.82958459854126,
    -4.68900728225708,
    2.4917054176330566
  ],
  "image_filename": "000006720524162538"
}