{
  "image_filename": "00000083",
  "objects": [
    {
      "shape": "circle",
      "size": 0.125,
      "rotation": 0.0,
      "2d_coords": [
        0.8532883526473619,
        0.5375390590433765
      ],
      "color": [
        0,
        255,
        0
      ]
    },
    {
      "shape": "star_4",
      "size": 0.325,
      "rotation": 0.0,
      "2d_coords": [
        0.5666827059654097,
        0.2107720745211339
      ],
      "color": [
        255,
        127,
        0
      ]
    }
  ]
}