{
  "image_filename": "00000098",
  "objects": [
    {
      "shape": "triangle",
      "size": 0.325,
      "rotation": 0.0,
      "2d_coords": [
        0.23030584050029473,
        0.662996730853521
      ],
      "color": [
        0,
        127,
        255
      ]
    },
    {
      "shape": "circle",
      "size": 0.425,
      "rotation": 0.0,
      "2d_coords": [
        0.7807607166930108,
        0.6086792871127295
      ],
      "color": [
        0,
        255,
        0
      ]
    }
  ]
}