{
  "image_filename": "000002556973852949",
  "objects": [
    {
      "shape": "Suzanne",
      "size": 1.0,
      "material": "data/materials/PoliigonFabricDenim003.blend",
      "3d_coords": [
        -2.871866464614868,
        -1.5604556798934937,
        1.0
      ],
      "rotation": 0.0,
      "pixel_coords": [
        26,
        48,
        11.680220603942871
      ]
    },
    {
      "shape": "Cylinder",
      "size": 1.5,
      "material": "data/materials/PoliigonChainmailCopperRoundedThin001.blend",
      "3d_coords": [
        0.5365402698516846,
        0.16972748935222626,
        1.5
      ],
      "rotation": 0.0,
      "pixel_coords": [
        71,
        48,
        10.387617111206055
      ]
    }
  ],
  "ground_material": "data/materials/PoliigonChainmailCopperRoundedThin001.blend",
  "Lamp_Key": [
    7.389435291290283,
    -2.219958543777466,
    5.017873764038086
  ],
  "Lamp_Back": [
    -1.095584750175476,
    3.364069938659668,
    5.679417133331299
  ],
  "Lamp_Fill": [
    -5.056021213531494,
    -3.013979434967041,
    2.526494026184082
  ],
  "Camera": [
    7.028160095214844,
    -6.970658302307129,
    5.551912307739258
  ]
}