{
  "image_filename": "000006616201248629",
  "Lamp_Back": [
    -1.405341386795044,
    2.181403398513794,
    6.117739200592041
  ],
  "Camera": [
    6.981583118438721,
    -6.071423053741455,
    5.469622611999512
  ],
  "objects": [
    {
      "size": 2.0,
      "3d_coords": [
        -0.3801722824573517,
        0.717135488986969,
        2.0
      ],
      "color": [
        0.0,
        0.0,
        1.0,
        1.0
      ],
      "material": "Rubber",
      "pixel_coords": [
        68,
        36,
        10.38235092163086
      ],
      "shape": "SmoothCube_v2",
      "rotation": 0.0
    },
    {
      "size": 2.0,
      "3d_coords": [
        2.405029296875,
        -2.5673699378967285,
        2.0
      ],
      "color": [
        1.0,
        1.0,
        0.0,
        1.0
      ],
      "material": "MyMetal",
      "pixel_coords": [
        57,
        65,
        6.717817306518555
      ],
      "shape": "Sphere",
      "rotation": 0.0
    }
  ],
  "Lamp_Fill": [
    -5.444443225860596,
    -4.165250301361084,
    3.7100729942321777
  ],
  "Lamp_Key": [
    6.330775260925293,
    -2.35604190826416,
    3.9664299488067627
  ]
}