{
  "image_filename": "000000243015844022",
  "objects": [
    {
      "shape": "Suzanne",
      "size": 1.5,
      "material": "data/materials/PoliigonMetalSpottyDiscoloration001.blend",
      "3d_coords": [
        1.4191232919692993,
        -2.193777322769165,
        1.5
      ],
      "rotation": 0.0,
      "pixel_coords": [
        53,
        61,
        8.24856185913086
      ]
    },
    {
      "shape": "Torus",
      "size": 1.0,
      "material": "data/materials/PoliigonFabricDenim003.blend",
      "3d_coords": [
        1.1816070079803467,
        0.710568904876709,
        1.0
      ],
      "rotation": 0.0,
      "pixel_coords": [
        82,
        54,
        10.37606430053711
      ]
    }
  ],
  "ground_material": "data/materials/PoliigonMetalSpottyDiscoloration001.blend",
  "Lamp_Key": [
    6.128138542175293,
    -3.2632877826690674,
    4.846723556518555
  ],
  "Lamp_Back": [
    -1.494498610496521,
    2.935436725616455,
    5.815281867980957
  ],
  "Lamp_Fill": [
    -3.9799537658691406,
    -4.176816463470459,
    2.3723597526550293
  ],
  "Camera": [
    7.369297027587891,
    -6.716496467590332,
    5.058082103729248
  ]
}