{
  "image_filename": "000010237267087319",
  "objects": [
    {
      "shape": "Torus",
      "size": 1.0,
      "material": "data/materials/PoliigonChainmailCopperRoundedThin001.blend",
      "3d_coords": [
        -1.1097267866134644,
        -2.4175782203674316,
        1.0
      ],
      "rotation": 0.0,
      "pixel_coords": [
        29,
        57,
        10.297657012939453
      ]
    },
    {
      "shape": "Torus",
      "size": 1.5,
      "material": "data/materials/PoliigonBricksPaintedWhite001.blend",
      "3d_coords": [
        -0.8445892333984375,
        1.7544862031936646,
        1.5
      ],
      "rotation": 0.0,
      "pixel_coords": [
        74,
        39,
        12.119671821594238
      ]
    }
  ],
  "ground_material": "data/materials/PoliigonMetalSpottyDiscoloration001.blend",
  "Lamp_Key": [
    5.817995071411133,
    -3.4850499629974365,
    4.912098407745361
  ],
  "Lamp_Back": [
    -0.878259539604187,
    2.6701972484588623,
    5.666950225830078
  ],
  "Lamp_Fill": [
    -3.9870214462280273,
    -4.1938018798828125,
    2.7547638416290283
  ],
  "Camera": [
    7.609401702880859,
    -6.144962787628174,
    5.800835132598877
  ]
}