{
  "Lamp_Key": [
    5.908759117126465,
    -2.920443534851074,
    5.059915065765381
  ],
  "Camera": [
    7.967268943786621,
    -6.960152626037598,
    5.519079685211182
  ],
  "Lamp_Fill": [
    -3.9744985103607178,
    -4.588486671447754,
    2.86157488822937
  ],
  "Lamp_Back": [
    -1.2593713998794556,
    3.279756546020508,
    6.4011945724487305
  ],
  "image_filename": "000006421567285044",
  "objects": [
    {
      "pixel_coords": [
        60,
        34,
        12.94340991973877
      ],
      "3d_coords": [
        -1.9089306592941284,
        1.134076476097107,
        2.0
      ],
      "size": 2.0,
      "color": [
        0.0,
        0.0,
        1.0,
        1.0
      ],
      "shape": "SmoothCube_v2",
      "rotation": 0.0,
      "material": "MyMetal"
    },
    {
      "pixel_coords": [
        75,
        54,
        10.014623641967773
      ],
      "3d_coords": [
        1.5757721662521362,
        -0.29452964663505554,
        1.5
      ],
      "size": 1.5,
      "color": [
        0.0,
        1.0,
        1.0,
        1.0
      ],
      "shape": "Suzanne",
      "rotation": 0.0,
      "material": "Rubber"
    }
  ]
}