{
  "Lamp_Key": [
    6.373265743255615,
    -3.0775632858276367,
    3.980149745941162
  ],
  "objects": [
    {
      "rotation": 0.0,
      "color": [
        0.0,
        1.0,
        1.0,
        1.0
      ],
      "shape": "Suzanne",
      "material": "MyMetal",
      "size": 1.0,
      "pixel_coords": [
        37,
        59,
        9.953912734985352
      ],
      "3d_coords": [
        -0.48657259345054626,
        -2.108557939529419,
        1.0
      ]
    },
    {
      "rotation": 0.0,
      "color": [
        0.0,
        1.0,
        0.0,
        1.0
      ],
      "shape": "SmoothCylinder",
      "material": "Rubber",
      "size": 1.0,
      "pixel_coords": [
        92,
        56,
        10.318544387817383
      ],
      "3d_coords": [
        1.8577375411987305,
        1.0970534086227417,
        1.0
      ]
    }
  ],
  "image_filename": "000011626904756704",
  "Camera": [
    7.3444504737854,
    -6.663758277893066,
    5.549663543701172
  ],
  "Lamp_Fill": [
    -4.108214855194092,
    -4.869892597198486,
    2.5554497241973877
  ],
  "Lamp_Back": [
    -0.2704344093799591,
    2.7409555912017822,
    6.192902565002441
  ]
}