{
  "Lamp_Back": [
    -1.667333722114563,
    3.1229450702667236,
    6.435750484466553
  ],
  "Lamp_Key": [
    5.587169170379639,
    -3.0269508361816406,
    4.428518772125244
  ],
  "image_filename": "000008297164790204",
  "Lamp_Fill": [
    -5.160135269165039,
    -4.957361221313477,
    2.7319467067718506
  ],
  "objects": [
    {
      "shape": "Sphere",
      "3d_coords": [
        2.5514185428619385,
        -1.462507724761963,
        1.5
      ],
      "material": "MyMetal",
      "pixel_coords": [
        75,
        64,
        7.980220317840576
      ],
      "rotation": 0.0,
      "size": 1.5,
      "color": [
        0.0,
        1.0,
        0.0,
        1.0
      ]
    },
    {
      "shape": "SmoothCube_v2",
      "3d_coords": [
        0.026649275794625282,
        2.191974639892578,
        1.5
      ],
      "material": "Rubber",
      "pixel_coords": [
        83,
        40,
        11.830780029296875
      ],
      "rotation": 0.0,
      "size": 1.5,
      "color": [
        1.0,
        0.0,
        1.0,
        1.0
      ]
    }
  ],
  "Camera": [
    7.34602165222168,
    -6.743936538696289,
    5.136292457580566
  ]
}