{
  "image_filename": "000011596721402717",
  "objects": [
    {
      "shape": "Torus",
      "size": 2.0,
      "material": "data/materials/PoliigonFabricDenim003.blend",
      "3d_coords": [
        1.228684425354004,
        -1.859271764755249,
        2.0
      ],
      "rotation": 0.0,
      "pixel_coords": [
        55,
        53,
        8.723737716674805
      ]
    },
    {
      "shape": "Suzanne",
      "size": 1.0,
      "material": "data/materials/PoliigonRoofTilesTerracotta004.blend",
      "3d_coords": [
        -2.8527917861938477,
        -1.396810531616211,
        1.0
      ],
      "rotation": 0.0,
      "pixel_coords": [
        30,
        47,
        12.13504695892334
      ]
    }
  ],
  "ground_material": "data/materials/PoliigonBricksPaintedWhite001.blend",
  "Lamp_Key": [
    6.378210067749023,
    -2.6416690349578857,
    5.006911277770996
  ],
  "Lamp_Back": [
    -1.8725305795669556,
    1.7211246490478516,
    5.155828952789307
  ],
  "Lamp_Fill": [
    -3.918887138366699,
    -3.261121988296509,
    2.2702295780181885
  ],
  "Camera": [
    7.522566795349121,
    -6.705616474151611,
    5.713175296783447
  ]
}