{
  "image_filename": "000011161660651513",
  "objects": [
    {
      "shape": "NewellTeapot",
      "size": 2.0,
      "material": "data/materials/PoliigonMetalSpottyDiscoloration001.blend",
      "3d_coords": [
        -2.9707300662994385,
        1.1926164627075195,
        2.0
      ],
      "rotation": 0.0,
      "pixel_coords": [
        52,
        31,
        13.261281967163086
      ]
    },
    {
      "shape": "Torus",
      "size": 1.5,
      "material": "data/materials/PoliigonWoodFlooring061.blend",
      "3d_coords": [
        0.5785738229751587,
        -1.0869381427764893,
        1.5
      ],
      "rotation": 0.0,
      "pixel_coords": [
        58,
        52,
        9.719133377075195
      ]
    }
  ],
  "ground_material": "data/materials/PoliigonFabricDenim003.blend",
  "Lamp_Key": [
    5.892427444458008,
    -2.4298927783966064,
    3.8652637004852295
  ],
  "Lamp_Back": [
    -1.0061982870101929,
    2.4092445373535156,
    5.412803649902344
  ],
  "Lamp_Fill": [
    -3.8599741458892822,
    -3.3159983158111572,
    2.7477598190307617
  ],
  "Camera": [
    7.629961967468262,
    -6.924742221832275,
    4.900979995727539
  ]
}