{
  "objects": [
    {
      "pixel_coords": [
        55,
        69,
        8.384197235107422
      ],
      "material": "MyMetal",
      "rotation": 0.0,
      "size": 1.0,
      "shape": "SmoothCylinder",
      "color": [
        0.0,
        1.0,
        1.0,
        1.0
      ],
      "3d_coords": [
        1.7218129634857178,
        -2.3307249546051025,
        1.0
      ]
    },
    {
      "pixel_coords": [
        33,
        55,
        10.524266242980957
      ],
      "material": "MyMetal",
      "rotation": 0.0,
      "size": 1.0,
      "shape": "Suzanne",
      "color": [
        0.0,
        1.0,
        0.0,
        1.0
      ],
      "3d_coords": [
        -1.2330516576766968,
        -2.045224666595459,
        1.0
      ]
    }
  ],
  "Lamp_Key": [
    5.995221138000488,
    -2.1572370529174805,
    3.7536721229553223
  ],
  "image_filename": "000004723489412071",
  "Lamp_Back": [
    -0.46472111344337463,
    2.5498170852661133,
    5.471828937530518
  ],
  "Camera": [
    7.5717692375183105,
    -6.96112585067749,
    4.877461910247803
  ],
  "Lamp_Fill": [
    -4.416362762451172,
    -3.893352746963501,
    2.0328211784362793
  ]
}