{
  "image_filename": "00000062",
  "objects": [
    {
      "shape": "circle",
      "size": 0.125,
      "rotation": 0.0,
      "2d_coords": [
        0.7651698525893542,
        0.7241410949553874
      ],
      "color": [
        255,
        0,
        255
      ]
    },
    {
      "shape": "star_4",
      "size": 0.425,
      "rotation": 0.0,
      "2d_coords": [
        0.22049991429263915,
        0.5866838049616286
      ],
      "color": [
        255,
        0,
        255
      ]
    }
  ]
}