{
  "Lamp_Fill": [
    -4.525972843170166,
    -3.6657943725585938,
    3.578477382659912
  ],
  "objects": [
    {
      "color": [
        1.0,
        1.0,
        0.0,
        1.0
      ],
      "pixel_coords": [
        82,
        45,
        11.688953399658203
      ],
      "shape": "Suzanne",
      "size": 1.0,
      "rotation": 0.0,
      "material": "Rubber",
      "3d_coords": [
        -0.1037188395857811,
        2.105442523956299,
        1.0
      ]
    },
    {
      "color": [
        1.0,
        1.0,
        0.0,
        1.0
      ],
      "pixel_coords": [
        30,
        47,
        9.995491981506348
      ],
      "shape": "SmoothCylinder",
      "size": 1.5,
      "rotation": 0.0,
      "material": "MyMetal",
      "3d_coords": [
        -1.532641887664795,
        -1.9197731018066406,
        1.5
      ]
    }
  ],
  "Lamp_Back": [
    -1.4441750049591064,
    3.4916093349456787,
    6.50023078918457
  ],
  "image_filename": "000011945928488990",
  "Lamp_Key": [
    7.429572105407715,
    -3.0892999172210693,
    4.001066207885742
  ],
  "Camera": [
    7.065764904022217,
    -6.43401575088501,
    5.127878665924072
  ]
}