{
  "image_filename": "000008431210891759",
  "objects": [
    {
      "3d_coords": [
        -2.102691411972046,
        2.3424344062805176,
        2.0
      ],
      "material": "Rubber",
      "size": 2.0,
      "rotation": 0.0,
      "shape": "Suzanne",
      "pixel_coords": [
        67,
        28,
        12.67070484161377
      ],
      "color": [
        1.0,
        0.0,
        1.0,
        1.0
      ]
    },
    {
      "3d_coords": [
        1.232664942741394,
        -1.8253545761108398,
        1.0
      ],
      "material": "MyMetal",
      "size": 1.0,
      "rotation": 0.0,
      "shape": "Suzanne",
      "pixel_coords": [
        56,
        67,
        8.585738182067871
      ],
      "color": [
        1.0,
        0.0,
        1.0,
        1.0
      ]
    }
  ],
  "Camera": [
    6.992865085601807,
    -6.431457996368408,
    5.428994178771973
  ],
  "Lamp_Fill": [
    -5.150138854980469,
    -3.1065149307250977,
    3.5551557540893555
  ],
  "Lamp_Key": [
    6.520289897918701,
    -1.9474873542785645,
    3.6757988929748535
  ],
  "Lamp_Back": [
    -1.4262830018997192,
    3.277763843536377,
    5.14584493637085
  ]
}