{
  "Camera": [
    7.654343605041504,
    -6.467162132263184,
    5.227890491485596
  ],
  "Lamp_Fill": [
    -5.342226028442383,
    -4.950434684753418,
    3.517069101333618
  ],
  "Lamp_Key": [
    7.050505638122559,
    -2.0406811237335205,
    3.6385610103607178
  ],
  "objects": [
    {
      "size": 2.0,
      "3d_coords": [
        1.2057818174362183,
        -0.7121793031692505,
        2.0
      ],
      "material": "Rubber",
      "pixel_coords": [
        68,
        47,
        9.15319538116455
      ],
      "color": [
        0.0,
        0.0,
        1.0,
        1.0
      ],
      "rotation": 0.0,
      "shape": "Sphere"
    },
    {
      "size": 1.5,
      "3d_coords": [
        -2.1257948875427246,
        -2.2026994228363037,
        1.5
      ],
      "material": "MyMetal",
      "pixel_coords": [
        24,
        46,
        10.787854194641113
      ],
      "color": [
        1.0,
        1.0,
        0.0,
        1.0
      ],
      "rotation": 0.0,
      "shape": "Sphere"
    }
  ],
  "Lamp_Back": [
    -1.7326959371566772,
    2.8783085346221924,
    6.5933146476745605
  ],
  "image_filename": "000001650527259026"
}