{
  "image_filename": "000002008505333595",
  "objects": [
    {
      "shape": "Torus",
      "size": 1.5,
      "material": "data/materials/PoliigonBricksPaintedWhite001.blend",
      "3d_coords": [
        -1.2635239362716675,
        2.8087210655212402,
        1.5
      ],
      "rotation": 0.0,
      "pixel_coords": [
        77,
        35,
        13.047844886779785
      ]
    },
    {
      "shape": "Torus",
      "size": 1.0,
      "material": "data/materials/PoliigonChainmailCopperRoundedThin001.blend",
      "3d_coords": [
        2.350649356842041,
        0.27614957094192505,
        1.0
      ],
      "rotation": 0.0,
      "pixel_coords": [
        91,
        62,
        9.519492149353027
      ]
    }
  ],
  "ground_material": "data/materials/PoliigonBricksPaintedWhite001.blend",
  "Lamp_Key": [
    6.758373260498047,
    -1.9062546491622925,
    4.4379754066467285
  ],
  "Lamp_Back": [
    -0.249801367521286,
    2.8067266941070557,
    5.963349342346191
  ],
  "Lamp_Fill": [
    -4.831034183502197,
    -3.624455690383911,
    2.757089853286743
  ],
  "Camera": [
    7.139426231384277,
    -6.728157997131348,
    5.682522773742676
  ]
}