{
  "image_filename": "000006474018364682",
  "Lamp_Key": [
    5.787689685821533,
    -3.780153751373291,
    4.869431018829346
  ],
  "Camera": [
    7.902190208435059,
    -6.0347065925598145,
    5.491171836853027
  ],
  "Lamp_Fill": [
    -5.346353530883789,
    -4.73610782623291,
    2.909679889678955
  ],
  "Lamp_Back": [
    -1.429161548614502,
    2.4335319995880127,
    5.473507404327393
  ],
  "objects": [
    {
      "color": [
        1.0,
        0.0,
        1.0,
        1.0
      ],
      "pixel_coords": [
        51,
        72,
        8.419795989990234
      ],
      "size": 1.0,
      "material": "Rubber",
      "3d_coords": [
        1.7558354139328003,
        -2.322068929672241,
        1.0
      ],
      "shape": "SmoothCube_v2",
      "rotation": 0.0
    },
    {
      "color": [
        0.0,
        1.0,
        1.0,
        1.0
      ],
      "pixel_coords": [
        20,
        36,
        11.28732681274414
      ],
      "size": 2.0,
      "material": "Rubber",
      "3d_coords": [
        -2.950960397720337,
        -2.178236246109009,
        2.0
      ],
      "shape": "SmoothCube_v2",
      "rotation": 0.0
    }
  ]
}