{
  "Camera": [
    7.414036273956299,
    -6.670109272003174,
    5.642332077026367
  ],
  "Lamp_Back": [
    -0.7503767013549805,
    1.7670502662658691,
    6.596280097961426
  ],
  "image_filename": "000007086533860370",
  "objects": [
    {
      "color": [
        1.0,
        0.0,
        0.0,
        1.0
      ],
      "size": 1.0,
      "pixel_coords": [
        88,
        55,
        10.571415901184082
      ],
      "shape": "SmoothCube_v2",
      "3d_coords": [
        1.5553092956542969,
        1.0510210990905762,
        1.0
      ],
      "rotation": 0.0,
      "material": "Rubber"
    },
    {
      "color": [
        0.0,
        1.0,
        0.0,
        1.0
      ],
      "size": 1.5,
      "pixel_coords": [
        60,
        66,
        8.214204788208008
      ],
      "shape": "Sphere",
      "3d_coords": [
        2.001108407974243,
        -2.079881429672241,
        1.5
      ],
      "rotation": 0.0,
      "material": "MyMetal"
    }
  ],
  "Lamp_Fill": [
    -3.7562246322631836,
    -4.040716648101807,
    2.2348127365112305
  ],
  "Lamp_Key": [
    7.162525653839111,
    -3.7777998447418213,
    4.519134998321533
  ]
}