{
  "Lamp_Key": [
    5.880767822265625,
    -1.9092518091201782,
    4.164169788360596
  ],
  "Lamp_Fill": [
    -4.4003682136535645,
    -3.4675278663635254,
    2.5881826877593994
  ],
  "objects": [
    {
      "color": [
        1.0,
        1.0,
        0.0,
        1.0
      ],
      "rotation": 0.0,
      "shape": "Suzanne",
      "pixel_coords": [
        72,
        28,
        13.185062408447266
      ],
      "size": 2.0,
      "material": "MyMetal",
      "3d_coords": [
        -2.3091750144958496,
        2.7398715019226074,
        2.0
      ]
    },
    {
      "color": [
        0.0,
        1.0,
        1.0,
        1.0
      ],
      "rotation": 0.0,
      "shape": "Sphere",
      "pixel_coords": [
        44,
        45,
        11.905567169189453
      ],
      "size": 1.0,
      "material": "MyMetal",
      "3d_coords": [
        -2.2678353786468506,
        -0.3786108195781708,
        1.0
      ]
    }
  ],
  "Camera": [
    7.666205883026123,
    -6.0332417488098145,
    5.066397190093994
  ],
  "image_filename": "000012748354149069",
  "Lamp_Back": [
    -0.5755611658096313,
    2.8778767585754395,
    5.988435745239258
  ]
}