{
  "image_filename": "000004895074171644",
  "objects": [
    {
      "shape": "Suzanne",
      "size": 1.0,
      "material": "data/materials/PoliigonFabricDenim003.blend",
      "3d_coords": [
        -2.0754570960998535,
        0.9858517050743103,
        1.0
      ],
      "rotation": 0.0,
      "pixel_coords": [
        57,
        42,
        12.433040618896484
      ]
    },
    {
      "shape": "Sphere",
      "size": 1.0,
      "material": "data/materials/PoliigonRoofTilesTerracotta004.blend",
      "3d_coords": [
        0.9818129539489746,
        2.7354776859283447,
        1.0
      ],
      "rotation": 0.0,
      "pixel_coords": [
        97,
        47,
        11.433176040649414
      ]
    }
  ],
  "ground_material": "data/materials/PoliigonBricksFlemishRed001.blend",
  "Lamp_Key": [
    6.577735900878906,
    -2.284740447998047,
    4.7243428230285645
  ],
  "Lamp_Back": [
    -1.770383358001709,
    3.2289059162139893,
    6.695211410522461
  ],
  "Lamp_Fill": [
    -4.932912826538086,
    -4.765991687774658,
    2.3792548179626465
  ],
  "Camera": [
    7.21829080581665,
    -6.334456443786621,
    5.336784362792969
  ]
}