{
  "image_filename": "00000055",
  "objects": [
    {
      "shape": "star_4",
      "size": 0.325,
      "rotation": 0.0,
      "2d_coords": [
        0.14942939989257026,
        0.41453205196725496
      ],
      "color": [
        0,
        127,
        255
      ]
    },
    {
      "shape": "circle",
      "size": 0.425,
      "rotation": 0.0,
      "2d_coords": [
        0.41483622456370045,
        0.33893869103889523
      ],
      "color": [
        255,
        127,
        0
      ]
    }
  ]
}