{
  "image_filename": "00000035",
  "objects": [
    {
      "shape": "circle",
      "size": 0.425,
      "rotation": 0.0,
      "2d_coords": [
        0.7561088455756888,
        0.6376818332437525
      ],
      "color": [
        0,
        127,
        255
      ]
    },
    {
      "shape": "circle",
      "size": 0.425,
      "rotation": 0.0,
      "2d_coords": [
        0.3533306245967969,
        0.7606097068375386
      ],
      "color": [
        0,
        127,
        255
      ]
    }
  ]
}