{
  "Lamp_Key": [
    7.037896633148193,
    -3.819201946258545,
    4.308847427368164
  ],
  "Camera": [
    7.960449695587158,
    -6.235865116119385,
    5.165276527404785
  ],
  "Lamp_Fill": [
    -5.336625576019287,
    -4.854114055633545,
    2.2259104251861572
  ],
  "objects": [
    {
      "pixel_coords": [
        78,
        36,
        13.383344650268555
      ],
      "rotation": 0.0,
      "3d_coords": [
        -1.565622329711914,
        2.9373931884765625,
        1.5
      ],
      "material": "MyMetal",
      "color": [
        0.0,
        0.0,
        1.0,
        1.0
      ],
      "size": 1.5,
      "shape": "SmoothCylinder"
    },
    {
      "pixel_coords": [
        46,
        56,
        10.277327537536621
      ],
      "rotation": 0.0,
      "3d_coords": [
        -0.27663150429725647,
        -1.4870678186416626,
        1.0
      ],
      "material": "MyMetal",
      "color": [
        0.0,
        0.0,
        1.0,
        1.0
      ],
      "size": 1.0,
      "shape": "SmoothCylinder"
    }
  ],
  "Lamp_Back": [
    -0.36692818999290466,
    1.8469300270080566,
    5.44891881942749
  ],
  "image_filename": "000005720906534736"
}