{
  "image_filename": "000000736713016600",
  "objects": [
    {
      "shape": "Torus",
      "size": 2.0,
      "material": "data/materials/PoliigonBricksPaintedWhite001.blend",
      "3d_coords": [
        -2.0275189876556396,
        1.4181675910949707,
        2.0
      ],
      "rotation": 0.0,
      "pixel_coords": [
        61,
        31,
        12.53577709197998
      ]
    },
    {
      "shape": "Torus",
      "size": 1.0,
      "material": "data/materials/PoliigonBricksFlemishRed001.blend",
      "3d_coords": [
        2.754855155944824,
        2.1699252128601074,
        1.0
      ],
      "rotation": 0.0,
      "pixel_coords": [
        111,
        56,
        10.265326499938965
      ]
    }
  ],
  "ground_material": "data/materials/PoliigonRoofTilesTerracotta004.blend",
  "Lamp_Key": [
    7.101463794708252,
    -2.097017765045166,
    3.2949059009552
  ],
  "Lamp_Back": [
    -1.5210758447647095,
    3.433061122894287,
    6.183670520782471
  ],
  "Lamp_Fill": [
    -3.959110975265503,
    -3.440981388092041,
    3.617680549621582
  ],
  "Camera": [
    7.526939868927002,
    -6.5215349197387695,
    5.386641502380371
  ]
}