{
  "image_filename": "000009185739663737",
  "objects": [
    {
      "shape": "Icosahedron",
      "size": 1.0,
      "material": "data/materials/PoliigonFabricFleece001.blend",
      "3d_coords": [
        0.8470006585121155,
        2.936553716659546,
        1.0
      ],
      "rotation": 0.0,
      "pixel_coords": [
        97,
        46,
        11.53892993927002
      ]
    },
    {
      "shape": "Suzanne",
      "size": 1.5,
      "material": "data/materials/PoliigonFabricDenim003.blend",
      "3d_coords": [
        -2.850008249282837,
        0.9452954530715942,
        1.5
      ],
      "rotation": 0.0,
      "pixel_coords": [
        50,
        35,
        12.55224895477295
      ]
    }
  ],
  "ground_material": "data/materials/PoliigonMetalSpottyDiscoloration001.blend",
  "Lamp_Key": [
    5.564630508422852,
    -2.3748152256011963,
    3.9406754970550537
  ],
  "Lamp_Back": [
    -0.21482840180397034,
    2.7742602825164795,
    5.76668643951416
  ],
  "Lamp_Fill": [
    -4.491053581237793,
    -4.026947975158691,
    3.439451217651367
  ],
  "Camera": [
    7.10490608215332,
    -6.4414448738098145,
    4.9802751541137695
  ]
}