{
  "Lamp_Back": [
    -1.627928614616394,
    3.5692381858825684,
    5.208523750305176
  ],
  "objects": [
    {
      "3d_coords": [
        0.09062424302101135,
        2.3119137287139893,
        1.5
      ],
      "color": [
        1.0,
        0.0,
        0.0,
        1.0
      ],
      "material": "Rubber",
      "pixel_coords": [
        85,
        41,
        12.16097640991211
      ],
      "shape": "SmoothCube_v2",
      "size": 1.5,
      "rotation": 0.0
    },
    {
      "3d_coords": [
        0.00929513294249773,
        -1.0733956098556519,
        1.5
      ],
      "color": [
        0.0,
        1.0,
        0.0,
        1.0
      ],
      "material": "MyMetal",
      "pixel_coords": [
        53,
        51,
        10.241659164428711
      ],
      "shape": "Sphere",
      "size": 1.5,
      "rotation": 0.0
    }
  ],
  "Lamp_Fill": [
    -4.930329322814941,
    -4.834924221038818,
    3.0546071529388428
  ],
  "Camera": [
    7.5622076988220215,
    -6.759068012237549,
    5.631818771362305
  ],
  "image_filename": "000002581264142140",
  "Lamp_Key": [
    7.173258304595947,
    -2.76147723197937,
    4.31734561920166
  ]
}