{
  "image_filename": "000007196562660811",
  "objects": [
    {
      "shape": "Torus",
      "size": 1.5,
      "material": "data/materials/PoliigonBricksFlemishRed001.blend",
      "3d_coords": [
        -1.9347563982009888,
        1.6823480129241943,
        1.5
      ],
      "rotation": 0.0,
      "pixel_coords": [
        63,
        36,
        12.460938453674316
      ]
    },
    {
      "shape": "NewellTeapot",
      "size": 1.0,
      "material": "data/materials/PoliigonFabricFleece001.blend",
      "3d_coords": [
        2.4470043182373047,
        1.05045747756958,
        1.0
      ],
      "rotation": 0.0,
      "pixel_coords": [
        100,
        58,
        9.44064998626709
      ]
    }
  ],
  "ground_material": "data/materials/PoliigonMetalSpottyDiscoloration001.blend",
  "Lamp_Key": [
    5.486181735992432,
    -3.1242361068725586,
    4.30320405960083
  ],
  "Lamp_Back": [
    -1.510699987411499,
    2.3445076942443848,
    5.017825126647949
  ],
  "Lamp_Fill": [
    -4.640820503234863,
    -3.6178977489471436,
    2.533435821533203
  ],
  "Camera": [
    7.070502281188965,
    -6.632133483886719,
    4.854276657104492
  ]
}