{
  "Lamp_Fill": [
    -3.6958277225494385,
    -4.954841613769531,
    2.884995698928833
  ],
  "objects": [
    {
      "size": 2.0,
      "shape": "SmoothCylinder",
      "color": [
        1.0,
        1.0,
        0.0,
        1.0
      ],
      "3d_coords": [
        -2.0584211349487305,
        -2.206810235977173,
        2.0
      ],
      "pixel_coords": [
        24,
        41,
        10.632415771484375
      ],
      "rotation": 0.0,
      "material": "MyMetal"
    },
    {
      "size": 2.0,
      "shape": "Sphere",
      "color": [
        1.0,
        0.0,
        1.0,
        1.0
      ],
      "3d_coords": [
        0.5475825667381287,
        1.6475563049316406,
        2.0
      ],
      "pixel_coords": [
        84,
        38,
        11.232039451599121
      ],
      "rotation": 0.0,
      "material": "Rubber"
    }
  ],
  "Camera": [
    7.512350559234619,
    -6.876243591308594,
    5.4507951736450195
  ],
  "Lamp_Back": [
    -0.5969001054763794,
    1.9304624795913696,
    6.796953201293945
  ],
  "image_filename": "000014066530552122",
  "Lamp_Key": [
    6.098799228668213,
    -2.9836747646331787,
    5.236928462982178
  ]
}