{
  "image_filename": "000010286922663476",
  "objects": [
    {
      "shape": "Cube",
      "size": 2.0,
      "material": "data/materials/PoliigonFabricFleece001.blend",
      "3d_coords": [
        -2.800015687942505,
        -1.2919199466705322,
        2.0
      ],
      "rotation": 0.0,
      "pixel_coords": [
        31,
        36,
        11.917403221130371
      ]
    },
    {
      "shape": "NewellTeapot",
      "size": 1.5,
      "material": "data/materials/PoliigonRoofTilesTerracotta004.blend",
      "3d_coords": [
        1.188813328742981,
        0.9211465120315552,
        1.5
      ],
      "rotation": 0.0,
      "pixel_coords": [
        83,
        48,
        10.730780601501465
      ]
    }
  ],
  "ground_material": "data/materials/PoliigonBricksFlemishRed001.blend",
  "Lamp_Key": [
    7.3299455642700195,
    -2.1208250522613525,
    4.013515472412109
  ],
  "Lamp_Back": [
    -0.580851674079895,
    1.82655668258667,
    6.499385356903076
  ],
  "Lamp_Fill": [
    -5.016152381896973,
    -4.2173237800598145,
    3.180189847946167
  ],
  "Camera": [
    7.922224044799805,
    -6.917488098144531,
    4.973172664642334
  ]
}