{
  "Lamp_Key": [
    6.693519592285156,
    -2.947864532470703,
    3.937906265258789
  ],
  "Lamp_Back": [
    -0.3300783038139343,
    1.8348588943481445,
    5.248307704925537
  ],
  "Camera": [
    7.614209175109863,
    -6.825954437255859,
    5.764742851257324
  ],
  "objects": [
    {
      "color": [
        1.0,
        0.0,
        1.0,
        1.0
      ],
      "size": 1.5,
      "pixel_coords": [
        73,
        36,
        13.352644920349121
      ],
      "3d_coords": [
        -1.4284772872924805,
        2.448570966720581,
        1.5
      ],
      "shape": "SmoothCube_v2",
      "rotation": 0.0,
      "material": "Rubber"
    },
    {
      "color": [
        0.0,
        1.0,
        1.0,
        1.0
      ],
      "size": 1.0,
      "pixel_coords": [
        92,
        52,
        11.498124122619629
      ],
      "3d_coords": [
        1.2959767580032349,
        1.8760696649551392,
        1.0
      ],
      "shape": "Suzanne",
      "rotation": 0.0,
      "material": "MyMetal"
    }
  ],
  "image_filename": "000009381787593043",
  "Lamp_Fill": [
    -4.019007205963135,
    -3.6830527782440186,
    2.623457193374634
  ]
}