{
  "Lamp_Key": [
    6.148300647735596,
    -2.712632179260254,
    4.4185357093811035
  ],
  "Lamp_Back": [
    -0.8465456366539001,
    2.780756711959839,
    4.850047588348389
  ],
  "objects": [
    {
      "pixel_coords": [
        57,
        45,
        10.059821128845215
      ],
      "color": [
        1.0,
        1.0,
        0.0,
        1.0
      ],
      "material": "MyMetal",
      "shape": "SmoothCylinder",
      "size": 2.0,
      "rotation": 0.0,
      "3d_coords": [
        0.3102487027645111,
        -0.886634349822998,
        2.0
      ]
    },
    {
      "pixel_coords": [
        99,
        56,
        10.761178016662598
      ],
      "color": [
        1.0,
        0.0,
        1.0,
        1.0
      ],
      "material": "MyMetal",
      "shape": "Suzanne",
      "size": 1.0,
      "rotation": 0.0,
      "3d_coords": [
        2.140002489089966,
        1.731034755706787,
        1.0
      ]
    }
  ],
  "image_filename": "000003319290849583",
  "Camera": [
    7.93919563293457,
    -6.543023109436035,
    5.621874809265137
  ],
  "Lamp_Fill": [
    -5.228777885437012,
    -4.615720748901367,
    2.0836760997772217
  ]
}