{
  "image_filename": "00000068",
  "objects": [
    {
      "shape": "circle",
      "size": 0.125,
      "rotation": 0.0,
      "2d_coords": [
        0.5187873156364149,
        0.38839484379635364
      ],
      "color": [
        255,
        127,
        0
      ]
    },
    {
      "shape": "square",
      "size": 0.425,
      "rotation": 0.0,
      "2d_coords": [
        0.3297858074686649,
        0.6218048078372336
      ],
      "color": [
        255,
        127,
        0
      ]
    }
  ]
}