{
  "image_filename": "000010938506978106",
  "objects": [
    {
      "shape": "Cone",
      "size": 2.0,
      "material": "data/materials/PoliigonBricksPaintedWhite001.blend",
      "3d_coords": [
        2.671539783477783,
        0.9551706314086914,
        2.0
      ],
      "rotation": 0.0,
      "pixel_coords": [
        101,
        47,
        9.500736236572266
      ]
    },
    {
      "shape": "Cone",
      "size": 2.0,
      "material": "data/materials/PoliigonMetalSpottyDiscoloration001.blend",
      "3d_coords": [
        -1.9514503479003906,
        -2.562370538711548,
        2.0
      ],
      "rotation": 0.0,
      "pixel_coords": [
        21,
        42,
        10.448139190673828
      ]
    }
  ],
  "ground_material": "data/materials/PoliigonFabricFleece001.blend",
  "Lamp_Key": [
    6.226141452789307,
    -2.106595516204834,
    4.546050071716309
  ],
  "Lamp_Back": [
    -0.7229320406913757,
    3.6217994689941406,
    6.243326187133789
  ],
  "Lamp_Fill": [
    -5.502415657043457,
    -4.9838361740112305,
    3.00062894821167
  ],
  "Camera": [
    7.625361442565918,
    -6.8919878005981445,
    5.420905590057373
  ]
}