{
  "Lamp_Fill": [
    -4.452534198760986,
    -4.2013163566589355,
    3.2515885829925537
  ],
  "objects": [
    {
      "3d_coords": [
        2.8667194843292236,
        0.3273625373840332,
        1.0
      ],
      "size": 1.0,
      "rotation": 0.0,
      "color": [
        0.0,
        1.0,
        1.0,
        1.0
      ],
      "shape": "Sphere",
      "pixel_coords": [
        99,
        64,
        8.79728889465332
      ],
      "material": "MyMetal"
    },
    {
      "3d_coords": [
        -1.5516457557678223,
        -1.33623206615448,
        1.0
      ],
      "size": 1.0,
      "rotation": 0.0,
      "color": [
        0.0,
        0.0,
        1.0,
        1.0
      ],
      "shape": "Sphere",
      "pixel_coords": [
        37,
        51,
        10.702688217163086
      ],
      "material": "MyMetal"
    }
  ],
  "image_filename": "000008055761847066",
  "Lamp_Key": [
    5.678610324859619,
    -3.215930700302124,
    4.1172404289245605
  ],
  "Lamp_Back": [
    -2.065027952194214,
    1.8232156038284302,
    6.703859806060791
  ],
  "Camera": [
    7.180545806884766,
    -6.536205768585205,
    5.048645496368408
  ]
}