{
  "Camera": [
    6.991484642028809,
    -6.849498748779297,
    5.6773152351379395
  ],
  "Lamp_Key": [
    7.069450855255127,
    -2.3607306480407715,
    3.6362407207489014
  ],
  "image_filename": "000007023273882686",
  "objects": [
    {
      "color": [
        1.0,
        1.0,
        0.0,
        1.0
      ],
      "size": 2.0,
      "rotation": 0.0,
      "shape": "Sphere",
      "3d_coords": [
        -2.435171365737915,
        1.34342360496521,
        2.0
      ],
      "pixel_coords": [
        56,
        30,
        12.629383087158203
      ],
      "material": "MyMetal"
    },
    {
      "color": [
        1.0,
        0.0,
        0.0,
        1.0
      ],
      "size": 1.5,
      "rotation": 0.0,
      "shape": "SmoothCube_v2",
      "3d_coords": [
        1.495195746421814,
        1.5729092359542847,
        1.5
      ],
      "pixel_coords": [
        93,
        47,
        10.590615272521973
      ],
      "material": "Rubber"
    }
  ],
  "Lamp_Back": [
    -1.9079136848449707,
    2.815631628036499,
    5.852479457855225
  ],
  "Lamp_Fill": [
    -4.214193820953369,
    -4.381102085113525,
    3.0033438205718994
  ]
}