{
  "objects": [
    {
      "3d_coords": [
        0.950735330581665,
        2.3919286727905273,
        2.0
      ],
      "size": 2.0,
      "color": [
        0.0,
        0.0,
        1.0,
        1.0
      ],
      "shape": "Sphere",
      "rotation": 0.0,
      "material": "MyMetal",
      "pixel_coords": [
        93,
        38,
        11.530596733093262
      ]
    },
    {
      "3d_coords": [
        -2.4043149948120117,
        0.20847982168197632,
        1.0
      ],
      "size": 1.0,
      "color": [
        0.0,
        1.0,
        1.0,
        1.0
      ],
      "shape": "Sphere",
      "rotation": 0.0,
      "material": "Rubber",
      "pixel_coords": [
        48,
        44,
        12.945256233215332
      ]
    }
  ],
  "Camera": [
    7.649906635284424,
    -6.790515899658203,
    5.786108493804932
  ],
  "Lamp_Fill": [
    -3.7673614025115967,
    -3.404339075088501,
    2.639702558517456
  ],
  "Lamp_Back": [
    -0.248674675822258,
    1.9619395732879639,
    6.076455116271973
  ],
  "image_filename": "000008995454994671",
  "Lamp_Key": [
    6.602173328399658,
    -2.8048267364501953,
    4.948983669281006
  ]
}