{
  "image_filename": "000002345295238304",
  "objects": [
    {
      "shape": "Cone",
      "size": 1.5,
      "material": "data/materials/PoliigonBricksFlemishRed001.blend",
      "3d_coords": [
        -0.6899069547653198,
        -2.654613494873047,
        1.5
      ],
      "rotation": 0.0,
      "pixel_coords": [
        27,
        51,
        9.472489356994629
      ]
    },
    {
      "shape": "Icosahedron",
      "size": 2.0,
      "material": "data/materials/PoliigonFabricFleece001.blend",
      "3d_coords": [
        -1.372886061668396,
        1.6049399375915527,
        2.0
      ],
      "rotation": 0.0,
      "pixel_coords": [
        69,
        32,
        12.058700561523438
      ]
    }
  ],
  "ground_material": "data/materials/PoliigonChainmailCopperRoundedThin001.blend",
  "Lamp_Key": [
    5.882100582122803,
    -2.763355016708374,
    4.977495193481445
  ],
  "Lamp_Back": [
    -1.9876207113265991,
    3.4228029251098633,
    5.657623291015625
  ],
  "Lamp_Fill": [
    -3.7149219512939453,
    -3.165031909942627,
    2.208313226699829
  ],
  "Camera": [
    7.865614414215088,
    -6.0638957023620605,
    4.966679096221924
  ]
}