{
  "image_filename": "000010229260747892",
  "objects": [
    {
      "rotation": 0.0,
      "shape": "SmoothCylinder",
      "pixel_coords": [
        50,
        47,
        10.124954223632812
      ],
      "material": "MyMetal",
      "color": [
        0.0,
        1.0,
        0.0,
        1.0
      ],
      "3d_coords": [
        -0.4994168281555176,
        -0.9345701932907104,
        1.5
      ],
      "size": 1.5
    },
    {
      "rotation": 0.0,
      "shape": "SmoothCylinder",
      "pixel_coords": [
        91,
        55,
        8.93581485748291
      ],
      "material": "MyMetal",
      "color": [
        0.0,
        1.0,
        0.0,
        1.0
      ],
      "3d_coords": [
        2.2934179306030273,
        0.36824142932891846,
        1.5
      ],
      "size": 1.5
    }
  ],
  "Lamp_Fill": [
    -4.574738502502441,
    -3.9324545860290527,
    3.9575517177581787
  ],
  "Lamp_Back": [
    -0.9963337182998657,
    1.997269630432129,
    6.153883457183838
  ],
  "Camera": [
    7.527894496917725,
    -6.0824971199035645,
    5.262223720550537
  ],
  "Lamp_Key": [
    6.821878433227539,
    -1.9096109867095947,
    4.079095363616943
  ]
}