{
  "objects": [
    {
      "3d_coords": [
        2.106071949005127,
        0.15473461151123047,
        1.5
      ],
      "material": "MyMetal",
      "size": 1.5,
      "color": [
        0.0,
        1.0,
        0.0,
        1.0
      ],
      "rotation": 0.0,
      "shape": "SmoothCube_v2",
      "pixel_coords": [
        86,
        54,
        9.092565536499023
      ]
    },
    {
      "3d_coords": [
        -2.8652124404907227,
        2.0289413928985596,
        2.0
      ],
      "material": "MyMetal",
      "size": 2.0,
      "color": [
        0.0,
        1.0,
        0.0,
        1.0
      ],
      "rotation": 0.0,
      "shape": "Sphere",
      "pixel_coords": [
        62,
        29,
        13.363779067993164
      ]
    }
  ],
  "Lamp_Key": [
    6.287771224975586,
    -3.333984136581421,
    5.2278151512146
  ],
  "Camera": [
    7.761427879333496,
    -6.192822456359863,
    5.085136890411377
  ],
  "Lamp_Back": [
    -0.20483945310115814,
    3.4544222354888916,
    5.02147912979126
  ],
  "Lamp_Fill": [
    -4.502432346343994,
    -4.059289455413818,
    2.095759868621826
  ],
  "image_filename": "000005763962727998"
}