{
  "image_filename": "00000056",
  "objects": [
    {
      "shape": "square",
      "size": 0.125,
      "rotation": 0.0,
      "2d_coords": [
        0.19386075816877218,
        0.09212571924096988
      ],
      "color": [
        0,
        255,
        0
      ]
    },
    {
      "shape": "triangle",
      "size": 0.325,
      "rotation": 0.0,
      "2d_coords": [
        0.8483412676502683,
        0.13285666011759323
      ],
      "color": [
        0,
        127,
        255
      ]
    }
  ]
}