{
  "image_filename": "00000001",
  "objects": [
    {
      "shape": "star_4",
      "size": 0.125,
      "rotation": 0.0,
      "2d_coords": [
        0.5179156238350587,
        0.4300227907922293
      ],
      "color": [
        255,
        127,
        0
      ]
    },
    {
      "shape": "circle",
      "size": 0.325,
      "rotation": 0.0,
      "2d_coords": [
        0.3446067039890538,
        0.680994235026583
      ],
      "color": [
        0,
        127,
        255
      ]
    }
  ]
}