{
  "image_filename": "00000097",
  "objects": [
    {
      "shape": "star_4",
      "size": 0.125,
      "rotation": 0.0,
      "2d_coords": [
        0.20408929342973237,
        0.6651814163015556
      ],
      "color": [
        255,
        127,
        0
      ]
    },
    {
      "shape": "star_4",
      "size": 0.125,
      "rotation": 0.0,
      "2d_coords": [
        0.6020879306523518,
        0.11917707789422292
      ],
      "color": [
        255,
        127,
        0
      ]
    }
  ]
}