{
  "Lamp_Key": [
    7.33746337890625,
    -2.164604663848877,
    3.5041089057922363
  ],
  "objects": [
    {
      "size": 1.0,
      "pixel_coords": [
        63,
        46,
        12.321131706237793
      ],
      "3d_coords": [
        -1.2536159753799438,
        0.9188246726989746,
        1.0
      ],
      "shape": "SmoothCube_v2",
      "rotation": 0.0,
      "color": [
        0.0,
        0.0,
        1.0,
        1.0
      ],
      "material": "MyMetal"
    },
    {
      "size": 1.0,
      "pixel_coords": [
        32,
        48,
        11.779749870300293
      ],
      "3d_coords": [
        -2.4074745178222656,
        -1.485489845275879,
        1.0
      ],
      "shape": "Sphere",
      "rotation": 0.0,
      "color": [
        0.0,
        1.0,
        1.0,
        1.0
      ],
      "material": "MyMetal"
    }
  ],
  "Lamp_Back": [
    -2.0663976669311523,
    2.404911756515503,
    6.788670063018799
  ],
  "Lamp_Fill": [
    -3.837246894836426,
    -3.1228301525115967,
    2.7711029052734375
  ],
  "Camera": [
    7.870424747467041,
    -6.345976829528809,
    5.285759449005127
  ],
  "image_filename": "000006101693772877"
}