{
  "image_filename": "000002098825145125",
  "objects": [
    {
      "shape": "Torus",
      "size": 2.0,
      "material": "data/materials/PoliigonChainmailCopperRoundedThin001.blend",
      "3d_coords": [
        2.083348512649536,
        1.607499122619629,
        2.0
      ],
      "rotation": 0.0,
      "pixel_coords": [
        99,
        43,
        10.328999519348145
      ]
    },
    {
      "shape": "Torus",
      "size": 2.0,
      "material": "data/materials/PoliigonChainmailCopperRoundedThin001.blend",
      "3d_coords": [
        -2.662841796875,
        -2.085195302963257,
        2.0
      ],
      "rotation": 0.0,
      "pixel_coords": [
        23,
        38,
        11.378417015075684
      ]
    }
  ],
  "ground_material": "data/materials/PoliigonFabricFleece001.blend",
  "Lamp_Key": [
    5.729593753814697,
    -3.379014492034912,
    3.775470495223999
  ],
  "Lamp_Back": [
    -1.3233375549316406,
    3.423456907272339,
    5.560950756072998
  ],
  "Lamp_Fill": [
    -4.228382587432861,
    -4.835321426391602,
    2.402116537094116
  ],
  "Camera": [
    7.886946201324463,
    -6.809139728546143,
    5.3441596031188965
  ]
}