{
  "image_filename": "00000081",
  "objects": [
    {
      "shape": "triangle",
      "size": 0.425,
      "rotation": 0.0,
      "2d_coords": [
        0.38819634958860183,
        0.2136967338272741
      ],
      "color": [
        255,
        127,
        0
      ]
    },
    {
      "shape": "triangle",
      "size": 0.225,
      "rotation": 0.0,
      "2d_coords": [
        0.10136933796910293,
        0.8375585397830407
      ],
      "color": [
        255,
        127,
        0
      ]
    }
  ]
}