{
  "image_filename": "000004072737284005",
  "objects": [
    {
      "shape": "Cylinder",
      "size": 1.0,
      "material": "data/materials/PoliigonFabricFleece001.blend",
      "3d_coords": [
        -2.1644394397735596,
        -2.4417669773101807,
        1.0
      ],
      "rotation": 0.0,
      "pixel_coords": [
        23,
        53,
        11.259697914123535
      ]
    },
    {
      "shape": "Cylinder",
      "size": 1.0,
      "material": "data/materials/PoliigonRoofTilesTerracotta004.blend",
      "3d_coords": [
        2.229274272918701,
        -2.9649455547332764,
        1.0
      ],
      "rotation": 0.0,
      "pixel_coords": [
        50,
        76,
        7.958414077758789
      ]
    }
  ],
  "ground_material": "data/materials/PoliigonMetalSpottyDiscoloration001.blend",
  "Lamp_Key": [
    6.38323974609375,
    -2.375546455383301,
    3.313310146331787
  ],
  "Lamp_Back": [
    -1.410688877105713,
    1.817501425743103,
    4.963436603546143
  ],
  "Lamp_Fill": [
    -5.347421169281006,
    -4.814038276672363,
    2.763094902038574
  ],
  "Camera": [
    7.9402570724487305,
    -6.924631118774414,
    5.007798194885254
  ]
}