{
  "image_filename": "000009870478435324",
  "objects": [
    {
      "shape": "Suzanne",
      "size": 1.0,
      "material": "data/materials/PoliigonFabricDenim003.blend",
      "3d_coords": [
        2.1158299446105957,
        -2.336669921875,
        1.0
      ],
      "rotation": 0.0,
      "pixel_coords": [
        59,
        74,
        8.75763988494873
      ]
    },
    {
      "shape": "Sphere",
      "size": 1.0,
      "material": "data/materials/PoliigonRoofTilesTerracotta004.blend",
      "3d_coords": [
        -0.5361687541007996,
        2.8534584045410156,
        1.0
      ],
      "rotation": 0.0,
      "pixel_coords": [
        82,
        43,
        13.510518074035645
      ]
    }
  ],
  "ground_material": "data/materials/PoliigonRoofTilesTerracotta004.blend",
  "Lamp_Key": [
    6.0168633460998535,
    -3.641300678253174,
    3.819856882095337
  ],
  "Lamp_Back": [
    -1.9905550479888916,
    3.244220495223999,
    4.915659427642822
  ],
  "Lamp_Fill": [
    -4.4023237228393555,
    -4.497637748718262,
    3.7275896072387695
  ],
  "Camera": [
    7.784805774688721,
    -6.995945453643799,
    5.835495471954346
  ]
}