{
  "image_filename": "00000008",
  "objects": [
    {
      "shape": "triangle",
      "size": 0.325,
      "rotation": 0.0,
      "2d_coords": [
        0.25346715965588973,
        0.7064977545106864
      ],
      "color": [
        255,
        0,
        255
      ]
    },
    {
      "shape": "star_4",
      "size": 0.225,
      "rotation": 0.0,
      "2d_coords": [
        0.7992453023940439,
        0.42734531347947274
      ],
      "color": [
        0,
        255,
        0
      ]
    }
  ]
}