{
  "Lamp_Back": [
    -0.5122091174125671,
    2.5805447101593018,
    6.660075664520264
  ],
  "Lamp_Fill": [
    -5.254430770874023,
    -4.02333402633667,
    2.4605889320373535
  ],
  "Camera": [
    7.346415042877197,
    -6.767917633056641,
    5.663854598999023
  ],
  "image_filename": "000009714806550297",
  "Lamp_Key": [
    5.465237617492676,
    -2.2910964488983154,
    5.089257717132568
  ],
  "objects": [
    {
      "pixel_coords": [
        101,
        46,
        10.969481468200684
      ],
      "3d_coords": [
        1.747300624847412,
        2.2811028957366943,
        1.5
      ],
      "color": [
        0.0,
        1.0,
        0.0,
        1.0
      ],
      "size": 1.5,
      "material": "MyMetal",
      "rotation": 0.0,
      "shape": "Sphere"
    },
    {
      "pixel_coords": [
        68,
        67,
        8.176261901855469
      ],
      "3d_coords": [
        2.339576005935669,
        -1.815099835395813,
        1.5
      ],
      "color": [
        0.0,
        1.0,
        0.0,
        1.0
      ],
      "size": 1.5,
      "material": "MyMetal",
      "rotation": 0.0,
      "shape": "Sphere"
    }
  ]
}