{
  "image_filename": "000011530259106344",
  "objects": [
    {
      "shape": "Torus",
      "size": 1.5,
      "material": "data/materials/PoliigonWoodFlooring061.blend",
      "3d_coords": [
        1.3332442045211792,
        2.7872347831726074,
        1.5
      ],
      "rotation": 0.0,
      "pixel_coords": [
        102,
        43,
        11.072547912597656
      ]
    },
    {
      "shape": "Cube",
      "size": 1.5,
      "material": "data/materials/PoliigonBricksPaintedWhite001.blend",
      "3d_coords": [
        1.1411341428756714,
        -0.43938013911247253,
        1.5
      ],
      "rotation": 0.0,
      "pixel_coords": [
        69,
        52,
        9.430864334106445
      ]
    }
  ],
  "ground_material": "data/materials/PoliigonChainmailCopperRoundedThin001.blend",
  "Lamp_Key": [
    7.295725345611572,
    -3.838926076889038,
    5.13425350189209
  ],
  "Lamp_Back": [
    -1.6270383596420288,
    2.2976019382476807,
    5.870754718780518
  ],
  "Lamp_Fill": [
    -4.614504814147949,
    -3.686518669128418,
    3.730210065841675
  ],
  "Camera": [
    7.744861125946045,
    -6.139957427978516,
    5.185924530029297
  ]
}