{
  "image_filename": "00000094",
  "objects": [
    {
      "shape": "circle",
      "size": 0.325,
      "rotation": 0.0,
      "2d_coords": [
        0.7594652455957717,
        0.7522023194110962
      ],
      "color": [
        255,
        0,
        255
      ]
    },
    {
      "shape": "circle",
      "size": 0.225,
      "rotation": 0.0,
      "2d_coords": [
        0.13182599323957978,
        0.6042717833987237
      ],
      "color": [
        0,
        127,
        255
      ]
    }
  ]
}