{
  "image_filename": "00000008",
  "objects": [
    {
      "shape": "triangle",
      "size": 0.125,
      "rotation": 0.0,
      "2d_coords": [
        0.17192665780020522,
        0.3184540933604277
      ],
      "color": [
        255,
        127,
        0
      ]
    },
    {
      "shape": "star_4",
      "size": 0.325,
      "rotation": 0.0,
      "2d_coords": [
        0.551774033918936,
        0.5672458433236482
      ],
      "color": [
        255,
        127,
        0
      ]
    }
  ]
}