{
  "image_filename": "000012543278455150",
  "objects": [
    {
      "shape": "NewellTeapot",
      "size": 1.5,
      "material": "data/materials/PoliigonMetalSpottyDiscoloration001.blend",
      "3d_coords": [
        -2.0548017024993896,
        -0.4049548804759979,
        1.5
      ],
      "rotation": 0.0,
      "pixel_coords": [
        44,
        40,
        11.453070640563965
      ]
    },
    {
      "shape": "Suzanne",
      "size": 1.5,
      "material": "data/materials/PoliigonFabricDenim003.blend",
      "3d_coords": [
        1.8029342889785767,
        -2.984001398086548,
        1.5
      ],
      "rotation": 0.0,
      "pixel_coords": [
        44,
        69,
        7.4100775718688965
      ]
    }
  ],
  "ground_material": "data/materials/PoliigonBricksPaintedWhite001.blend",
  "Lamp_Key": [
    6.378671169281006,
    -1.92771577835083,
    4.890555381774902
  ],
  "Lamp_Back": [
    -0.2983963191509247,
    1.9023743867874146,
    6.47700309753418
  ],
  "Lamp_Fill": [
    -4.557205677032471,
    -3.9758944511413574,
    3.1538503170013428
  ],
  "Camera": [
    7.269522666931152,
    -6.451563835144043,
    5.260798454284668
  ]
}