{
  "image_filename": "00000005",
  "objects": [
    {
      "shape": "circle",
      "size": 0.125,
      "rotation": 0.0,
      "2d_coords": [
        0.5059195140402295,
        0.7750371496528441
      ],
      "color": [
        255,
        0,
        255
      ]
    },
    {
      "shape": "circle",
      "size": 0.125,
      "rotation": 0.0,
      "2d_coords": [
        0.8116566315755278,
        0.19150324454664577
      ],
      "color": [
        0,
        255,
        0
      ]
    }
  ]
}