{
  "Lamp_Back": [
    -1.8444856405258179,
    2.8087737560272217,
    5.1818976402282715
  ],
  "Lamp_Key": [
    5.868540287017822,
    -2.4376049041748047,
    5.043646812438965
  ],
  "objects": [
    {
      "color": [
        0.0,
        0.0,
        1.0,
        1.0
      ],
      "rotation": 0.0,
      "size": 1.5,
      "shape": "SmoothCylinder",
      "3d_coords": [
        0.33636873960494995,
        2.166821241378784,
        1.5
      ],
      "pixel_coords": [
        87,
        40,
        11.236532211303711
      ],
      "material": "MyMetal"
    },
    {
      "color": [
        0.0,
        1.0,
        0.0,
        1.0
      ],
      "rotation": 0.0,
      "size": 1.5,
      "shape": "SmoothCylinder",
      "3d_coords": [
        -2.043767213821411,
        -1.681398868560791,
        1.5
      ],
      "pixel_coords": [
        29,
        44,
        10.496684074401855
      ],
      "material": "MyMetal"
    }
  ],
  "image_filename": "000001255508360404",
  "Camera": [
    7.102388381958008,
    -6.480988025665283,
    5.051536560058594
  ],
  "Lamp_Fill": [
    -3.9625236988067627,
    -4.766701698303223,
    2.6669065952301025
  ]
}