{
  "objects": [
    {
      "3d_coords": [
        2.6959800720214844,
        2.4541451930999756,
        1.5
      ],
      "pixel_coords": [
        115,
        49,
        9.928997039794922
      ],
      "rotation": 0.0,
      "color": [
        1.0,
        0.0,
        0.0,
        1.0
      ],
      "shape": "Sphere",
      "material": "MyMetal",
      "size": 1.5
    },
    {
      "3d_coords": [
        -1.4385837316513062,
        -0.4240778982639313,
        1.5
      ],
      "pixel_coords": [
        48,
        42,
        11.135936737060547
      ],
      "rotation": 0.0,
      "color": [
        1.0,
        1.0,
        0.0,
        1.0
      ],
      "shape": "SmoothCube_v2",
      "material": "MyMetal",
      "size": 1.5
    }
  ],
  "Lamp_Key": [
    5.990708351135254,
    -2.2879347801208496,
    3.3551981449127197
  ],
  "Lamp_Fill": [
    -4.299478530883789,
    -3.9323582649230957,
    3.4071261882781982
  ],
  "Lamp_Back": [
    -2.0725936889648438,
    3.6189749240875244,
    6.3360276222229
  ],
  "image_filename": "000002804513746925",
  "Camera": [
    7.597684383392334,
    -6.270151615142822,
    5.060051441192627
  ]
}