{
  "Camera": [
    7.531415939331055,
    -6.9555864334106445,
    4.851211071014404
  ],
  "image_filename": "000004549595715034",
  "objects": [
    {
      "pixel_coords": [
        30,
        48,
        11.922510147094727
      ],
      "3d_coords": [
        -2.7922189235687256,
        -1.3790279626846313,
        1.0
      ],
      "color": [
        1.0,
        0.0,
        0.0,
        1.0
      ],
      "size": 1.0,
      "shape": "SmoothCube_v2",
      "rotation": 0.0,
      "material": "Rubber"
    },
    {
      "pixel_coords": [
        69,
        47,
        10.447660446166992
      ],
      "3d_coords": [
        0.44947001338005066,
        0.07486043870449066,
        1.5
      ],
      "color": [
        0.0,
        1.0,
        0.0,
        1.0
      ],
      "size": 1.5,
      "shape": "Sphere",
      "rotation": 0.0,
      "material": "MyMetal"
    }
  ],
  "Lamp_Fill": [
    -5.507586479187012,
    -3.020164728164673,
    2.7258188724517822
  ],
  "Lamp_Key": [
    7.339099407196045,
    -1.9227854013442993,
    4.674314498901367
  ],
  "Lamp_Back": [
    -1.3376836776733398,
    1.7216414213180542,
    6.723306655883789
  ]
}