{
  "image_filename": "000015386798783577",
  "objects": [
    {
      "shape": "Cube",
      "size": 1.5,
      "material": "data/materials/PoliigonRoofTilesTerracotta004.blend",
      "3d_coords": [
        2.419703722000122,
        1.9265706539154053,
        1.5
      ],
      "rotation": 0.0,
      "pixel_coords": [
        105,
        50,
        10.331218719482422
      ]
    },
    {
      "shape": "Cone",
      "size": 1.0,
      "material": "data/materials/PoliigonMetalSpottyDiscoloration001.blend",
      "3d_coords": [
        -0.4043913185596466,
        0.20913000404834747,
        1.0
      ],
      "rotation": 0.0,
      "pixel_coords": [
        63,
        51,
        11.517891883850098
      ]
    }
  ],
  "ground_material": "data/materials/PoliigonRoofTilesTerracotta004.blend",
  "Lamp_Key": [
    7.304131984710693,
    -2.4523661136627197,
    3.6357810497283936
  ],
  "Lamp_Back": [
    -0.967761218547821,
    2.142119884490967,
    6.695289134979248
  ],
  "Lamp_Fill": [
    -4.122297763824463,
    -3.682915449142456,
    3.6061789989471436
  ],
  "Camera": [
    7.847602844238281,
    -6.501872539520264,
    5.5528483390808105
  ]
}