{
  "image_filename": "00000055",
  "objects": [
    {
      "shape": "triangle",
      "size": 0.425,
      "rotation": 0.0,
      "2d_coords": [
        0.36826643088460154,
        0.5326703780448792
      ],
      "color": [
        0,
        127,
        255
      ]
    },
    {
      "shape": "triangle",
      "size": 0.325,
      "rotation": 0.0,
      "2d_coords": [
        0.8188058508005002,
        0.5153634635589768
      ],
      "color": [
        0,
        255,
        0
      ]
    }
  ]
}