{
  "Lamp_Fill": [
    -5.325106620788574,
    -4.679625034332275,
    3.008688449859619
  ],
  "Lamp_Back": [
    -0.7011878490447998,
    2.2670459747314453,
    6.530032157897949
  ],
  "Lamp_Key": [
    5.613151550292969,
    -3.64029598236084,
    4.637603282928467
  ],
  "Camera": [
    7.664088726043701,
    -7.004255771636963,
    5.4866414070129395
  ],
  "image_filename": "000004940502381162",
  "objects": [
    {
      "size": 2.0,
      "pixel_coords": [
        90,
        52,
        8.944148063659668
      ],
      "color": [
        0.0,
        1.0,
        0.0,
        1.0
      ],
      "rotation": 0.0,
      "material": "MyMetal",
      "shape": "Sphere",
      "3d_coords": [
        2.684516429901123,
        -0.18861785531044006,
        2.0
      ]
    },
    {
      "size": 1.5,
      "pixel_coords": [
        56,
        38,
        13.048046112060547
      ],
      "color": [
        0.0,
        1.0,
        0.0,
        1.0
      ],
      "rotation": 0.0,
      "material": "MyMetal",
      "shape": "Sphere",
      "3d_coords": [
        -2.1718122959136963,
        0.9863765239715576,
        1.5
      ]
    }
  ]
}