{
  "Lamp_Key": [
    6.777586936950684,
    -2.107504367828369,
    5.129734039306641
  ],
  "Lamp_Back": [
    -1.9605849981307983,
    2.163792371749878,
    5.5317816734313965
  ],
  "objects": [
    {
      "pixel_coords": [
        107,
        48,
        10.466428756713867
      ],
      "3d_coords": [
        2.188095808029175,
        2.4080121517181396,
        1.5
      ],
      "shape": "Suzanne",
      "rotation": 0.0,
      "color": [
        1.0,
        0.0,
        0.0,
        1.0
      ],
      "material": "Rubber",
      "size": 1.5
    },
    {
      "pixel_coords": [
        21,
        44,
        11.153633117675781
      ],
      "3d_coords": [
        -2.5259315967559814,
        -2.3741612434387207,
        1.5
      ],
      "shape": "SmoothCylinder",
      "rotation": 0.0,
      "color": [
        1.0,
        0.0,
        1.0,
        1.0
      ],
      "material": "MyMetal",
      "size": 1.5
    }
  ],
  "image_filename": "000006025016228524",
  "Camera": [
    7.951961994171143,
    -6.2037882804870605,
    5.264094352722168
  ],
  "Lamp_Fill": [
    -4.845319747924805,
    -3.327833890914917,
    3.828477144241333
  ]
}