{
  "image_filename": "000014380166057824",
  "objects": [
    {
      "shape": "Torus",
      "size": 1.5,
      "material": "data/materials/PoliigonMetalSpottyDiscoloration001.blend",
      "3d_coords": [
        2.757268190383911,
        2.9093680381774902,
        1.5
      ],
      "rotation": 0.0,
      "pixel_coords": [
        118,
        47,
        10.447595596313477
      ]
    },
    {
      "shape": "Cylinder",
      "size": 2.0,
      "material": "data/materials/PoliigonChainmailCopperRoundedThin001.blend",
      "3d_coords": [
        2.626579523086548,
        -1.0639561414718628,
        2.0
      ],
      "rotation": 0.0,
      "pixel_coords": [
        80,
        53,
        8.006068229675293
      ]
    }
  ],
  "ground_material": "data/materials/PoliigonFabricFleece001.blend",
  "Lamp_Key": [
    6.312141418457031,
    -2.8212172985076904,
    4.000016212463379
  ],
  "Lamp_Back": [
    -0.21810247004032135,
    3.2249915599823,
    6.788276672363281
  ],
  "Lamp_Fill": [
    -4.046932220458984,
    -4.296682834625244,
    2.7605788707733154
  ],
  "Camera": [
    7.76518440246582,
    -6.5812249183654785,
    4.9049391746521
  ]
}