{
  "Lamp_Fill": [
    -4.659152984619141,
    -3.342298984527588,
    2.468266010284424
  ],
  "Lamp_Key": [
    6.464171886444092,
    -2.177847385406494,
    4.423051834106445
  ],
  "objects": [
    {
      "material": "Rubber",
      "size": 1.5,
      "3d_coords": [
        -0.3070628046989441,
        0.9418417811393738,
        1.5
      ],
      "shape": "Suzanne",
      "pixel_coords": [
        70,
        44,
        11.800185203552246
      ],
      "rotation": 0.0,
      "color": [
        0.0,
        0.0,
        1.0,
        1.0
      ]
    },
    {
      "material": "MyMetal",
      "size": 2.0,
      "3d_coords": [
        -0.9690399169921875,
        -2.5931899547576904,
        2.0
      ],
      "shape": "Sphere",
      "pixel_coords": [
        28,
        46,
        9.904420852661133
      ],
      "rotation": 0.0,
      "color": [
        1.0,
        1.0,
        0.0,
        1.0
      ]
    }
  ],
  "Lamp_Back": [
    -1.882529854774475,
    1.7988255023956299,
    6.614144802093506
  ],
  "Camera": [
    7.728344440460205,
    -6.972724437713623,
    5.406734943389893
  ],
  "image_filename": "000004577742605337"
}