{
  "Lamp_Back": [
    -1.076903223991394,
    2.1708803176879883,
    5.543485164642334
  ],
  "Lamp_Key": [
    6.0825605392456055,
    -2.9774935245513916,
    4.191997051239014
  ],
  "Lamp_Fill": [
    -4.5952935218811035,
    -4.473482131958008,
    3.380589485168457
  ],
  "Camera": [
    6.995849609375,
    -6.394802093505859,
    5.087189674377441
  ],
  "image_filename": "000012963514169087",
  "objects": [
    {
      "rotation": 0.0,
      "3d_coords": [
        -2.7381129264831543,
        -2.034930944442749,
        2.0
      ],
      "shape": "Sphere",
      "material": "Rubber",
      "pixel_coords": [
        19,
        36,
        10.382267951965332
      ],
      "color": [
        0.0,
        1.0,
        0.0,
        1.0
      ],
      "size": 2.0
    },
    {
      "rotation": 0.0,
      "3d_coords": [
        1.8111722469329834,
        1.180375099182129,
        1.5
      ],
      "shape": "SmoothCube_v2",
      "material": "MyMetal",
      "pixel_coords": [
        95,
        48,
        9.571521759033203
      ],
      "color": [
        1.0,
        1.0,
        0.0,
        1.0
      ],
      "size": 1.5
    }
  ]
}