{
  "objects": [
    {
      "color": [
        1.0,
        0.0,
        1.0,
        1.0
      ],
      "size": 1.5,
      "rotation": 0.0,
      "3d_coords": [
        -1.8460173606872559,
        -2.217752456665039,
        1.5
      ],
      "shape": "SmoothCube_v2",
      "material": "Rubber",
      "pixel_coords": [
        26,
        47,
        10.738885879516602
      ]
    },
    {
      "color": [
        0.0,
        1.0,
        1.0,
        1.0
      ],
      "size": 1.0,
      "rotation": 0.0,
      "3d_coords": [
        1.397871732711792,
        1.9437570571899414,
        1.0
      ],
      "shape": "Suzanne",
      "material": "MyMetal",
      "pixel_coords": [
        94,
        52,
        11.089853286743164
      ]
    }
  ],
  "Lamp_Back": [
    -0.6138145923614502,
    3.305532217025757,
    5.946084976196289
  ],
  "Lamp_Key": [
    5.486997604370117,
    -3.206975221633911,
    3.47515606880188
  ],
  "Lamp_Fill": [
    -4.550597667694092,
    -3.7865493297576904,
    2.504784107208252
  ],
  "image_filename": "000008051365357225",
  "Camera": [
    7.660050392150879,
    -6.237105369567871,
    5.840147495269775
  ]
}