{
  "Lamp_Back": [
    -1.9852045774459839,
    1.807206153869629,
    6.6794633865356445
  ],
  "image_filename": "000004496372944736",
  "Lamp_Key": [
    6.365922451019287,
    -2.6503243446350098,
    4.457605838775635
  ],
  "Lamp_Fill": [
    -4.935588836669922,
    -3.6902823448181152,
    2.2070624828338623
  ],
  "objects": [
    {
      "color": [
        0.0,
        1.0,
        0.0,
        1.0
      ],
      "material": "MyMetal",
      "3d_coords": [
        0.48079586029052734,
        -0.9177765250205994,
        1.0
      ],
      "rotation": 0.0,
      "pixel_coords": [
        58,
        58,
        10.166336059570312
      ],
      "size": 1.0,
      "shape": "Sphere"
    },
    {
      "color": [
        0.0,
        1.0,
        1.0,
        1.0
      ],
      "material": "MyMetal",
      "3d_coords": [
        -2.6636483669281006,
        -1.6910827159881592,
        1.5
      ],
      "rotation": 0.0,
      "pixel_coords": [
        28,
        42,
        11.674957275390625
      ],
      "size": 1.5,
      "shape": "Suzanne"
    }
  ],
  "Camera": [
    7.918023586273193,
    -6.409793853759766,
    5.272225379943848
  ]
}