{
  "image_filename": "000004783321994908",
  "objects": [
    {
      "shape": "NewellTeapot",
      "size": 1.0,
      "material": "data/materials/PoliigonRoofTilesTerracotta004.blend",
      "3d_coords": [
        0.4459063410758972,
        1.1072187423706055,
        1.0
      ],
      "rotation": 0.0,
      "pixel_coords": [
        78,
        51,
        11.33597469329834
      ]
    },
    {
      "shape": "NewellTeapot",
      "size": 1.0,
      "material": "data/materials/PoliigonBricksFlemishRed001.blend",
      "3d_coords": [
        -2.5759735107421875,
        -1.8860865831375122,
        1.0
      ],
      "rotation": 0.0,
      "pixel_coords": [
        27,
        49,
        11.726888656616211
      ]
    }
  ],
  "ground_material": "data/materials/PoliigonChainmailCopperRoundedThin001.blend",
  "Lamp_Key": [
    6.959857940673828,
    -2.266660451889038,
    4.961245059967041
  ],
  "Lamp_Back": [
    -0.7829091548919678,
    2.048218250274658,
    5.446825981140137
  ],
  "Lamp_Fill": [
    -3.7434775829315186,
    -3.373246192932129,
    2.947111129760742
  ],
  "Camera": [
    7.766993522644043,
    -6.336604118347168,
    5.678274631500244
  ]
}