{
  "image_filename": "000013990910354922",
  "objects": [
    {
      "shape": "NewellTeapot",
      "size": 1.5,
      "material": "data/materials/PoliigonWoodFlooring061.blend",
      "3d_coords": [
        -0.3259722888469696,
        1.7525372505187988,
        1.5
      ],
      "rotation": 0.0,
      "pixel_coords": [
        76,
        41,
        12.169894218444824
      ]
    },
    {
      "shape": "Cone",
      "size": 1.5,
      "material": "data/materials/PoliigonBricksPaintedWhite001.blend",
      "3d_coords": [
        2.967590808868408,
        1.47767174243927,
        1.5
      ],
      "rotation": 0.0,
      "pixel_coords": [
        108,
        54,
        9.93309497833252
      ]
    }
  ],
  "ground_material": "data/materials/PoliigonFabricDenim003.blend",
  "Lamp_Key": [
    7.1557464599609375,
    -3.6105690002441406,
    4.419651985168457
  ],
  "Lamp_Back": [
    -0.3723222613334656,
    1.8417905569076538,
    5.250753879547119
  ],
  "Lamp_Fill": [
    -5.54136323928833,
    -5.002499580383301,
    3.366943120956421
  ],
  "Camera": [
    7.347517967224121,
    -6.943139553070068,
    5.834609508514404
  ]
}