{
  "Camera": [
    7.541769981384277,
    -6.880563259124756,
    5.3106842041015625
  ],
  "image_filename": "000003429760196249",
  "Lamp_Fill": [
    -5.414262294769287,
    -4.9487223625183105,
    3.351886749267578
  ],
  "Lamp_Key": [
    6.760469436645508,
    -2.832338809967041,
    4.786477088928223
  ],
  "objects": [
    {
      "pixel_coords": [
        94,
        59,
        8.88692569732666
      ],
      "material": "MyMetal",
      "3d_coords": [
        2.878844738006592,
        -0.06967667490243912,
        1.5
      ],
      "color": [
        0.0,
        1.0,
        1.0,
        1.0
      ],
      "size": 1.5,
      "shape": "Suzanne",
      "rotation": 0.0
    },
    {
      "pixel_coords": [
        38,
        45,
        12.587024688720703
      ],
      "material": "MyMetal",
      "3d_coords": [
        -2.8696188926696777,
        -0.5681583285331726,
        1.0
      ],
      "color": [
        0.0,
        1.0,
        0.0,
        1.0
      ],
      "size": 1.0,
      "shape": "Sphere",
      "rotation": 0.0
    }
  ],
  "Lamp_Back": [
    -1.7443289756774902,
    2.327277660369873,
    5.278595447540283
  ]
}