{
  "image_filename": "00000029",
  "objects": [
    {
      "shape": "circle",
      "size": 0.325,
      "rotation": 0.0,
      "2d_coords": [
        0.7734215126045079,
        0.46608017371158833
      ],
      "color": [
        255,
        127,
        0
      ]
    },
    {
      "shape": "circle",
      "size": 0.325,
      "rotation": 0.0,
      "2d_coords": [
        0.3717586525085125,
        0.3022306556665021
      ],
      "color": [
        255,
        127,
        0
      ]
    }
  ]
}