{
  "image_filename": "000007812397526065",
  "objects": [
    {
      "shape": "Icosahedron",
      "size": 1.0,
      "material": "data/materials/PoliigonBricksPaintedWhite001.blend",
      "3d_coords": [
        1.5451316833496094,
        2.600086212158203,
        1.0
      ],
      "rotation": 0.0,
      "pixel_coords": [
        99,
        51,
        11.956981658935547
      ]
    },
    {
      "shape": "Icosahedron",
      "size": 2.0,
      "material": "data/materials/PoliigonBricksFlemishRed001.blend",
      "3d_coords": [
        -2.6172142028808594,
        -1.4066225290298462,
        2.0
      ],
      "rotation": 0.0,
      "pixel_coords": [
        31,
        37,
        11.88538646697998
      ]
    }
  ],
  "ground_material": "data/materials/PoliigonBricksFlemishRed001.blend",
  "Lamp_Key": [
    6.485069274902344,
    -2.7029330730438232,
    5.188975811004639
  ],
  "Lamp_Back": [
    -0.8422327637672424,
    2.892287492752075,
    4.867799282073975
  ],
  "Lamp_Fill": [
    -4.057308197021484,
    -4.139548301696777,
    2.6330513954162598
  ],
  "Camera": [
    7.836767673492432,
    -6.901956081390381,
    5.821182727813721
  ]
}