{
  "Lamp_Back": [
    -1.8878118991851807,
    1.9865885972976685,
    5.450998783111572
  ],
  "objects": [
    {
      "shape": "Sphere",
      "rotation": 0.0,
      "pixel_coords": [
        60,
        41,
        11.368525505065918
      ],
      "3d_coords": [
        -1.1322500705718994,
        0.5014278888702393,
        1.5
      ],
      "size": 1.5,
      "material": "Rubber",
      "color": [
        1.0,
        0.0,
        1.0,
        1.0
      ]
    },
    {
      "shape": "Suzanne",
      "rotation": 0.0,
      "pixel_coords": [
        29,
        50,
        10.919748306274414
      ],
      "3d_coords": [
        -2.0390965938568115,
        -1.8313974142074585,
        1.0
      ],
      "size": 1.0,
      "material": "MyMetal",
      "color": [
        0.0,
        0.0,
        1.0,
        1.0
      ]
    }
  ],
  "image_filename": "000015627269957652",
  "Lamp_Fill": [
    -3.945413589477539,
    -4.174440860748291,
    3.56040620803833
  ],
  "Camera": [
    7.331326484680176,
    -6.1809611320495605,
    5.582390785217285
  ],
  "Lamp_Key": [
    5.794388294219971,
    -2.316541910171509,
    3.3406548500061035
  ]
}