{
  "image_filename": "000003150316591312",
  "objects": [
    {
      "shape": "Cone",
      "size": 1.5,
      "material": "data/materials/PoliigonBricksFlemishRed001.blend",
      "3d_coords": [
        2.373222589492798,
        -2.1303277015686035,
        1.5
      ],
      "rotation": 0.0,
      "pixel_coords": [
        66,
        68,
        7.765402317047119
      ]
    },
    {
      "shape": "Cylinder",
      "size": 1.0,
      "material": "data/materials/PoliigonRoofTilesTerracotta004.blend",
      "3d_coords": [
        2.3943471908569336,
        1.8618899583816528,
        1.0
      ],
      "rotation": 0.0,
      "pixel_coords": [
        104,
        55,
        10.42685604095459
      ]
    }
  ],
  "ground_material": "data/materials/PoliigonRoofTilesTerracotta004.blend",
  "Lamp_Key": [
    6.650354385375977,
    -3.420431137084961,
    3.3861935138702393
  ],
  "Lamp_Back": [
    -1.3808842897415161,
    2.6798548698425293,
    5.37642240524292
  ],
  "Lamp_Fill": [
    -4.593032360076904,
    -3.208575487136841,
    3.6178293228149414
  ],
  "Camera": [
    7.143481254577637,
    -6.886740684509277,
    5.3697028160095215
  ]
}