{
  "Lamp_Key": [
    6.562129974365234,
    -2.7113304138183594,
    3.9875988960266113
  ],
  "Lamp_Back": [
    -2.113652229309082,
    2.5976624488830566,
    5.608760356903076
  ],
  "image_filename": "000010750025816081",
  "Lamp_Fill": [
    -4.328482151031494,
    -4.0426506996154785,
    3.2274436950683594
  ],
  "Camera": [
    7.151766777038574,
    -6.136987209320068,
    5.056618690490723
  ],
  "objects": [
    {
      "3d_coords": [
        -1.479238748550415,
        2.2963926792144775,
        2.0
      ],
      "material": "MyMetal",
      "pixel_coords": [
        73,
        29,
        12.056144714355469
      ],
      "size": 2.0,
      "shape": "Sphere",
      "color": [
        0.0,
        1.0,
        1.0,
        1.0
      ],
      "rotation": 0.0
    },
    {
      "3d_coords": [
        2.284193277359009,
        -2.4423463344573975,
        2.0
      ],
      "material": "MyMetal",
      "pixel_coords": [
        56,
        60,
        6.820281505584717
      ],
      "size": 2.0,
      "shape": "Sphere",
      "color": [
        1.0,
        1.0,
        0.0,
        1.0
      ],
      "rotation": 0.0
    }
  ]
}