{
  "image_filename": "00000019",
  "objects": [
    {
      "shape": "circle",
      "size": 0.425,
      "rotation": 0.0,
      "2d_coords": [
        0.20010566051958506,
        0.30804363945735513
      ],
      "color": [
        0,
        255,
        0
      ]
    },
    {
      "shape": "circle",
      "size": 0.125,
      "rotation": 0.0,
      "2d_coords": [
        0.3082235389705441,
        0.6595369748045843
      ],
      "color": [
        255,
        0,
        255
      ]
    }
  ]
}