{
  "objects": [
    {
      "pixel_coords": [
        44,
        73,
        8.649513244628906
      ],
      "color": [
        1.0,
        0.0,
        0.0,
        1.0
      ],
      "rotation": 0.0,
      "shape": "SmoothCube_v2",
      "3d_coords": [
        1.2279906272888184,
        -2.8655881881713867,
        1.0
      ],
      "size": 1.0,
      "material": "Rubber"
    },
    {
      "pixel_coords": [
        55,
        57,
        10.518797874450684
      ],
      "color": [
        1.0,
        0.0,
        0.0,
        1.0
      ],
      "rotation": 0.0,
      "shape": "SmoothCube_v2",
      "3d_coords": [
        0.06487075239419937,
        -0.9607986211776733,
        1.0
      ],
      "size": 1.0,
      "material": "Rubber"
    }
  ],
  "Lamp_Back": [
    -1.0890519618988037,
    2.607956886291504,
    6.207636833190918
  ],
  "Lamp_Key": [
    6.857998371124268,
    -3.248896598815918,
    3.323160409927368
  ],
  "image_filename": "000005692141827327",
  "Camera": [
    7.380185604095459,
    -6.901602268218994,
    5.747854232788086
  ],
  "Lamp_Fill": [
    -4.97522497177124,
    -3.3757684230804443,
    3.0712246894836426
  ]
}