{
  "Lamp_Back": [
    -2.139467239379883,
    3.1331357955932617,
    6.029890060424805
  ],
  "image_filename": "000008832528217758",
  "Lamp_Key": [
    5.521615982055664,
    -2.5239474773406982,
    3.984968900680542
  ],
  "Camera": [
    7.540791988372803,
    -6.274471282958984,
    5.567142009735107
  ],
  "Lamp_Fill": [
    -4.381080627441406,
    -4.505675315856934,
    2.9563510417938232
  ],
  "objects": [
    {
      "3d_coords": [
        0.8729439377784729,
        -2.753667116165161,
        2.0
      ],
      "rotation": 0.0,
      "shape": "SmoothCube_v2",
      "color": [
        1.0,
        0.0,
        1.0,
        1.0
      ],
      "size": 2.0,
      "pixel_coords": [
        37,
        55,
        8.176902770996094
      ],
      "material": "Rubber"
    },
    {
      "3d_coords": [
        -0.1938069611787796,
        1.4771109819412231,
        1.5
      ],
      "rotation": 0.0,
      "shape": "SmoothCube_v2",
      "color": [
        0.0,
        0.0,
        1.0,
        1.0
      ],
      "size": 1.5,
      "pixel_coords": [
        76,
        42,
        11.490333557128906
      ],
      "material": "Rubber"
    }
  ]
}