{
  "Lamp_Back": [
    -2.137765645980835,
    2.1758196353912354,
    6.459718704223633
  ],
  "objects": [
    {
      "color": [
        0.0,
        1.0,
        1.0,
        1.0
      ],
      "rotation": 0.0,
      "3d_coords": [
        2.226529121398926,
        1.7627623081207275,
        1.5
      ],
      "pixel_coords": [
        103,
        48,
        10.183707237243652
      ],
      "size": 1.5,
      "shape": "SmoothCylinder",
      "material": "MyMetal"
    },
    {
      "color": [
        1.0,
        1.0,
        0.0,
        1.0
      ],
      "rotation": 0.0,
      "3d_coords": [
        -1.9439228773117065,
        0.12434808164834976,
        2.0
      ],
      "pixel_coords": [
        49,
        35,
        11.69153881072998
      ],
      "size": 2.0,
      "shape": "Suzanne",
      "material": "MyMetal"
    }
  ],
  "Camera": [
    7.355248928070068,
    -6.87877082824707,
    4.958118915557861
  ],
  "Lamp_Key": [
    7.387623310089111,
    -2.8449981212615967,
    5.067063808441162
  ],
  "Lamp_Fill": [
    -4.608095169067383,
    -4.103365421295166,
    2.8603570461273193
  ],
  "image_filename": "000000176562745056"
}