{
  "Lamp_Fill": [
    -4.974423885345459,
    -3.3301963806152344,
    2.999675989151001
  ],
  "Lamp_Back": [
    -1.4683589935302734,
    3.2512824535369873,
    5.5197577476501465
  ],
  "objects": [
    {
      "3d_coords": [
        1.1050468683242798,
        -1.8641964197158813,
        1.5
      ],
      "size": 1.5,
      "material": "MyMetal",
      "shape": "SmoothCylinder",
      "rotation": 0.0,
      "pixel_coords": [
        53,
        58,
        9.212270736694336
      ],
      "color": [
        0.0,
        1.0,
        0.0,
        1.0
      ]
    },
    {
      "3d_coords": [
        -0.7520176768302917,
        1.838181734085083,
        2.0
      ],
      "size": 2.0,
      "material": "MyMetal",
      "shape": "SmoothCylinder",
      "rotation": 0.0,
      "pixel_coords": [
        74,
        35,
        12.3797025680542
      ],
      "color": [
        0.0,
        1.0,
        1.0,
        1.0
      ]
    }
  ],
  "Camera": [
    7.922587871551514,
    -6.778512477874756,
    5.357607841491699
  ],
  "image_filename": "000002902085755330",
  "Lamp_Key": [
    6.930095672607422,
    -3.082462787628174,
    3.842883825302124
  ]
}