{
  "Lamp_Key": [
    5.709910869598389,
    -3.098029375076294,
    5.247406482696533
  ],
  "objects": [
    {
      "shape": "SmoothCube_v2",
      "size": 1.0,
      "pixel_coords": [
        40,
        62,
        9.956912994384766
      ],
      "3d_coords": [
        -0.022624420002102852,
        -2.2540435791015625,
        1.0
      ],
      "rotation": 0.0,
      "color": [
        0.0,
        1.0,
        1.0,
        1.0
      ],
      "material": "MyMetal"
    },
    {
      "shape": "Sphere",
      "size": 1.5,
      "pixel_coords": [
        89,
        49,
        10.64670181274414
      ],
      "3d_coords": [
        1.5350427627563477,
        1.1730592250823975,
        1.5
      ],
      "rotation": 0.0,
      "color": [
        0.0,
        0.0,
        1.0,
        1.0
      ],
      "material": "MyMetal"
    }
  ],
  "Camera": [
    7.710247993469238,
    -6.701948642730713,
    5.746343612670898
  ],
  "Lamp_Fill": [
    -4.815685749053955,
    -4.379944801330566,
    3.914030075073242
  ],
  "image_filename": "000008998870902847",
  "Lamp_Back": [
    -0.4905736744403839,
    1.705803394317627,
    5.903923511505127
  ]
}