{
  "image_filename": "000012741177054831",
  "objects": [
    {
      "shape": "Suzanne",
      "size": 1.5,
      "material": "data/materials/PoliigonMetalSpottyDiscoloration001.blend",
      "3d_coords": [
        -1.5381155014038086,
        -2.4152514934539795,
        1.5
      ],
      "rotation": 0.0,
      "pixel_coords": [
        23,
        48,
        9.712947845458984
      ]
    },
    {
      "shape": "Cube",
      "size": 1.0,
      "material": "data/materials/PoliigonMetalSpottyDiscoloration001.blend",
      "3d_coords": [
        1.9648795127868652,
        -0.7375228404998779,
        1.0
      ],
      "rotation": 0.0,
      "pixel_coords": [
        76,
        65,
        8.56334114074707
      ]
    }
  ],
  "ground_material": "data/materials/PoliigonFabricDenim003.blend",
  "Lamp_Key": [
    6.892890930175781,
    -2.813077211380005,
    3.2654738426208496
  ],
  "Lamp_Back": [
    -0.8062885999679565,
    2.4419143199920654,
    5.4974517822265625
  ],
  "Lamp_Fill": [
    -4.056324481964111,
    -4.078432559967041,
    3.522498846054077
  ],
  "Camera": [
    7.209541320800781,
    -6.135672092437744,
    5.14669942855835
  ]
}