{
  "image_filename": "000006545576133904",
  "objects": [
    {
      "shape": "Cylinder",
      "size": 2.0,
      "material": "data/materials/PoliigonChainmailCopperRoundedThin001.blend",
      "3d_coords": [
        -1.5320380926132202,
        2.2456817626953125,
        2.0
      ],
      "rotation": 0.0,
      "pixel_coords": [
        71,
        29,
        12.219781875610352
      ]
    },
    {
      "shape": "Suzanne",
      "size": 1.5,
      "material": "data/materials/PoliigonFabricDenim003.blend",
      "3d_coords": [
        -1.6442234516143799,
        -2.5354204177856445,
        1.5
      ],
      "rotation": 0.0,
      "pixel_coords": [
        21,
        49,
        9.69768238067627
      ]
    }
  ],
  "ground_material": "data/materials/PoliigonWoodFlooring061.blend",
  "Lamp_Key": [
    6.716829776763916,
    -2.184154748916626,
    3.486053466796875
  ],
  "Lamp_Back": [
    -1.3040999174118042,
    1.8311402797698975,
    4.956238746643066
  ],
  "Lamp_Fill": [
    -5.631420612335205,
    -4.211676120758057,
    3.035120725631714
  ],
  "Camera": [
    7.000449180603027,
    -6.445314884185791,
    5.247373580932617
  ]
}