{
  "image_filename": "00000061",
  "objects": [
    {
      "shape": "triangle",
      "size": 0.125,
      "rotation": 0.0,
      "2d_coords": [
        0.888354530319279,
        0.6564536089104294
      ],
      "color": [
        255,
        127,
        0
      ]
    },
    {
      "shape": "square",
      "size": 0.325,
      "rotation": 0.0,
      "2d_coords": [
        0.2961055344172658,
        0.14831727854605517
      ],
      "color": [
        255,
        0,
        255
      ]
    }
  ]
}