{
  "objects": [
    {
      "color": [
        0.0,
        1.0,
        1.0,
        1.0
      ],
      "pixel_coords": [
        51,
        37,
        12.903822898864746
      ],
      "3d_coords": [
        -2.6567301750183105,
        0.6343762278556824,
        1.5
      ],
      "rotation": 0.0,
      "material": "Rubber",
      "shape": "Sphere",
      "size": 1.5
    },
    {
      "color": [
        0.0,
        1.0,
        1.0,
        1.0
      ],
      "pixel_coords": [
        28,
        49,
        10.40080451965332
      ],
      "3d_coords": [
        -1.3737225532531738,
        -2.349768877029419,
        1.5
      ],
      "rotation": 0.0,
      "material": "Rubber",
      "shape": "SmoothCylinder",
      "size": 1.5
    }
  ],
  "Camera": [
    7.7587151527404785,
    -6.314242839813232,
    5.683016300201416
  ],
  "Lamp_Key": [
    5.510809898376465,
    -2.5343198776245117,
    5.152969837188721
  ],
  "image_filename": "000012981253318363",
  "Lamp_Back": [
    -0.9606047868728638,
    3.296966314315796,
    5.282613754272461
  ],
  "Lamp_Fill": [
    -4.504230976104736,
    -4.8302388191223145,
    2.935006618499756
  ]
}