{
  "image_filename": "000000609076852560",
  "objects": [
    {
      "shape": "NewellTeapot",
      "size": 1.5,
      "material": "data/materials/PoliigonFabricFleece001.blend",
      "3d_coords": [
        0.6972231864929199,
        1.8778969049453735,
        1.5
      ],
      "rotation": 0.0,
      "pixel_coords": [
        89,
        43,
        10.899739265441895
      ]
    },
    {
      "shape": "NewellTeapot",
      "size": 1.0,
      "material": "data/materials/PoliigonMetalSpottyDiscoloration001.blend",
      "3d_coords": [
        -1.4406940937042236,
        -0.40496623516082764,
        1.0
      ],
      "rotation": 0.0,
      "pixel_coords": [
        49,
        48,
        11.373279571533203
      ]
    }
  ],
  "ground_material": "data/materials/PoliigonBricksFlemishRed001.blend",
  "Lamp_Key": [
    6.694446563720703,
    -3.492084503173828,
    4.305721282958984
  ],
  "Lamp_Back": [
    -0.21244283020496368,
    2.5406782627105713,
    4.994377136230469
  ],
  "Lamp_Fill": [
    -4.8758134841918945,
    -3.892826795578003,
    2.402111530303955
  ],
  "Camera": [
    7.748716831207275,
    -6.062875270843506,
    5.00264310836792
  ]
}