{
  "Lamp_Fill": [
    -3.7860336303710938,
    -3.7361650466918945,
    2.4269206523895264
  ],
  "objects": [
    {
      "material": "MyMetal",
      "pixel_coords": [
        18,
        52,
        9.318681716918945
      ],
      "shape": "Sphere",
      "rotation": 0.0,
      "size": 1.5,
      "3d_coords": [
        -1.2181600332260132,
        -2.951584577560425,
        1.5
      ],
      "color": [
        1.0,
        0.0,
        1.0,
        1.0
      ]
    },
    {
      "material": "Rubber",
      "pixel_coords": [
        97,
        36,
        10.477897644042969
      ],
      "shape": "SmoothCube_v2",
      "rotation": 0.0,
      "size": 2.0,
      "3d_coords": [
        1.0574119091033936,
        2.2929835319519043,
        2.0
      ],
      "color": [
        0.0,
        1.0,
        0.0,
        1.0
      ]
    }
  ],
  "Camera": [
    7.189902305603027,
    -6.061306476593018,
    5.545105934143066
  ],
  "Lamp_Key": [
    6.5475616455078125,
    -3.6094346046447754,
    5.093947410583496
  ],
  "Lamp_Back": [
    -1.9605414867401123,
    2.7815043926239014,
    6.140451908111572
  ],
  "image_filename": "000007892918041074"
}