{
  "Lamp_Fill": [
    -4.883407115936279,
    -3.341890811920166,
    2.729309558868408
  ],
  "Lamp_Key": [
    6.305335521697998,
    -3.58355975151062,
    3.8077175617218018
  ],
  "objects": [
    {
      "size": 2.0,
      "rotation": 0.0,
      "pixel_coords": [
        60,
        30,
        13.70184326171875
      ],
      "3d_coords": [
        -2.848482847213745,
        1.9857063293457031,
        2.0
      ],
      "shape": "Sphere",
      "color": [
        0.0,
        1.0,
        0.0,
        1.0
      ],
      "material": "MyMetal"
    },
    {
      "size": 1.5,
      "rotation": 0.0,
      "pixel_coords": [
        96,
        41,
        12.103591918945312
      ],
      "3d_coords": [
        0.7779948711395264,
        2.9869606494903564,
        1.5
      ],
      "shape": "SmoothCube_v2",
      "color": [
        1.0,
        1.0,
        0.0,
        1.0
      ],
      "material": "MyMetal"
    }
  ],
  "image_filename": "000000215854036631",
  "Camera": [
    7.665156841278076,
    -6.905296325683594,
    5.050168514251709
  ],
  "Lamp_Back": [
    -1.8063148260116577,
    2.1500589847564697,
    5.241600513458252
  ]
}