{
  "image_filename": "000002171028530781",
  "Lamp_Fill": [
    -3.835913896560669,
    -3.3762474060058594,
    2.425750255584717
  ],
  "objects": [
    {
      "material": "MyMetal",
      "shape": "Sphere",
      "color": [
        0.0,
        1.0,
        0.0,
        1.0
      ],
      "rotation": 0.0,
      "pixel_coords": [
        60,
        35,
        13.535648345947266
      ],
      "3d_coords": [
        -2.546658992767334,
        1.846181035041809,
        1.5
      ],
      "size": 1.5
    },
    {
      "material": "MyMetal",
      "shape": "Sphere",
      "color": [
        1.0,
        1.0,
        0.0,
        1.0
      ],
      "rotation": 0.0,
      "pixel_coords": [
        90,
        38,
        11.048869132995605
      ],
      "3d_coords": [
        0.9566789269447327,
        1.906040072441101,
        2.0
      ],
      "size": 2.0
    }
  ],
  "Camera": [
    7.4962687492370605,
    -6.817444324493408,
    5.401785373687744
  ],
  "Lamp_Key": [
    6.261540412902832,
    -3.2480194568634033,
    4.196760654449463
  ],
  "Lamp_Back": [
    -0.18196599185466766,
    3.150364637374878,
    6.0369744300842285
  ]
}