{
  "image_filename": "00000082",
  "objects": [
    {
      "shape": "circle",
      "size": 0.125,
      "rotation": 0.0,
      "2d_coords": [
        0.24187646763527532,
        0.3446687346818482
      ],
      "color": [
        255,
        127,
        0
      ]
    },
    {
      "shape": "square",
      "size": 0.225,
      "rotation": 0.0,
      "2d_coords": [
        0.8135624889399506,
        0.5920454311528467
      ],
      "color": [
        255,
        127,
        0
      ]
    }
  ]
}