{
  "Camera": [
    7.559857368469238,
    -6.930550575256348,
    5.202260971069336
  ],
  "Lamp_Key": [
    6.015806198120117,
    -3.677474021911621,
    4.173577308654785
  ],
  "objects": [
    {
      "3d_coords": [
        -0.29517215490341187,
        -0.6589303612709045,
        1.0
      ],
      "color": [
        1.0,
        0.0,
        0.0,
        1.0
      ],
      "size": 1.0,
      "pixel_coords": [
        55,
        54,
        10.844446182250977
      ],
      "material": "Rubber",
      "rotation": 0.0,
      "shape": "Suzanne"
    },
    {
      "3d_coords": [
        -2.098421335220337,
        -2.0508077144622803,
        1.0
      ],
      "color": [
        0.0,
        1.0,
        1.0,
        1.0
      ],
      "size": 1.0,
      "pixel_coords": [
        27,
        52,
        11.19104290008545
      ],
      "material": "MyMetal",
      "rotation": 0.0,
      "shape": "SmoothCube_v2"
    }
  ],
  "Lamp_Back": [
    -0.8690750002861023,
    1.8941106796264648,
    6.580356597900391
  ],
  "image_filename": "000002803972706086",
  "Lamp_Fill": [
    -5.577388286590576,
    -3.2766895294189453,
    3.441645622253418
  ]
}