{
  "Camera": [
    7.958130359649658,
    -6.211719036102295,
    5.246680736541748
  ],
  "image_filename": "000006301495290802",
  "objects": [
    {
      "size": 2.0,
      "material": "MyMetal",
      "pixel_coords": [
        117,
        43,
        9.9241361618042
      ],
      "rotation": 0.0,
      "color": [
        0.0,
        1.0,
        0.0,
        1.0
      ],
      "3d_coords": [
        2.782623767852783,
        2.5924630165100098,
        2.0
      ],
      "shape": "SmoothCylinder"
    },
    {
      "size": 2.0,
      "material": "Rubber",
      "pixel_coords": [
        58,
        31,
        12.935102462768555
      ],
      "rotation": 0.0,
      "color": [
        0.0,
        1.0,
        1.0,
        1.0
      ],
      "3d_coords": [
        -2.5261893272399902,
        1.3059766292572021,
        2.0
      ],
      "shape": "SmoothCube_v2"
    }
  ],
  "Lamp_Fill": [
    -3.833493709564209,
    -4.68002986907959,
    3.9484448432922363
  ],
  "Lamp_Key": [
    7.182786464691162,
    -3.2085399627685547,
    4.722475528717041
  ],
  "Lamp_Back": [
    -1.3293887376785278,
    2.0846657752990723,
    5.165339469909668
  ]
}