{
  "Lamp_Key": [
    6.380763530731201,
    -3.749180793762207,
    3.9163479804992676
  ],
  "objects": [
    {
      "rotation": 0.0,
      "material": "MyMetal",
      "size": 2.0,
      "pixel_coords": [
        27,
        44,
        9.781185150146484
      ],
      "shape": "SmoothCube_v2",
      "color": [
        1.0,
        0.0,
        0.0,
        1.0
      ],
      "3d_coords": [
        -0.9685161113739014,
        -2.590118646621704,
        2.0
      ]
    },
    {
      "rotation": 0.0,
      "material": "Rubber",
      "size": 1.0,
      "pixel_coords": [
        96,
        53,
        11.08234691619873
      ],
      "shape": "SmoothCube_v2",
      "color": [
        0.0,
        1.0,
        0.0,
        1.0
      ],
      "3d_coords": [
        1.739714503288269,
        1.893643856048584,
        1.0
      ]
    }
  ],
  "Lamp_Fill": [
    -5.649171829223633,
    -4.115823268890381,
    3.2985143661499023
  ],
  "Camera": [
    7.766447067260742,
    -6.92421293258667,
    5.0168304443359375
  ],
  "image_filename": "000015542230470438",
  "Lamp_Back": [
    -1.4944201707839966,
    2.188720703125,
    5.898093223571777
  ]
}