{
  "image_filename": "000012750714766895",
  "objects": [
    {
      "shape": "Sphere",
      "size": 1.5,
      "material": "data/materials/PoliigonBricksPaintedWhite001.blend",
      "3d_coords": [
        -2.82167649269104,
        1.2354410886764526,
        1.5
      ],
      "rotation": 0.0,
      "pixel_coords": [
        53,
        35,
        13.05932331085205
      ]
    },
    {
      "shape": "Sphere",
      "size": 2.0,
      "material": "data/materials/PoliigonMetalSpottyDiscoloration001.blend",
      "3d_coords": [
        -1.7471070289611816,
        -2.2017030715942383,
        2.0
      ],
      "rotation": 0.0,
      "pixel_coords": [
        25,
        41,
        10.083791732788086
      ]
    }
  ],
  "ground_material": "data/materials/PoliigonFabricFleece001.blend",
  "Lamp_Key": [
    7.375570297241211,
    -3.3507726192474365,
    3.343742847442627
  ],
  "Lamp_Back": [
    -2.1336870193481445,
    2.33902645111084,
    5.264330863952637
  ],
  "Lamp_Fill": [
    -5.262662887573242,
    -4.494597911834717,
    3.57551646232605
  ],
  "Camera": [
    7.186700344085693,
    -6.69709587097168,
    5.491608619689941
  ]
}