{
  "image_filename": "00000007",
  "objects": [
    {
      "shape": "circle",
      "size": 0.325,
      "rotation": 0.0,
      "2d_coords": [
        0.5009800426257597,
        0.8375018896951857
      ],
      "color": [
        255,
        0,
        255
      ]
    },
    {
      "shape": "circle",
      "size": 0.225,
      "rotation": 0.0,
      "2d_coords": [
        0.6180719633683026,
        0.43756113981770733
      ],
      "color": [
        0,
        255,
        0
      ]
    }
  ]
}