{
  "Camera": [
    7.068521022796631,
    -6.446774482727051,
    5.6752448081970215
  ],
  "Lamp_Fill": [
    -4.761998653411865,
    -3.5493903160095215,
    3.5010123252868652
  ],
  "objects": [
    {
      "rotation": 0.0,
      "size": 2.0,
      "color": [
        0.0,
        1.0,
        1.0,
        1.0
      ],
      "pixel_coords": [
        69,
        26,
        13.287303924560547
      ],
      "3d_coords": [
        -2.4089691638946533,
        2.8527913093566895,
        2.0
      ],
      "material": "MyMetal",
      "shape": "Sphere"
    },
    {
      "rotation": 0.0,
      "size": 1.5,
      "color": [
        1.0,
        0.0,
        1.0,
        1.0
      ],
      "pixel_coords": [
        57,
        69,
        7.725268840789795
      ],
      "3d_coords": [
        2.011505603790283,
        -2.3375508785247803,
        1.5
      ],
      "material": "Rubber",
      "shape": "SmoothCube_v2"
    }
  ],
  "Lamp_Back": [
    -1.191399335861206,
    2.239471673965454,
    6.782500267028809
  ],
  "image_filename": "000008024431039117",
  "Lamp_Key": [
    5.53715181350708,
    -2.7655029296875,
    3.8379318714141846
  ]
}