{
  "image_filename": "00000055",
  "objects": [
    {
      "shape": "triangle",
      "size": 0.425,
      "rotation": 0.0,
      "2d_coords": [
        0.2971938646707697,
        0.775940687664795
      ],
      "color": [
        0,
        127,
        255
      ]
    },
    {
      "shape": "circle",
      "size": 0.325,
      "rotation": 0.0,
      "2d_coords": [
        0.5589638604951129,
        0.4673648438661303
      ],
      "color": [
        255,
        0,
        255
      ]
    }
  ]
}