{
  "objects": [
    {
      "shape": "SmoothCube_v2",
      "material": "MyMetal",
      "3d_coords": [
        -1.2587426900863647,
        2.8251097202301025,
        1.5
      ],
      "size": 1.5,
      "rotation": 0.0,
      "pixel_coords": [
        79,
        36,
        13.044759750366211
      ],
      "color": [
        0.0,
        1.0,
        1.0,
        1.0
      ]
    },
    {
      "shape": "SmoothCube_v2",
      "material": "Rubber",
      "3d_coords": [
        -2.0510518550872803,
        -0.08432866632938385,
        1.5
      ],
      "size": 1.5,
      "rotation": 0.0,
      "pixel_coords": [
        48,
        40,
        11.959650039672852
      ],
      "color": [
        1.0,
        0.0,
        0.0,
        1.0
      ]
    }
  ],
  "Lamp_Back": [
    -1.3453001976013184,
    2.3274526596069336,
    5.840782165527344
  ],
  "Lamp_Key": [
    6.957891941070557,
    -3.6402108669281006,
    3.734358072280884
  ],
  "image_filename": "000004146373761284",
  "Camera": [
    7.745168685913086,
    -6.323575496673584,
    5.263986587524414
  ],
  "Lamp_Fill": [
    -3.6830058097839355,
    -3.515273332595825,
    2.3260300159454346
  ]
}