{
  "Camera": [
    7.512653827667236,
    -6.2933349609375,
    5.790395259857178
  ],
  "image_filename": "000000763260254798",
  "Lamp_Fill": [
    -3.8583967685699463,
    -4.056003570556641,
    3.3280258178710938
  ],
  "Lamp_Key": [
    7.065001964569092,
    -3.8968989849090576,
    4.912615776062012
  ],
  "Lamp_Back": [
    -1.2159652709960938,
    2.060391664505005,
    5.207621097564697
  ],
  "objects": [
    {
      "3d_coords": [
        -2.8144962787628174,
        2.435697555541992,
        2.0
      ],
      "size": 2.0,
      "material": "Rubber",
      "pixel_coords": [
        65,
        27,
        13.569856643676758
      ],
      "shape": "Sphere",
      "rotation": 0.0,
      "color": [
        0.0,
        0.0,
        1.0,
        1.0
      ]
    },
    {
      "3d_coords": [
        -1.7003575563430786,
        -2.3325181007385254,
        1.0
      ],
      "size": 1.0,
      "material": "MyMetal",
      "pixel_coords": [
        26,
        54,
        10.707037925720215
      ],
      "shape": "Sphere",
      "rotation": 0.0,
      "color": [
        0.0,
        1.0,
        1.0,
        1.0
      ]
    }
  ]
}