{
  "image_filename": "000003416183606193",
  "objects": [
    {
      "shape": "NewellTeapot",
      "size": 1.5,
      "material": "data/materials/PoliigonMetalSpottyDiscoloration001.blend",
      "3d_coords": [
        1.5575352907180786,
        2.859825372695923,
        1.5
      ],
      "rotation": 0.0,
      "pixel_coords": [
        102,
        44,
        11.60306167602539
      ]
    },
    {
      "shape": "Cylinder",
      "size": 1.5,
      "material": "data/materials/PoliigonChainmailCopperRoundedThin001.blend",
      "3d_coords": [
        -0.8555966019630432,
        -2.341294765472412,
        1.5
      ],
      "rotation": 0.0,
      "pixel_coords": [
        32,
        52,
        10.247010231018066
      ]
    }
  ],
  "ground_material": "data/materials/PoliigonMetalSpottyDiscoloration001.blend",
  "Lamp_Key": [
    6.467360973358154,
    -3.326817035675049,
    4.5327677726745605
  ],
  "Lamp_Back": [
    -0.35119593143463135,
    2.2711551189422607,
    4.829008102416992
  ],
  "Lamp_Fill": [
    -5.044312000274658,
    -4.683662414550781,
    2.672574281692505
  ],
  "Camera": [
    7.79885196685791,
    -6.678619861602783,
    5.6870646476745605
  ]
}