{
  "image_filename": "00000004",
  "objects": [
    {
      "shape": "square",
      "size": 0.425,
      "rotation": 0.0,
      "2d_coords": [
        0.45995055590716105,
        0.10638988563518217
      ],
      "color": [
        0,
        127,
        255
      ]
    },
    {
      "shape": "circle",
      "size": 0.125,
      "rotation": 0.0,
      "2d_coords": [
        0.4615292080242379,
        0.8165272410164007
      ],
      "color": [
        0,
        255,
        0
      ]
    }
  ]
}