{
  "image_filename": "00000070",
  "objects": [
    {
      "shape": "triangle",
      "size": 0.325,
      "rotation": 0.0,
      "2d_coords": [
        0.49804406110614086,
        0.19466319047938013
      ],
      "color": [
        255,
        0,
        255
      ]
    },
    {
      "shape": "circle",
      "size": 0.225,
      "rotation": 0.0,
      "2d_coords": [
        0.42505528815009164,
        0.651435755296752
      ],
      "color": [
        0,
        255,
        0
      ]
    }
  ]
}