{
  "image_filename": "000012375695468142",
  "objects": [
    {
      "shape": "Cube",
      "size": 1.0,
      "material": "data/materials/PoliigonChainmailCopperRoundedThin001.blend",
      "3d_coords": [
        1.9796818494796753,
        0.6706204414367676,
        1.0
      ],
      "rotation": 0.0,
      "pixel_coords": [
        90,
        58,
        9.767399787902832
      ]
    },
    {
      "shape": "NewellTeapot",
      "size": 2.0,
      "material": "data/materials/PoliigonWoodFlooring061.blend",
      "3d_coords": [
        -2.0296385288238525,
        1.0703141689300537,
        2.0
      ],
      "rotation": 0.0,
      "pixel_coords": [
        57,
        31,
        12.098936080932617
      ]
    }
  ],
  "ground_material": "data/materials/PoliigonFabricDenim003.blend",
  "Lamp_Key": [
    6.425920009613037,
    -3.062260389328003,
    3.6442480087280273
  ],
  "Lamp_Back": [
    -0.3992992639541626,
    2.1190178394317627,
    6.104200839996338
  ],
  "Lamp_Fill": [
    -5.40278434753418,
    -4.078921794891357,
    2.089693546295166
  ],
  "Camera": [
    7.110263347625732,
    -6.695918083190918,
    5.288214206695557
  ]
}