{
  "image_filename": "00000064",
  "objects": [
    {
      "shape": "square",
      "size": 0.325,
      "rotation": 0.0,
      "2d_coords": [
        0.8069986849967034,
        0.1665182206234454
      ],
      "color": [
        0,
        127,
        255
      ]
    },
    {
      "shape": "triangle",
      "size": 0.425,
      "rotation": 0.0,
      "2d_coords": [
        0.3633064529178297,
        0.6419347143270102
      ],
      "color": [
        255,
        127,
        0
      ]
    }
  ]
}