{
  "image_filename": "000005081714254315",
  "objects": [
    {
      "shape": "Sphere",
      "size": 2.0,
      "material": "data/materials/PoliigonMetalSpottyDiscoloration001.blend",
      "3d_coords": [
        0.6531118154525757,
        -0.9836075305938721,
        2.0
      ],
      "rotation": 0.0,
      "pixel_coords": [
        59,
        45,
        9.363953590393066
      ]
    },
    {
      "shape": "Icosahedron",
      "size": 1.5,
      "material": "data/materials/PoliigonBricksPaintedWhite001.blend",
      "3d_coords": [
        -2.9430599212646484,
        -0.8083735704421997,
        1.5
      ],
      "rotation": 0.0,
      "pixel_coords": [
        36,
        39,
        12.189482688903809
      ]
    }
  ],
  "ground_material": "data/materials/PoliigonFabricDenim003.blend",
  "Lamp_Key": [
    6.03890323638916,
    -3.460202217102051,
    3.466303825378418
  ],
  "Lamp_Back": [
    -1.382688283920288,
    3.269989252090454,
    6.003884792327881
  ],
  "Lamp_Fill": [
    -5.322604656219482,
    -4.2798027992248535,
    2.3245561122894287
  ],
  "Camera": [
    7.842376232147217,
    -6.322633266448975,
    5.044458866119385
  ]
}