{
  "image_filename": "000005411726986770",
  "objects": [
    {
      "shape": "Cube",
      "size": 1.5,
      "material": "data/materials/PoliigonMetalSpottyDiscoloration001.blend",
      "3d_coords": [
        2.708116292953491,
        -1.5994787216186523,
        1.5
      ],
      "rotation": 0.0,
      "pixel_coords": [
        73,
        69,
        7.76212739944458
      ]
    },
    {
      "shape": "NewellTeapot",
      "size": 1.5,
      "material": "data/materials/PoliigonBricksFlemishRed001.blend",
      "3d_coords": [
        -1.3465967178344727,
        -2.5170159339904785,
        1.5
      ],
      "rotation": 0.0,
      "pixel_coords": [
        25,
        50,
        9.948701858520508
      ]
    }
  ],
  "ground_material": "data/materials/PoliigonRoofTilesTerracotta004.blend",
  "Lamp_Key": [
    7.332900047302246,
    -3.120412826538086,
    4.8207831382751465
  ],
  "Lamp_Back": [
    -1.3697364330291748,
    3.120321035385132,
    6.461606025695801
  ],
  "Lamp_Fill": [
    -4.684475898742676,
    -3.8437278270721436,
    2.5254616737365723
  ],
  "Camera": [
    7.4303741455078125,
    -6.14635705947876,
    5.695658206939697
  ]
}