{
  "image_filename": "000014393628236074",
  "objects": [
    {
      "shape": "Icosahedron",
      "size": 2.0,
      "material": "data/materials/PoliigonFabricFleece001.blend",
      "3d_coords": [
        -0.26206764578819275,
        -1.9218281507492065,
        2.0
      ],
      "rotation": 0.0,
      "pixel_coords": [
        40,
        45,
        9.632080078125
      ]
    },
    {
      "shape": "Cylinder",
      "size": 1.0,
      "material": "data/materials/PoliigonMetalSpottyDiscoloration001.blend",
      "3d_coords": [
        2.6292779445648193,
        1.9271525144577026,
        1.0
      ],
      "rotation": 0.0,
      "pixel_coords": [
        107,
        57,
        10.279211044311523
      ]
    }
  ],
  "ground_material": "data/materials/PoliigonRoofTilesTerracotta004.blend",
  "Lamp_Key": [
    5.893970966339111,
    -2.5104103088378906,
    4.558914661407471
  ],
  "Lamp_Back": [
    -0.678867757320404,
    2.185978651046753,
    5.348945140838623
  ],
  "Lamp_Fill": [
    -4.406250953674316,
    -4.019125461578369,
    2.9170424938201904
  ],
  "Camera": [
    7.885992050170898,
    -6.516135215759277,
    5.12498140335083
  ]
}