{
  "Lamp_Fill": [
    -5.341487407684326,
    -4.270418167114258,
    3.7659945487976074
  ],
  "image_filename": "000002518993605960",
  "Lamp_Key": [
    6.369264602661133,
    -2.5843145847320557,
    4.740204811096191
  ],
  "objects": [
    {
      "rotation": 0.0,
      "color": [
        0.0,
        1.0,
        1.0,
        1.0
      ],
      "pixel_coords": [
        74,
        34,
        11.557978630065918
      ],
      "material": "MyMetal",
      "shape": "SmoothCylinder",
      "size": 2.0,
      "3d_coords": [
        -0.4923321306705475,
        1.5665730237960815,
        2.0
      ]
    },
    {
      "rotation": 0.0,
      "color": [
        0.0,
        0.0,
        1.0,
        1.0
      ],
      "pixel_coords": [
        77,
        65,
        7.349484443664551
      ],
      "material": "MyMetal",
      "shape": "SmoothCylinder",
      "size": 2.0,
      "3d_coords": [
        2.992845058441162,
        -1.8893845081329346,
        2.0
      ]
    }
  ],
  "Camera": [
    7.117743492126465,
    -6.655233860015869,
    5.838322162628174
  ],
  "Lamp_Back": [
    -0.4086351692676544,
    2.5174400806427,
    5.114964485168457
  ]
}