{
  "image_filename": "000006174607716424",
  "Camera": [
    7.472907066345215,
    -6.1651387214660645,
    5.353853225708008
  ],
  "Lamp_Fill": [
    -4.036986351013184,
    -4.11030912399292,
    2.969320058822632
  ],
  "objects": [
    {
      "size": 1.0,
      "color": [
        0.0,
        1.0,
        0.0,
        1.0
      ],
      "material": "Rubber",
      "3d_coords": [
        -1.6490215063095093,
        2.532355546951294,
        1.0
      ],
      "shape": "Sphere",
      "pixel_coords": [
        74,
        40,
        13.108850479125977
      ],
      "rotation": 0.0
    },
    {
      "size": 1.5,
      "color": [
        1.0,
        0.0,
        0.0,
        1.0
      ],
      "material": "Rubber",
      "3d_coords": [
        2.9027161598205566,
        2.028561592102051,
        1.5
      ],
      "shape": "SmoothCube_v2",
      "pixel_coords": [
        114,
        51,
        9.51335620880127
      ],
      "rotation": 0.0
    }
  ],
  "Lamp_Key": [
    6.709641456604004,
    -3.292869806289673,
    3.477060079574585
  ],
  "Lamp_Back": [
    -0.9375357031822205,
    2.15588641166687,
    6.283461093902588
  ]
}