{
  "objects": [
    {
      "shape": "Sphere",
      "size": 2.0,
      "material": "MyMetal",
      "color": [
        0.0,
        1.0,
        0.0,
        1.0
      ],
      "rotation": 0.0,
      "3d_coords": [
        -2.93916916847229,
        -2.611823558807373,
        2.0
      ],
      "pixel_coords": [
        13,
        39,
        10.805293083190918
      ]
    },
    {
      "shape": "SmoothCube_v2",
      "size": 1.0,
      "material": "MyMetal",
      "color": [
        1.0,
        0.0,
        0.0,
        1.0
      ],
      "rotation": 0.0,
      "3d_coords": [
        1.875947117805481,
        1.589590072631836,
        1.0
      ],
      "pixel_coords": [
        96,
        55,
        10.647560119628906
      ]
    }
  ],
  "Lamp_Fill": [
    -4.718071937561035,
    -3.067768096923828,
    3.6397511959075928
  ],
  "Camera": [
    7.360158443450928,
    -6.6601409912109375,
    5.655988693237305
  ],
  "Lamp_Back": [
    -0.8000896573066711,
    2.2909350395202637,
    4.890369892120361
  ],
  "image_filename": "000014056854649278",
  "Lamp_Key": [
    5.5059285163879395,
    -2.908071517944336,
    3.6164731979370117
  ]
}