{
  "image_filename": "00000044",
  "objects": [
    {
      "shape": "circle",
      "size": 0.325,
      "rotation": 0.0,
      "2d_coords": [
        0.228745179491747,
        0.2016349253519969
      ],
      "color": [
        0,
        127,
        255
      ]
    },
    {
      "shape": "circle",
      "size": 0.325,
      "rotation": 0.0,
      "2d_coords": [
        0.3841098793052779,
        0.5673599066441635
      ],
      "color": [
        0,
        127,
        255
      ]
    }
  ]
}