{
  "objects": [
    {
      "pixel_coords": [
        27,
        48,
        10.412345886230469
      ],
      "shape": "Sphere",
      "size": 1.5,
      "rotation": 0.0,
      "color": [
        0.0,
        0.0,
        1.0,
        1.0
      ],
      "material": "Rubber",
      "3d_coords": [
        -1.5708476305007935,
        -2.2827908992767334,
        1.5
      ]
    },
    {
      "pixel_coords": [
        113,
        52,
        10.93775749206543
      ],
      "shape": "Suzanne",
      "size": 1.0,
      "rotation": 0.0,
      "color": [
        0.0,
        1.0,
        1.0,
        1.0
      ],
      "material": "MyMetal",
      "3d_coords": [
        2.4429566860198975,
        2.9678163528442383,
        1.0
      ]
    }
  ],
  "Lamp_Key": [
    6.058770179748535,
    -2.0845518112182617,
    4.356415271759033
  ],
  "Camera": [
    7.661449909210205,
    -6.487431526184082,
    5.31269645690918
  ],
  "Lamp_Back": [
    -1.9630498886108398,
    3.6288251876831055,
    6.396772384643555
  ],
  "Lamp_Fill": [
    -4.76438045501709,
    -3.9295060634613037,
    2.3251070976257324
  ],
  "image_filename": "000002206953334964"
}