{
  "Lamp_Fill": [
    -4.848278045654297,
    -3.879899740219116,
    3.945955514907837
  ],
  "image_filename": "000004026700230261",
  "Lamp_Key": [
    7.171170711517334,
    -3.403684139251709,
    5.035370349884033
  ],
  "Lamp_Back": [
    -1.556320071220398,
    2.4965455532073975,
    6.280914306640625
  ],
  "Camera": [
    7.203416347503662,
    -6.115212917327881,
    5.0991902351379395
  ],
  "objects": [
    {
      "size": 1.5,
      "shape": "SmoothCylinder",
      "3d_coords": [
        1.014708399772644,
        1.0265120267868042,
        1.5
      ],
      "pixel_coords": [
        84,
        46,
        9.92868423461914
      ],
      "material": "MyMetal",
      "color": [
        0.0,
        0.0,
        1.0,
        1.0
      ],
      "rotation": 0.0
    },
    {
      "size": 1.5,
      "shape": "Sphere",
      "3d_coords": [
        -1.8842284679412842,
        2.544236898422241,
        1.5
      ],
      "pixel_coords": [
        72,
        33,
        12.737939834594727
      ],
      "material": "Rubber",
      "color": [
        1.0,
        1.0,
        0.0,
        1.0
      ],
      "rotation": 0.0
    }
  ]
}