{
  "Camera": [
    7.643964767456055,
    -6.80087947845459,
    4.927619934082031
  ],
  "Lamp_Key": [
    6.216713905334473,
    -2.0681612491607666,
    3.977224349975586
  ],
  "image_filename": "000001782230238675",
  "objects": [
    {
      "shape": "SmoothCube_v2",
      "color": [
        1.0,
        0.0,
        0.0,
        1.0
      ],
      "material": "Rubber",
      "rotation": 0.0,
      "3d_coords": [
        2.9952359199523926,
        1.1636320352554321,
        1.5
      ],
      "size": 1.5,
      "pixel_coords": [
        107,
        53,
        9.386087417602539
      ]
    },
    {
      "shape": "SmoothCylinder",
      "color": [
        1.0,
        0.0,
        0.0,
        1.0
      ],
      "material": "MyMetal",
      "rotation": 0.0,
      "3d_coords": [
        -1.0046336650848389,
        -2.2282326221466064,
        2.0
      ],
      "size": 2.0,
      "pixel_coords": [
        31,
        43,
        9.830195426940918
      ]
    }
  ],
  "Lamp_Back": [
    -1.466104507446289,
    2.3176629543304443,
    6.663896560668945
  ],
  "Lamp_Fill": [
    -4.485028266906738,
    -4.568281650543213,
    3.492523670196533
  ]
}