{
  "image_filename": "00000068",
  "objects": [
    {
      "shape": "circle",
      "size": 0.425,
      "rotation": 0.0,
      "2d_coords": [
        0.6469861317805897,
        0.8190140252837245
      ],
      "color": [
        255,
        0,
        255
      ]
    },
    {
      "shape": "square",
      "size": 0.325,
      "rotation": 0.0,
      "2d_coords": [
        0.5360382367363531,
        0.1869992632895246
      ],
      "color": [
        0,
        127,
        255
      ]
    }
  ]
}