{
  "Camera": [
    7.917001247406006,
    -6.096647262573242,
    5.310263156890869
  ],
  "Lamp_Key": [
    6.684992790222168,
    -2.3261029720306396,
    5.155369758605957
  ],
  "objects": [
    {
      "color": [
        0.0,
        1.0,
        1.0,
        1.0
      ],
      "3d_coords": [
        1.8592432737350464,
        2.610708475112915,
        1.0
      ],
      "rotation": 0.0,
      "material": "MyMetal",
      "shape": "Suzanne",
      "pixel_coords": [
        105,
        52,
        10.952278137207031
      ],
      "size": 1.0
    },
    {
      "color": [
        1.0,
        1.0,
        0.0,
        1.0
      ],
      "3d_coords": [
        -1.35924232006073,
        0.7987834215164185,
        2.0
      ],
      "rotation": 0.0,
      "material": "MyMetal",
      "shape": "Sphere",
      "pixel_coords": [
        62,
        34,
        11.758569717407227
      ],
      "size": 2.0
    }
  ],
  "Lamp_Back": [
    -1.0330621004104614,
    2.465484380722046,
    5.088242530822754
  ],
  "image_filename": "000012488073184620",
  "Lamp_Fill": [
    -4.787171840667725,
    -4.502103328704834,
    3.0130603313446045
  ]
}