{
  "image_filename": "000004251849269933",
  "objects": [
    {
      "shape": "Cube",
      "size": 1.0,
      "material": "data/materials/PoliigonFabricDenim003.blend",
      "3d_coords": [
        -1.0298603773117065,
        1.1254332065582275,
        1.0
      ],
      "rotation": 0.0,
      "pixel_coords": [
        65,
        45,
        12.185783386230469
      ]
    },
    {
      "shape": "Suzanne",
      "size": 2.0,
      "material": "data/materials/PoliigonWoodFlooring061.blend",
      "3d_coords": [
        0.22112299501895905,
        -2.315824031829834,
        2.0
      ],
      "rotation": 0.0,
      "pixel_coords": [
        40,
        50,
        8.861781120300293
      ]
    }
  ],
  "ground_material": "data/materials/PoliigonFabricFleece001.blend",
  "Lamp_Key": [
    6.764861583709717,
    -2.706427812576294,
    4.775648593902588
  ],
  "Lamp_Back": [
    -1.919069766998291,
    3.460984468460083,
    5.0484819412231445
  ],
  "Lamp_Fill": [
    -4.3445563316345215,
    -3.6142821311950684,
    3.333759307861328
  ],
  "Camera": [
    7.205132961273193,
    -6.710515022277832,
    5.683566570281982
  ]
}