{
  "Lamp_Key": [
    5.50593900680542,
    -3.0762970447540283,
    4.73743200302124
  ],
  "objects": [
    {
      "material": "MyMetal",
      "shape": "Suzanne",
      "3d_coords": [
        2.8559601306915283,
        2.201838493347168,
        1.0
      ],
      "color": [
        0.0,
        1.0,
        1.0,
        1.0
      ],
      "pixel_coords": [
        111,
        56,
        10.457733154296875
      ],
      "size": 1.0,
      "rotation": 0.0
    },
    {
      "material": "MyMetal",
      "shape": "SmoothCylinder",
      "3d_coords": [
        2.4508860111236572,
        -2.9163992404937744,
        1.0
      ],
      "color": [
        0.0,
        0.0,
        1.0,
        1.0
      ],
      "pixel_coords": [
        52,
        77,
        7.759176254272461
      ],
      "size": 1.0,
      "rotation": 0.0
    }
  ],
  "Lamp_Fill": [
    -4.042220592498779,
    -4.622910022735596,
    2.8944244384765625
  ],
  "Lamp_Back": [
    -1.2101629972457886,
    3.3459317684173584,
    5.792831897735596
  ],
  "image_filename": "000011436510349985",
  "Camera": [
    7.95161247253418,
    -6.732024669647217,
    5.042462348937988
  ]
}