{
  "image_filename": "00000077",
  "objects": [
    {
      "shape": "circle",
      "size": 0.225,
      "rotation": 0.0,
      "2d_coords": [
        0.4465578418623282,
        0.42931683653894714
      ],
      "color": [
        255,
        127,
        0
      ]
    },
    {
      "shape": "star_4",
      "size": 0.325,
      "rotation": 0.0,
      "2d_coords": [
        0.43712413720046467,
        0.1537211579001982
      ],
      "color": [
        0,
        127,
        255
      ]
    }
  ]
}