{
  "image_filename": "00000005",
  "objects": [
    {
      "shape": "triangle",
      "size": 0.325,
      "rotation": 0.0,
      "2d_coords": [
        0.36530755275154225,
        0.43655461594085576
      ],
      "color": [
        255,
        0,
        255
      ]
    },
    {
      "shape": "triangle",
      "size": 0.325,
      "rotation": 0.0,
      "2d_coords": [
        0.17746914729810043,
        0.6424293683338147
      ],
      "color": [
        0,
        127,
        255
      ]
    }
  ]
}