{
  "objects": [
    {
      "rotation": 0.0,
      "pixel_coords": [
        111,
        54,
        10.470175743103027
      ],
      "color": [
        0.0,
        1.0,
        0.0,
        1.0
      ],
      "3d_coords": [
        2.523745536804199,
        2.4096012115478516,
        1.0
      ],
      "material": "Rubber",
      "size": 1.0,
      "shape": "Suzanne"
    },
    {
      "rotation": 0.0,
      "pixel_coords": [
        88,
        62,
        9.374622344970703
      ],
      "color": [
        0.0,
        1.0,
        1.0,
        1.0
      ],
      "3d_coords": [
        2.1990549564361572,
        0.16131173074245453,
        1.0
      ],
      "material": "MyMetal",
      "size": 1.0,
      "shape": "Suzanne"
    }
  ],
  "image_filename": "000006617643669956",
  "Lamp_Back": [
    -1.311217188835144,
    3.289949655532837,
    6.014930725097656
  ],
  "Lamp_Key": [
    5.8456711769104,
    -3.317911386489868,
    4.042580604553223
  ],
  "Lamp_Fill": [
    -5.416872024536133,
    -4.0441741943359375,
    2.2437756061553955
  ],
  "Camera": [
    7.218567848205566,
    -6.49822998046875,
    5.569688320159912
  ]
}