{
  "image_filename": "000007911463934137",
  "Camera": [
    7.748521327972412,
    -6.187135696411133,
    5.548901081085205
  ],
  "objects": [
    {
      "shape": "Sphere",
      "rotation": 0.0,
      "3d_coords": [
        2.649240493774414,
        0.10001515597105026,
        1.0
      ],
      "pixel_coords": [
        91,
        66,
        9.122207641601562
      ],
      "size": 1.0,
      "material": "MyMetal",
      "color": [
        0.0,
        1.0,
        0.0,
        1.0
      ]
    },
    {
      "shape": "SmoothCube_v2",
      "rotation": 0.0,
      "3d_coords": [
        -1.6676045656204224,
        -1.3614519834518433,
        1.5
      ],
      "pixel_coords": [
        37,
        45,
        11.026021003723145
      ],
      "size": 1.5,
      "material": "Rubber",
      "color": [
        1.0,
        0.0,
        0.0,
        1.0
      ]
    }
  ],
  "Lamp_Key": [
    7.34369421005249,
    -2.7086212635040283,
    3.513841390609741
  ],
  "Lamp_Back": [
    -1.148651123046875,
    2.6163649559020996,
    5.0381999015808105
  ],
  "Lamp_Fill": [
    -4.142180919647217,
    -3.3102192878723145,
    3.6309945583343506
  ]
}