{
  "image_filename": "000000871295543139",
  "objects": [
    {
      "shape": "Torus",
      "size": 1.0,
      "material": "data/materials/PoliigonRoofTilesTerracotta004.blend",
      "3d_coords": [
        0.10119577497243881,
        -2.3380656242370605,
        1.0
      ],
      "rotation": 0.0,
      "pixel_coords": [
        40,
        62,
        9.608743667602539
      ]
    },
    {
      "shape": "Sphere",
      "size": 1.0,
      "material": "data/materials/PoliigonFabricFleece001.blend",
      "3d_coords": [
        0.8650023341178894,
        0.4730784595012665,
        1.0
      ],
      "rotation": 0.0,
      "pixel_coords": [
        76,
        54,
        10.787758827209473
      ]
    }
  ],
  "ground_material": "data/materials/PoliigonChainmailCopperRoundedThin001.blend",
  "Lamp_Key": [
    6.549647331237793,
    -2.7389044761657715,
    5.157043933868408
  ],
  "Lamp_Back": [
    -0.5129390954971313,
    1.7719229459762573,
    6.125428676605225
  ],
  "Lamp_Fill": [
    -5.457132816314697,
    -4.7344584465026855,
    3.926697254180908
  ],
  "Camera": [
    7.594005107879639,
    -6.899407386779785,
    5.261783123016357
  ]
}