{
  "image_filename": "000005698240264210",
  "Lamp_Back": [
    -0.5716291666030884,
    1.8626667261123657,
    6.369462490081787
  ],
  "Camera": [
    7.3459553718566895,
    -6.632134437561035,
    5.335124492645264
  ],
  "objects": [
    {
      "rotation": 0.0,
      "3d_coords": [
        0.8119367957115173,
        1.791245460510254,
        1.0
      ],
      "color": [
        0.0,
        1.0,
        1.0,
        1.0
      ],
      "shape": "Suzanne",
      "size": 1.0,
      "material": "MyMetal",
      "pixel_coords": [
        87,
        50,
        11.294905662536621
      ]
    },
    {
      "rotation": 0.0,
      "3d_coords": [
        -0.08518312871456146,
        -2.324152946472168,
        2.0
      ],
      "color": [
        0.0,
        0.0,
        1.0,
        1.0
      ],
      "shape": "SmoothCylinder",
      "size": 2.0,
      "material": "Rubber",
      "pixel_coords": [
        36,
        48,
        8.97896671295166
      ]
    }
  ],
  "Lamp_Fill": [
    -5.507683277130127,
    -3.282663106918335,
    3.8768022060394287
  ],
  "Lamp_Key": [
    7.214420318603516,
    -3.7717533111572266,
    5.085722923278809
  ]
}