{
  "image_filename": "000005698240264210",
  "Lamp_Back": [
    -0.5716291666030884,
    1.8626667261123657,
    6.369462490081787
  ],
  "Camera": [
    7.3459553718566895,
    -6.632134437561035,
    5.335124492645264
  ],
  "objects": [
    {
      "rotation": 0.0,
      "3d_coords": [
        0.8119367957115173,
        1.791245460510254,
        2.0
      ],
      "color": [
        1.0,
        0.0,
        1.0,
        1.0
      ],
      "shape": "Suzanne",
      "size": 2.0,
      "material": "MyMetal",
      "pixel_coords": [
        88,
        38,
        10.820389747619629
      ]
    },
    {
      "rotation": 0.0,
      "3d_coords": [
        -0.08518312871456146,
        -2.324152946472168,
        1.5
      ],
      "color": [
        1.0,
        1.0,
        0.0,
        1.0
      ],
      "shape": "SmoothCylinder",
      "size": 1.5,
      "material": "Rubber",
      "pixel_coords": [
        37,
        55,
        9.216224670410156
      ]
    }
  ],
  "Lamp_Fill": [
    -5.507683277130127,
    -3.282663106918335,
    3.8768022060394287
  ],
  "Lamp_Key": [
    7.214420318603516,
    -3.7717533111572266,
    5.085722923278809
  ]
}