{
  "image_filename": "000010132471862660",
  "objects": [
    {
      "shape": "Sphere",
      "size": 1.0,
      "material": "data/materials/PoliigonRoofTilesTerracotta004.blend",
      "3d_coords": [
        -2.7268598079681396,
        -2.5501935482025146,
        1.0
      ],
      "rotation": 0.0,
      "pixel_coords": [
        17,
        52,
        11.088815689086914
      ]
    },
    {
      "shape": "Cylinder",
      "size": 2.0,
      "material": "data/materials/PoliigonChainmailCopperRoundedThin001.blend",
      "3d_coords": [
        0.6909780502319336,
        -1.5274409055709839,
        2.0
      ],
      "rotation": 0.0,
      "pixel_coords": [
        54,
        50,
        9.06235408782959
      ]
    }
  ],
  "ground_material": "data/materials/PoliigonFabricFleece001.blend",
  "Lamp_Key": [
    5.610948085784912,
    -3.158787965774536,
    5.109001636505127
  ],
  "Lamp_Back": [
    -1.2382011413574219,
    1.8366413116455078,
    4.961490631103516
  ],
  "Lamp_Fill": [
    -4.82847261428833,
    -4.601917743682861,
    3.881762981414795
  ],
  "Camera": [
    7.106743335723877,
    -6.797971725463867,
    5.800975322723389
  ]
}