{
  "Lamp_Back": [
    -2.0683233737945557,
    3.483487606048584,
    6.0411906242370605
  ],
  "Lamp_Fill": [
    -5.163043975830078,
    -4.964816093444824,
    3.874211311340332
  ],
  "image_filename": "000000634475754991",
  "Lamp_Key": [
    6.607123851776123,
    -2.249403953552246,
    3.470311164855957
  ],
  "objects": [
    {
      "rotation": 0.0,
      "material": "MyMetal",
      "3d_coords": [
        -2.7308971881866455,
        0.5591764450073242,
        1.5
      ],
      "pixel_coords": [
        50,
        37,
        12.769013404846191
      ],
      "size": 1.5,
      "shape": "Suzanne",
      "color": [
        1.0,
        0.0,
        0.0,
        1.0
      ]
    },
    {
      "rotation": 0.0,
      "material": "Rubber",
      "3d_coords": [
        -2.0314996242523193,
        -2.6680426597595215,
        1.0
      ],
      "pixel_coords": [
        20,
        53,
        10.734914779663086
      ],
      "size": 1.0,
      "shape": "Sphere",
      "color": [
        0.0,
        0.0,
        1.0,
        1.0
      ]
    }
  ],
  "Camera": [
    7.814437389373779,
    -6.210216999053955,
    5.209444522857666
  ]
}