{
  "Lamp_Fill": [
    -5.454566478729248,
    -3.166877031326294,
    2.1418182849884033
  ],
  "Lamp_Key": [
    7.417830467224121,
    -1.9678993225097656,
    4.349325180053711
  ],
  "objects": [
    {
      "color": [
        1.0,
        0.0,
        1.0,
        1.0
      ],
      "rotation": 0.0,
      "pixel_coords": [
        51,
        54,
        8.204278945922852
      ],
      "3d_coords": [
        1.5594569444656372,
        -2.3127129077911377,
        2.0
      ],
      "shape": "SmoothCylinder",
      "material": "MyMetal",
      "size": 2.0
    },
    {
      "color": [
        0.0,
        1.0,
        1.0,
        1.0
      ],
      "rotation": 0.0,
      "pixel_coords": [
        21,
        46,
        11.024009704589844
      ],
      "3d_coords": [
        -2.3603854179382324,
        -2.413062572479248,
        1.5
      ],
      "shape": "SmoothCylinder",
      "material": "Rubber",
      "size": 1.5
    }
  ],
  "Camera": [
    7.787432670593262,
    -6.697261810302734,
    5.18874979019165
  ],
  "image_filename": "000013861706012092",
  "Lamp_Back": [
    -2.1007089614868164,
    3.2974414825439453,
    6.220815658569336
  ]
}