{
  "objects": [
    {
      "color": [
        0.0,
        1.0,
        0.0,
        1.0
      ],
      "shape": "Sphere",
      "3d_coords": [
        0.6584165692329407,
        0.12720446288585663,
        1.5
      ],
      "rotation": 0.0,
      "pixel_coords": [
        71,
        49,
        10.279411315917969
      ],
      "size": 1.5,
      "material": "MyMetal"
    },
    {
      "color": [
        1.0,
        1.0,
        0.0,
        1.0
      ],
      "shape": "Suzanne",
      "3d_coords": [
        0.7241070866584778,
        -2.9263150691986084,
        1.0
      ],
      "rotation": 0.0,
      "pixel_coords": [
        34,
        68,
        8.840445518493652
      ],
      "size": 1.0,
      "material": "Rubber"
    }
  ],
  "image_filename": "000003997524865294",
  "Lamp_Fill": [
    -3.74987530708313,
    -3.7450649738311768,
    3.0437047481536865
  ],
  "Lamp_Back": [
    -1.2455137968063354,
    2.5061120986938477,
    6.385833740234375
  ],
  "Lamp_Key": [
    6.356149673461914,
    -2.109102964401245,
    4.478665351867676
  ],
  "Camera": [
    7.8637495040893555,
    -6.107954978942871,
    5.540727615356445
  ]
}