{
  "image_filename": "00000020",
  "objects": [
    {
      "shape": "square",
      "size": 0.425,
      "rotation": 0.0,
      "2d_coords": [
        0.5111541169663134,
        0.5724024234693171
      ],
      "color": [
        0,
        127,
        255
      ]
    },
    {
      "shape": "square",
      "size": 0.125,
      "rotation": 0.0,
      "2d_coords": [
        0.7127811954067191,
        0.5787918404507459
      ],
      "color": [
        0,
        127,
        255
      ]
    }
  ]
}