{
  "Lamp_Back": [
    -1.1574409008026123,
    1.8879966735839844,
    5.783788204193115
  ],
  "Lamp_Fill": [
    -4.3634490966796875,
    -4.637657642364502,
    2.1426193714141846
  ],
  "image_filename": "000010290982205361",
  "Camera": [
    7.053622722625732,
    -6.085493087768555,
    5.373620986938477
  ],
  "Lamp_Key": [
    7.110931873321533,
    -2.5298168659210205,
    5.143263816833496
  ],
  "objects": [
    {
      "shape": "SmoothCylinder",
      "3d_coords": [
        -2.1823277473449707,
        -0.9264667630195618,
        1.5
      ],
      "rotation": 0.0,
      "material": "Rubber",
      "color": [
        0.0,
        1.0,
        0.0,
        1.0
      ],
      "size": 1.5,
      "pixel_coords": [
        37,
        41,
        10.912249565124512
      ]
    },
    {
      "shape": "SmoothCube_v2",
      "3d_coords": [
        1.5906226634979248,
        2.703442335128784,
        2.0
      ],
      "rotation": 0.0,
      "material": "Rubber",
      "color": [
        1.0,
        1.0,
        0.0,
        1.0
      ],
      "size": 2.0,
      "pixel_coords": [
        106,
        36,
        10.241843223571777
      ]
    }
  ]
}