{
  "image_filename": "00000045",
  "objects": [
    {
      "shape": "circle",
      "size": 0.225,
      "rotation": 0.0,
      "2d_coords": [
        0.42063878709733465,
        0.6091108455918646
      ],
      "color": [
        0,
        255,
        0
      ]
    },
    {
      "shape": "circle",
      "size": 0.125,
      "rotation": 0.0,
      "2d_coords": [
        0.8515875284601857,
        0.43934572138737743
      ],
      "color": [
        255,
        127,
        0
      ]
    }
  ]
}