{
  "Lamp_Back": [
    -0.41973891854286194,
    2.1768181324005127,
    4.897164821624756
  ],
  "Lamp_Fill": [
    -5.266690731048584,
    -4.515455722808838,
    3.0579018592834473
  ],
  "image_filename": "000001392950153802",
  "Camera": [
    7.651942729949951,
    -6.279013156890869,
    5.037911891937256
  ],
  "Lamp_Key": [
    6.379615306854248,
    -3.340891122817993,
    3.588118553161621
  ],
  "objects": [
    {
      "color": [
        0.0,
        1.0,
        0.0,
        1.0
      ],
      "material": "MyMetal",
      "3d_coords": [
        1.2500503063201904,
        -0.3225400149822235,
        2.0
      ],
      "rotation": 0.0,
      "pixel_coords": [
        72,
        45,
        9.155952453613281
      ],
      "size": 2.0,
      "shape": "Suzanne"
    },
    {
      "color": [
        1.0,
        1.0,
        0.0,
        1.0
      ],
      "material": "MyMetal",
      "3d_coords": [
        -2.673701047897339,
        -2.0205588340759277,
        1.5
      ],
      "rotation": 0.0,
      "pixel_coords": [
        23,
        43,
        11.126059532165527
      ],
      "size": 1.5,
      "shape": "SmoothCylinder"
    }
  ]
}