{
  "image_filename": "000001657065685272",
  "objects": [
    {
      "shape": "Cube",
      "size": 1.0,
      "material": "data/materials/PoliigonBricksPaintedWhite001.blend",
      "3d_coords": [
        -0.7750035524368286,
        -1.7985084056854248,
        1.0
      ],
      "rotation": 0.0,
      "pixel_coords": [
        38,
        56,
        10.15237808227539
      ]
    },
    {
      "shape": "Icosahedron",
      "size": 1.0,
      "material": "data/materials/PoliigonRoofTilesTerracotta004.blend",
      "3d_coords": [
        1.5666906833648682,
        -2.3424572944641113,
        1.0
      ],
      "rotation": 0.0,
      "pixel_coords": [
        52,
        70,
        8.281789779663086
      ]
    }
  ],
  "ground_material": "data/materials/PoliigonWoodFlooring061.blend",
  "Lamp_Key": [
    5.4802422523498535,
    -3.3484981060028076,
    4.288040637969971
  ],
  "Lamp_Back": [
    -2.063129186630249,
    1.9948893785476685,
    6.476334571838379
  ],
  "Lamp_Fill": [
    -5.151263236999512,
    -4.013111591339111,
    3.7491626739501953
  ],
  "Camera": [
    7.373266220092773,
    -6.673191547393799,
    5.088059425354004
  ]
}