{
  "Lamp_Fill": [
    -3.832808256149292,
    -3.593031883239746,
    2.4241209030151367
  ],
  "Lamp_Key": [
    5.649404525756836,
    -2.6194920539855957,
    4.773167610168457
  ],
  "Camera": [
    7.326694965362549,
    -6.88859748840332,
    5.63889741897583
  ],
  "Lamp_Back": [
    -1.7116200923919678,
    2.9261085987091064,
    5.9081807136535645
  ],
  "image_filename": "000004104031060229",
  "objects": [
    {
      "color": [
        0.0,
        1.0,
        0.0,
        1.0
      ],
      "rotation": 0.0,
      "3d_coords": [
        -1.0788825750350952,
        -1.6336058378219604,
        2.0
      ],
      "material": "Rubber",
      "size": 2.0,
      "pixel_coords": [
        38,
        42,
        10.260942459106445
      ],
      "shape": "Sphere"
    },
    {
      "color": [
        1.0,
        0.0,
        0.0,
        1.0
      ],
      "rotation": 0.0,
      "3d_coords": [
        0.462157279253006,
        1.6462132930755615,
        1.5
      ],
      "material": "MyMetal",
      "size": 1.5,
      "pixel_coords": [
        82,
        43,
        11.48580265045166
      ],
      "shape": "Sphere"
    }
  ]
}