{
  "image_filename": "000000717195065318",
  "Lamp_Fill": [
    -3.9116156101226807,
    -3.5658068656921387,
    2.8684322834014893
  ],
  "Lamp_Back": [
    -0.9678770899772644,
    1.6538465023040771,
    6.056920528411865
  ],
  "objects": [
    {
      "3d_coords": [
        2.2851054668426514,
        -2.334914207458496,
        1.0
      ],
      "shape": "Suzanne",
      "material": "MyMetal",
      "size": 1.0,
      "pixel_coords": [
        60,
        76,
        8.413813591003418
      ],
      "color": [
        0.0,
        1.0,
        1.0,
        1.0
      ],
      "rotation": 0.0
    },
    {
      "3d_coords": [
        0.21571731567382812,
        0.6250198483467102,
        1.0
      ],
      "shape": "Suzanne",
      "material": "MyMetal",
      "size": 1.0,
      "pixel_coords": [
        71,
        52,
        11.486238479614258
      ],
      "color": [
        0.0,
        1.0,
        1.0,
        1.0
      ],
      "rotation": 0.0
    }
  ],
  "Camera": [
    7.728452682495117,
    -6.792905330657959,
    5.672761917114258
  ],
  "Lamp_Key": [
    7.03428316116333,
    -3.515268564224243,
    4.658267498016357
  ]
}