{
  "Camera": [
    7.772491931915283,
    -6.602904796600342,
    5.169341564178467
  ],
  "Lamp_Fill": [
    -5.1006178855896,
    -3.5254933834075928,
    2.9702818393707275
  ],
  "Lamp_Back": [
    -0.8425250053405762,
    3.2998876571655273,
    5.514683246612549
  ],
  "Lamp_Key": [
    6.538021564483643,
    -3.1424145698547363,
    3.4814646244049072
  ],
  "image_filename": "000014118366193806",
  "objects": [
    {
      "size": 1.0,
      "rotation": 0.0,
      "material": "Rubber",
      "color": [
        1.0,
        0.0,
        0.0,
        1.0
      ],
      "shape": "SmoothCube_v2",
      "3d_coords": [
        0.7502584457397461,
        1.9459948539733887,
        1.0
      ],
      "pixel_coords": [
        88,
        49,
        11.595483779907227
      ]
    },
    {
      "size": 1.0,
      "rotation": 0.0,
      "material": "MyMetal",
      "color": [
        0.0,
        0.0,
        1.0,
        1.0
      ],
      "shape": "SmoothCylinder",
      "3d_coords": [
        -2.0728907585144043,
        -0.43890947103500366,
        1.0
      ],
      "pixel_coords": [
        45,
        47,
        12.137351036071777
      ]
    }
  ]
}