{
  "Camera": [
    7.771610260009766,
    -6.69056510925293,
    5.000284194946289
  ],
  "image_filename": "000013933539061246",
  "Lamp_Key": [
    6.341191291809082,
    -2.013246774673462,
    5.067880153656006
  ],
  "Lamp_Fill": [
    -5.353985786437988,
    -4.384594917297363,
    3.9603629112243652
  ],
  "Lamp_Back": [
    -0.6342844367027283,
    1.8401070833206177,
    5.262341499328613
  ],
  "objects": [
    {
      "3d_coords": [
        -1.6420180797576904,
        2.8988890647888184,
        2.0
      ],
      "rotation": 0.0,
      "pixel_coords": [
        76,
        31,
        13.350924491882324
      ],
      "size": 2.0,
      "shape": "SmoothCylinder",
      "color": [
        0.0,
        0.0,
        1.0,
        1.0
      ],
      "material": "MyMetal"
    },
    {
      "3d_coords": [
        -1.5493977069854736,
        -1.2818902730941772,
        1.0
      ],
      "rotation": 0.0,
      "pixel_coords": [
        39,
        51,
        11.274372100830078
      ],
      "size": 1.0,
      "shape": "Suzanne",
      "color": [
        0.0,
        1.0,
        1.0,
        1.0
      ],
      "material": "MyMetal"
    }
  ]
}