{
  "Lamp_Fill": [
    -3.791724920272827,
    -4.513149261474609,
    3.941840887069702
  ],
  "Camera": [
    7.738762855529785,
    -6.1429362297058105,
    5.687482833862305
  ],
  "Lamp_Key": [
    7.0713791847229,
    -2.8127598762512207,
    4.209993362426758
  ],
  "objects": [
    {
      "rotation": 0.0,
      "material": "Rubber",
      "color": [
        0.0,
        1.0,
        1.0,
        1.0
      ],
      "size": 2.0,
      "shape": "Sphere",
      "pixel_coords": [
        67,
        32,
        12.26643180847168
      ],
      "3d_coords": [
        -1.5328679084777832,
        1.5276789665222168,
        2.0
      ]
    },
    {
      "rotation": 0.0,
      "material": "MyMetal",
      "color": [
        1.0,
        1.0,
        0.0,
        1.0
      ],
      "size": 1.0,
      "shape": "Sphere",
      "pixel_coords": [
        64,
        66,
        9.119682312011719
      ],
      "3d_coords": [
        1.6219013929367065,
        -1.263822078704834,
        1.0
      ]
    }
  ],
  "Lamp_Back": [
    -1.2764092683792114,
    3.269834280014038,
    5.958850383758545
  ],
  "image_filename": "000007803032232310"
}