{
  "objects": [
    {
      "material": "Rubber",
      "3d_coords": [
        -2.6647098064422607,
        2.6389315128326416,
        1.5
      ],
      "color": [
        0.0,
        1.0,
        1.0,
        1.0
      ],
      "shape": "Sphere",
      "pixel_coords": [
        65,
        33,
        14.381625175476074
      ],
      "rotation": 0.0,
      "size": 1.5
    },
    {
      "material": "Rubber",
      "3d_coords": [
        1.6080918312072754,
        -0.7687352299690247,
        1.5
      ],
      "color": [
        1.0,
        0.0,
        0.0,
        1.0
      ],
      "shape": "SmoothCylinder",
      "pixel_coords": [
        72,
        57,
        9.620033264160156
      ],
      "rotation": 0.0,
      "size": 1.5
    }
  ],
  "Lamp_Back": [
    -1.5974972248077393,
    3.466740369796753,
    6.6667680740356445
  ],
  "Lamp_Key": [
    7.228644371032715,
    -2.5531511306762695,
    3.7892208099365234
  ],
  "image_filename": "000011705732709341",
  "Camera": [
    7.629013538360596,
    -6.97865104675293,
    5.769465923309326
  ],
  "Lamp_Fill": [
    -4.306222915649414,
    -4.609073638916016,
    3.3701236248016357
  ]
}