{
  "image_filename": "000006403621232061",
  "objects": [
    {
      "shape": "Cylinder",
      "size": 1.0,
      "material": "data/materials/PoliigonBricksFlemishRed001.blend",
      "3d_coords": [
        -0.49285435676574707,
        -2.6302902698516846,
        1.0
      ],
      "rotation": 0.0,
      "pixel_coords": [
        29,
        61,
        9.090946197509766
      ]
    },
    {
      "shape": "Cone",
      "size": 2.0,
      "material": "data/materials/PoliigonRoofTilesTerracotta004.blend",
      "3d_coords": [
        1.7877143621444702,
        1.4222970008850098,
        2.0
      ],
      "rotation": 0.0,
      "pixel_coords": [
        97,
        41,
        9.518604278564453
      ]
    }
  ],
  "ground_material": "data/materials/PoliigonFabricFleece001.blend",
  "Lamp_Key": [
    5.658962249755859,
    -3.5371179580688477,
    4.152096748352051
  ],
  "Lamp_Back": [
    -1.247461199760437,
    2.3007140159606934,
    5.810311317443848
  ],
  "Lamp_Fill": [
    -3.7908902168273926,
    -4.989884376525879,
    2.389327049255371
  ],
  "Camera": [
    7.054845333099365,
    -6.371540546417236,
    5.11552095413208
  ]
}