{
  "Lamp_Key": [
    7.2561163902282715,
    -2.4903337955474854,
    5.063038349151611
  ],
  "image_filename": "000012582107505964",
  "objects": [
    {
      "material": "MyMetal",
      "size": 1.0,
      "color": [
        0.0,
        1.0,
        0.0,
        1.0
      ],
      "shape": "Suzanne",
      "pixel_coords": [
        91,
        69,
        8.45024299621582
      ],
      "rotation": 0.0,
      "3d_coords": [
        2.8261606693267822,
        -0.3608075976371765,
        1.0
      ]
    },
    {
      "material": "Rubber",
      "size": 1.5,
      "color": [
        1.0,
        0.0,
        1.0,
        1.0
      ],
      "shape": "Sphere",
      "pixel_coords": [
        37,
        42,
        10.94046401977539
      ],
      "rotation": 0.0,
      "3d_coords": [
        -1.999269723892212,
        -0.9981504082679749,
        1.5
      ]
    }
  ],
  "Lamp_Back": [
    -1.070538878440857,
    2.3138136863708496,
    5.724481105804443
  ],
  "Lamp_Fill": [
    -4.853424072265625,
    -3.3540544509887695,
    2.5693905353546143
  ],
  "Camera": [
    7.071169376373291,
    -6.435497760772705,
    5.38566780090332
  ]
}