{
  "Lamp_Key": [
    6.495365619659424,
    -2.806546926498413,
    3.4333438873291016
  ],
  "image_filename": "000000796567449958",
  "objects": [
    {
      "shape": "Suzanne",
      "rotation": 0.0,
      "pixel_coords": [
        34,
        65,
        9.152631759643555
      ],
      "material": "MyMetal",
      "size": 1.0,
      "3d_coords": [
        0.24388615787029266,
        -2.676284074783325,
        1.0
      ],
      "color": [
        0.0,
        1.0,
        1.0,
        1.0
      ]
    },
    {
      "shape": "Sphere",
      "rotation": 0.0,
      "pixel_coords": [
        78,
        43,
        11.16614055633545
      ],
      "material": "MyMetal",
      "size": 1.5,
      "3d_coords": [
        0.062443386763334274,
        1.326285719871521,
        1.5
      ],
      "color": [
        0.0,
        1.0,
        0.0,
        1.0
      ]
    }
  ],
  "Camera": [
    7.587099552154541,
    -6.035896301269531,
    5.72666072845459
  ],
  "Lamp_Back": [
    -0.4381483495235443,
    3.460878372192383,
    5.582819938659668
  ],
  "Lamp_Fill": [
    -5.331937313079834,
    -4.2171831130981445,
    2.0649945735931396
  ]
}