{
  "image_filename": "000013308043909021",
  "Lamp_Key": [
    6.032540321350098,
    -3.3812365531921387,
    5.077378273010254
  ],
  "Lamp_Back": [
    -1.2890204191207886,
    3.5315463542938232,
    6.047909736633301
  ],
  "Camera": [
    7.277174472808838,
    -6.519992351531982,
    5.421535968780518
  ],
  "Lamp_Fill": [
    -4.682483673095703,
    -4.436532020568848,
    3.3347346782684326
  ],
  "objects": [
    {
      "3d_coords": [
        -1.8677817583084106,
        -1.0304926633834839,
        1.5
      ],
      "pixel_coords": [
        39,
        43,
        11.061440467834473
      ],
      "rotation": 0.0,
      "shape": "Sphere",
      "color": [
        0.0,
        1.0,
        0.0,
        1.0
      ],
      "material": "MyMetal",
      "size": 1.5
    },
    {
      "3d_coords": [
        -0.49567586183547974,
        2.6225311756134033,
        1.5
      ],
      "pixel_coords": [
        82,
        37,
        12.299359321594238
      ],
      "rotation": 0.0,
      "shape": "SmoothCube_v2",
      "color": [
        1.0,
        0.0,
        0.0,
        1.0
      ],
      "material": "Rubber",
      "size": 1.5
    }
  ]
}