{
  "image_filename": "000004215744539491",
  "Lamp_Fill": [
    -3.9532086849212646,
    -3.546708583831787,
    3.934643030166626
  ],
  "Lamp_Back": [
    -1.4402459859848022,
    2.242422580718994,
    5.5463104248046875
  ],
  "Lamp_Key": [
    6.448230266571045,
    -3.8122024536132812,
    4.293776988983154
  ],
  "Camera": [
    7.955203533172607,
    -6.086452960968018,
    5.745241165161133
  ],
  "objects": [
    {
      "material": "Rubber",
      "shape": "SmoothCube_v2",
      "pixel_coords": [
        90,
        34,
        12.00372314453125
      ],
      "size": 2.0,
      "color": [
        1.0,
        0.0,
        0.0,
        1.0
      ],
      "3d_coords": [
        0.04235868901014328,
        2.8093454837799072,
        2.0
      ],
      "rotation": 0.0
    },
    {
      "material": "MyMetal",
      "shape": "SmoothCube_v2",
      "pixel_coords": [
        60,
        54,
        9.78744888305664
      ],
      "size": 1.5,
      "color": [
        0.0,
        1.0,
        1.0,
        1.0
      ],
      "3d_coords": [
        0.7505974769592285,
        -0.941641628742218,
        1.5
      ],
      "rotation": 0.0
    }
  ]
}