{
  "Lamp_Fill": [
    -5.513570308685303,
    -3.0211219787597656,
    2.975235939025879
  ],
  "objects": [
    {
      "color": [
        1.0,
        0.0,
        1.0,
        1.0
      ],
      "rotation": 0.0,
      "material": "MyMetal",
      "shape": "SmoothCylinder",
      "3d_coords": [
        -2.6671838760375977,
        2.5944530963897705,
        1.5
      ],
      "pixel_coords": [
        67,
        34,
        14.248515129089355
      ],
      "size": 1.5
    },
    {
      "color": [
        1.0,
        0.0,
        1.0,
        1.0
      ],
      "rotation": 0.0,
      "material": "Rubber",
      "shape": "Sphere",
      "3d_coords": [
        -2.477046489715576,
        -0.5007566809654236,
        1.0
      ],
      "pixel_coords": [
        42,
        46,
        12.628853797912598
      ],
      "size": 1.0
    }
  ],
  "image_filename": "000008218606683024",
  "Lamp_Back": [
    -0.5452203750610352,
    3.42569899559021,
    6.439480304718018
  ],
  "Camera": [
    7.949208736419678,
    -6.535037994384766,
    5.5712103843688965
  ],
  "Lamp_Key": [
    6.930367469787598,
    -3.538717031478882,
    3.9910430908203125
  ]
}