{
  "Lamp_Fill": [
    -4.026130199432373,
    -3.9880564212799072,
    3.8674468994140625
  ],
  "image_filename": "000013706371365433",
  "Camera": [
    7.148534774780273,
    -6.9226861000061035,
    5.709034442901611
  ],
  "objects": [
    {
      "shape": "Sphere",
      "3d_coords": [
        -0.1350121796131134,
        -0.25525960326194763,
        2.0
      ],
      "pixel_coords": [
        60,
        41,
        10.407340049743652
      ],
      "material": "Rubber",
      "size": 2.0,
      "color": [
        0.0,
        1.0,
        0.0,
        1.0
      ],
      "rotation": 0.0
    },
    {
      "shape": "SmoothCube_v2",
      "3d_coords": [
        -2.835313320159912,
        -1.0823894739151,
        2.0
      ],
      "pixel_coords": [
        31,
        35,
        11.590799331665039
      ],
      "material": "Rubber",
      "size": 2.0,
      "color": [
        1.0,
        0.0,
        0.0,
        1.0
      ],
      "rotation": 0.0
    }
  ],
  "Lamp_Key": [
    5.706123352050781,
    -2.714789390563965,
    3.7313618659973145
  ],
  "Lamp_Back": [
    -0.319484144449234,
    3.562959671020508,
    5.20326042175293
  ]
}