{
  "image_filename": "000006544945228445",
  "objects": [
    {
      "shape": "Icosahedron",
      "size": 2.0,
      "material": "data/materials/PoliigonRoofTilesTerracotta004.blend",
      "3d_coords": [
        -1.9045735597610474,
        -0.2998031973838806,
        2.0
      ],
      "rotation": 0.0,
      "pixel_coords": [
        47,
        35,
        11.574243545532227
      ]
    },
    {
      "shape": "Sphere",
      "size": 1.5,
      "material": "data/materials/PoliigonWoodFlooring061.blend",
      "3d_coords": [
        1.4483307600021362,
        -2.998920202255249,
        1.5
      ],
      "rotation": 0.0,
      "pixel_coords": [
        38,
        66,
        8.02503490447998
      ]
    }
  ],
  "ground_material": "data/materials/PoliigonBricksPaintedWhite001.blend",
  "Lamp_Key": [
    6.281655311584473,
    -2.084183931350708,
    4.851863861083984
  ],
  "Lamp_Back": [
    -0.9691113829612732,
    2.5595295429229736,
    6.666076183319092
  ],
  "Lamp_Fill": [
    -3.811887502670288,
    -3.1331400871276855,
    2.1100261211395264
  ],
  "Camera": [
    7.874029636383057,
    -6.168212890625,
    5.402738094329834
  ]
}