{
  "image_filename": "000014225597959014",
  "objects": [
    {
      "shape": "Icosahedron",
      "size": 2.0,
      "material": "data/materials/PoliigonMetalSpottyDiscoloration001.blend",
      "3d_coords": [
        2.6628055572509766,
        0.628741443157196,
        2.0
      ],
      "rotation": 0.0,
      "pixel_coords": [
        98,
        47,
        8.924331665039062
      ]
    },
    {
      "shape": "Icosahedron",
      "size": 2.0,
      "material": "data/materials/PoliigonMetalSpottyDiscoloration001.blend",
      "3d_coords": [
        -2.202178955078125,
        -2.656139612197876,
        2.0
      ],
      "rotation": 0.0,
      "pixel_coords": [
        18,
        40,
        10.398036003112793
      ]
    }
  ],
  "ground_material": "data/materials/PoliigonBricksPaintedWhite001.blend",
  "Lamp_Key": [
    7.257144927978516,
    -3.100224733352661,
    3.3015036582946777
  ],
  "Lamp_Back": [
    -0.9139158725738525,
    2.1881866455078125,
    5.703048229217529
  ],
  "Lamp_Fill": [
    -5.559394836425781,
    -4.1978325843811035,
    2.4031121730804443
  ],
  "Camera": [
    7.807466506958008,
    -6.506788730621338,
    4.870954513549805
  ]
}