{
  "image_filename": "000011508316269987",
  "objects": [
    {
      "shape": "Icosahedron",
      "size": 2.0,
      "material": "data/materials/PoliigonMetalSpottyDiscoloration001.blend",
      "3d_coords": [
        -2.0247678756713867,
        1.0308676958084106,
        2.0
      ],
      "rotation": 0.0,
      "pixel_coords": [
        57,
        33,
        12.384892463684082
      ]
    },
    {
      "shape": "Cylinder",
      "size": 1.0,
      "material": "data/materials/PoliigonMetalSpottyDiscoloration001.blend",
      "3d_coords": [
        2.9071710109710693,
        -0.5299767851829529,
        1.0
      ],
      "rotation": 0.0,
      "pixel_coords": [
        90,
        67,
        8.66276741027832
      ]
    }
  ],
  "ground_material": "data/materials/PoliigonMetalSpottyDiscoloration001.blend",
  "Lamp_Key": [
    7.112771987915039,
    -3.5484957695007324,
    3.704113483428955
  ],
  "Lamp_Back": [
    -1.3510243892669678,
    3.434743642807007,
    6.192603588104248
  ],
  "Lamp_Fill": [
    -5.639982223510742,
    -3.8369805812835693,
    2.835806131362915
  ],
  "Camera": [
    7.35837984085083,
    -6.978837966918945,
    5.036825656890869
  ]
}