{
  "Lamp_Key": [
    6.635267734527588,
    -3.382279872894287,
    5.113059043884277
  ],
  "Lamp_Fill": [
    -5.248042583465576,
    -3.5802953243255615,
    3.732440948486328
  ],
  "Camera": [
    7.568405628204346,
    -6.163837432861328,
    5.006935119628906
  ],
  "Lamp_Back": [
    -0.2670787274837494,
    3.4850664138793945,
    6.178813457489014
  ],
  "image_filename": "000005653454595480",
  "objects": [
    {
      "size": 1.0,
      "shape": "SmoothCube_v2",
      "color": [
        1.0,
        0.0,
        0.0,
        1.0
      ],
      "pixel_coords": [
        43,
        75,
        7.587576866149902
      ],
      "material": "Rubber",
      "3d_coords": [
        1.830117106437683,
        -2.960589647293091,
        1.0
      ],
      "rotation": 0.0
    },
    {
      "size": 1.5,
      "shape": "SmoothCube_v2",
      "color": [
        1.0,
        0.0,
        0.0,
        1.0
      ],
      "pixel_coords": [
        78,
        44,
        10.60051155090332
      ],
      "material": "MyMetal",
      "3d_coords": [
        0.39117667078971863,
        1.0410032272338867,
        1.5
      ],
      "rotation": 0.0
    }
  ]
}