{
  "Lamp_Back": [
    -0.388624370098114,
    2.4136595726013184,
    5.966978073120117
  ],
  "Camera": [
    7.251786231994629,
    -6.364051818847656,
    5.837936878204346
  ],
  "Lamp_Fill": [
    -5.52626371383667,
    -3.376847982406616,
    3.434870719909668
  ],
  "image_filename": "000010291552121521",
  "objects": [
    {
      "shape": "Suzanne",
      "rotation": 0.0,
      "pixel_coords": [
        49,
        72,
        7.657805442810059
      ],
      "material": "MyMetal",
      "size": 1.5,
      "color": [
        0.0,
        1.0,
        1.0,
        1.0
      ],
      "3d_coords": [
        1.946019172668457,
        -2.8197219371795654,
        1.5
      ]
    },
    {
      "shape": "Suzanne",
      "rotation": 0.0,
      "pixel_coords": [
        58,
        42,
        11.289896965026855
      ],
      "material": "MyMetal",
      "size": 1.5,
      "color": [
        0.0,
        1.0,
        1.0,
        1.0
      ],
      "3d_coords": [
        -1.022345781326294,
        0.23386700451374054,
        1.5
      ]
    }
  ],
  "Lamp_Key": [
    6.867434978485107,
    -3.2961015701293945,
    4.263916015625
  ]
}