{
  "image_filename": "000007851656957124",
  "objects": [
    {
      "3d_coords": [
        -2.504697322845459,
        -2.3488833904266357,
        2.0
      ],
      "color": [
        0.0,
        1.0,
        0.0,
        1.0
      ],
      "material": "MyMetal",
      "shape": "SmoothCylinder",
      "rotation": 0.0,
      "size": 2.0,
      "pixel_coords": [
        21,
        40,
        11.169499397277832
      ]
    },
    {
      "3d_coords": [
        2.8327341079711914,
        2.767289638519287,
        1.5
      ],
      "color": [
        1.0,
        0.0,
        0.0,
        1.0
      ],
      "material": "MyMetal",
      "shape": "SmoothCylinder",
      "rotation": 0.0,
      "size": 1.5,
      "pixel_coords": [
        116,
        50,
        10.71092414855957
      ]
    }
  ],
  "Lamp_Fill": [
    -5.042413234710693,
    -4.6253252029418945,
    4.005632400512695
  ],
  "Lamp_Key": [
    5.451703071594238,
    -2.23520827293396,
    3.671323776245117
  ],
  "Lamp_Back": [
    -0.7642715573310852,
    1.8355604410171509,
    4.882399082183838
  ],
  "Camera": [
    7.870233535766602,
    -6.584743022918701,
    5.817641258239746
  ]
}