{
  "objects": [
    {
      "shape": "Sphere",
      "rotation": 0.0,
      "size": 1.5,
      "color": [
        0.0,
        1.0,
        0.0,
        1.0
      ],
      "3d_coords": [
        0.09323474019765854,
        -1.3172719478607178,
        1.5
      ],
      "material": "Rubber",
      "pixel_coords": [
        50,
        51,
        9.14441967010498
      ]
    },
    {
      "shape": "SmoothCylinder",
      "rotation": 0.0,
      "size": 1.5,
      "color": [
        0.0,
        0.0,
        1.0,
        1.0
      ],
      "3d_coords": [
        -0.24224737286567688,
        2.987044334411621,
        1.5
      ],
      "material": "MyMetal",
      "pixel_coords": [
        89,
        36,
        11.810262680053711
      ]
    }
  ],
  "image_filename": "000009384720294179",
  "Camera": [
    7.164709568023682,
    -6.049644470214844,
    5.08989143371582
  ],
  "Lamp_Back": [
    -1.026403784751892,
    2.12563419342041,
    5.5831522941589355
  ],
  "Lamp_Fill": [
    -4.172120094299316,
    -3.324423313140869,
    3.297715902328491
  ],
  "Lamp_Key": [
    5.67841911315918,
    -3.5619304180145264,
    4.628077983856201
  ]
}