{
  "Camera": [
    7.690298080444336,
    -6.71762228012085,
    5.48736572265625
  ],
  "Lamp_Back": [
    -1.9422725439071655,
    1.8663562536239624,
    5.688182353973389
  ],
  "Lamp_Fill": [
    -4.399369239807129,
    -3.4366352558135986,
    2.6245877742767334
  ],
  "Lamp_Key": [
    6.144966125488281,
    -3.2682816982269287,
    4.562392711639404
  ],
  "image_filename": "000008572994940495",
  "objects": [
    {
      "rotation": 0.0,
      "color": [
        0.0,
        1.0,
        1.0,
        1.0
      ],
      "pixel_coords": [
        21,
        45,
        11.318768501281738
      ],
      "material": "MyMetal",
      "shape": "SmoothCube_v2",
      "size": 1.5,
      "3d_coords": [
        -2.6576156616210938,
        -2.2889163494110107,
        1.5
      ]
    },
    {
      "rotation": 0.0,
      "color": [
        0.0,
        1.0,
        1.0,
        1.0
      ],
      "pixel_coords": [
        75,
        52,
        8.72065544128418
      ],
      "material": "Rubber",
      "shape": "Suzanne",
      "size": 2.0,
      "3d_coords": [
        2.099642038345337,
        -0.9177974462509155,
        2.0
      ]
    }
  ]
}