{
  "image_filename": "000006409156084411",
  "objects": [
    {
      "shape": "Torus",
      "size": 1.5,
      "material": "data/materials/PoliigonBricksPaintedWhite001.blend",
      "3d_coords": [
        2.948011875152588,
        -1.1625761985778809,
        1.5
      ],
      "rotation": 0.0,
      "pixel_coords": [
        81,
        66,
        8.257654190063477
      ]
    },
    {
      "shape": "Icosahedron",
      "size": 2.0,
      "material": "data/materials/PoliigonRoofTilesTerracotta004.blend",
      "3d_coords": [
        -0.8106021285057068,
        -2.6343557834625244,
        2.0
      ],
      "rotation": 0.0,
      "pixel_coords": [
        27,
        46,
        9.719327926635742
      ]
    }
  ],
  "ground_material": "data/materials/PoliigonRoofTilesTerracotta004.blend",
  "Lamp_Key": [
    5.860218048095703,
    -2.183168888092041,
    3.7394282817840576
  ],
  "Lamp_Back": [
    -0.17733848094940186,
    3.2379231452941895,
    4.853719711303711
  ],
  "Lamp_Fill": [
    -4.406819820404053,
    -3.5485854148864746,
    2.9862446784973145
  ],
  "Camera": [
    7.817656993865967,
    -6.532261848449707,
    5.581046104431152
  ]
}