{
  "image_filename": "00000057",
  "objects": [
    {
      "shape": "triangle",
      "size": 0.325,
      "rotation": 0.0,
      "2d_coords": [
        0.3730004225347213,
        0.7239921835236156
      ],
      "color": [
        255,
        127,
        0
      ]
    },
    {
      "shape": "circle",
      "size": 0.425,
      "rotation": 0.0,
      "2d_coords": [
        0.72200025813781,
        0.44408476482585324
      ],
      "color": [
        0,
        255,
        0
      ]
    }
  ]
}