{
  "image_filename": "000005407369625866",
  "objects": [
    {
      "shape": "Cone",
      "size": 2.0,
      "material": "data/materials/PoliigonFabricFleece001.blend",
      "3d_coords": [
        2.8000500202178955,
        -1.3610702753067017,
        2.0
      ],
      "rotation": 0.0,
      "pixel_coords": [
        79,
        57,
        8.011144638061523
      ]
    },
    {
      "shape": "Suzanne",
      "size": 2.0,
      "material": "data/materials/PoliigonMetalSpottyDiscoloration001.blend",
      "3d_coords": [
        -2.4719502925872803,
        0.8723863363265991,
        2.0
      ],
      "rotation": 0.0,
      "pixel_coords": [
        53,
        32,
        12.79026985168457
      ]
    }
  ],
  "ground_material": "data/materials/PoliigonChainmailCopperRoundedThin001.blend",
  "Lamp_Key": [
    6.900300979614258,
    -2.008295774459839,
    3.5659263134002686
  ],
  "Lamp_Back": [
    -1.9293298721313477,
    3.5373198986053467,
    4.937517166137695
  ],
  "Lamp_Fill": [
    -4.938073635101318,
    -4.346353530883789,
    3.742309093475342
  ],
  "Camera": [
    7.572614669799805,
    -6.913372993469238,
    5.390763759613037
  ]
}