{
  "Camera": [
    7.619116306304932,
    -6.838283538818359,
    5.765472412109375
  ],
  "objects": [
    {
      "rotation": 0.0,
      "pixel_coords": [
        70,
        57,
        10.644522666931152
      ],
      "size": 1.0,
      "material": "MyMetal",
      "3d_coords": [
        0.8419315814971924,
        -0.1176193356513977,
        1.0
      ],
      "color": [
        1.0,
        1.0,
        0.0,
        1.0
      ],
      "shape": "Sphere"
    },
    {
      "rotation": 0.0,
      "pixel_coords": [
        47,
        35,
        12.161558151245117
      ],
      "size": 2.0,
      "material": "Rubber",
      "3d_coords": [
        -2.2003934383392334,
        -0.057627324014902115,
        2.0
      ],
      "color": [
        0.0,
        1.0,
        1.0,
        1.0
      ],
      "shape": "SmoothCube_v2"
    }
  ],
  "Lamp_Key": [
    6.961752414703369,
    -2.4549028873443604,
    4.260598659515381
  ],
  "Lamp_Fill": [
    -4.6830034255981445,
    -4.571777820587158,
    3.2352824211120605
  ],
  "Lamp_Back": [
    -0.9916409850120544,
    3.285087823867798,
    5.711205005645752
  ],
  "image_filename": "000001280400300274"
}