{
  "image_filename": "00000089",
  "objects": [
    {
      "shape": "star_4",
      "size": 0.125,
      "rotation": 0.0,
      "2d_coords": [
        0.21730784256994778,
        0.6723572970483818
      ],
      "color": [
        255,
        127,
        0
      ]
    },
    {
      "shape": "circle",
      "size": 0.225,
      "rotation": 0.0,
      "2d_coords": [
        0.17930106584988748,
        0.30701267036229624
      ],
      "color": [
        0,
        255,
        0
      ]
    }
  ]
}