{
  "Lamp_Back": [
    -0.5198009014129639,
    3.355625867843628,
    5.129656791687012
  ],
  "Camera": [
    7.185275077819824,
    -6.47894811630249,
    5.78278923034668
  ],
  "Lamp_Key": [
    6.58143949508667,
    -3.1642212867736816,
    4.378971099853516
  ],
  "image_filename": "000011974005398709",
  "objects": [
    {
      "rotation": 0.0,
      "material": "MyMetal",
      "shape": "SmoothCube_v2",
      "pixel_coords": [
        59,
        40,
        13.127833366394043
      ],
      "color": [
        1.0,
        0.0,
        0.0,
        1.0
      ],
      "3d_coords": [
        -2.395312547683716,
        1.4656634330749512,
        1.0
      ],
      "size": 1.0
    },
    {
      "rotation": 0.0,
      "material": "MyMetal",
      "shape": "Sphere",
      "pixel_coords": [
        89,
        57,
        10.16232967376709
      ],
      "color": [
        0.0,
        1.0,
        0.0,
        1.0
      ],
      "3d_coords": [
        1.7302334308624268,
        0.8818725347518921,
        1.0
      ],
      "size": 1.0
    }
  ],
  "Lamp_Fill": [
    -4.209458351135254,
    -3.8069698810577393,
    2.1670618057250977
  ]
}