{
  "objects": [
    {
      "rotation": 0.0,
      "3d_coords": [
        1.157806396484375,
        2.7975914478302,
        1.5
      ],
      "color": [
        1.0,
        0.0,
        0.0,
        1.0
      ],
      "shape": "SmoothCube_v2",
      "size": 1.5,
      "material": "MyMetal",
      "pixel_coords": [
        100,
        43,
        11.283285140991211
      ]
    },
    {
      "rotation": 0.0,
      "3d_coords": [
        2.1151885986328125,
        -1.1611279249191284,
        1.5
      ],
      "color": [
        0.0,
        1.0,
        1.0,
        1.0
      ],
      "shape": "Sphere",
      "size": 1.5,
      "material": "MyMetal",
      "pixel_coords": [
        71,
        59,
        8.381138801574707
      ]
    }
  ],
  "image_filename": "000002603760021069",
  "Lamp_Fill": [
    -5.152664661407471,
    -4.166996479034424,
    2.4601054191589355
  ],
  "Lamp_Key": [
    6.8575053215026855,
    -3.2878856658935547,
    3.534088134765625
  ],
  "Lamp_Back": [
    -2.017220973968506,
    2.245532751083374,
    6.7254252433776855
  ],
  "Camera": [
    7.767420768737793,
    -6.313381195068359,
    4.967105865478516
  ]
}