{
  "image_filename": "000009149046597207",
  "objects": [
    {
      "shape": "Icosahedron",
      "size": 1.0,
      "material": "data/materials/PoliigonRoofTilesTerracotta004.blend",
      "3d_coords": [
        -1.174856424331665,
        -1.3659120798110962,
        1.0
      ],
      "rotation": 0.0,
      "pixel_coords": [
        41,
        53,
        10.98823070526123
      ]
    },
    {
      "shape": "Cylinder",
      "size": 2.0,
      "material": "data/materials/PoliigonFabricDenim003.blend",
      "3d_coords": [
        2.7111644744873047,
        -0.5592909455299377,
        2.0
      ],
      "rotation": 0.0,
      "pixel_coords": [
        86,
        53,
        8.369426727294922
      ]
    }
  ],
  "ground_material": "data/materials/PoliigonFabricFleece001.blend",
  "Lamp_Key": [
    5.654675006866455,
    -3.7564470767974854,
    3.6322362422943115
  ],
  "Lamp_Back": [
    -1.2168484926223755,
    2.274972677230835,
    4.846195697784424
  ],
  "Lamp_Fill": [
    -5.122979640960693,
    -3.3673558235168457,
    3.8805179595947266
  ],
  "Camera": [
    7.7121124267578125,
    -6.5804362297058105,
    5.313704967498779
  ]
}