{
  "objects": [
    {
      "shape": "Sphere",
      "rotation": 0.0,
      "3d_coords": [
        -0.20236553251743317,
        -2.872713565826416,
        2.0
      ],
      "size": 2.0,
      "color": [
        1.0,
        1.0,
        0.0,
        1.0
      ],
      "pixel_coords": [
        29,
        51,
        8.801202774047852
      ],
      "material": "MyMetal"
    },
    {
      "shape": "SmoothCube_v2",
      "rotation": 0.0,
      "3d_coords": [
        2.2502167224884033,
        2.1231558322906494,
        1.5
      ],
      "size": 1.5,
      "color": [
        1.0,
        0.0,
        1.0,
        1.0
      ],
      "pixel_coords": [
        105,
        48,
        10.5181884765625
      ],
      "material": "Rubber"
    }
  ],
  "image_filename": "000012150640658304",
  "Lamp_Key": [
    5.589938640594482,
    -3.035341262817383,
    5.095316410064697
  ],
  "Lamp_Fill": [
    -5.370887756347656,
    -3.3967208862304688,
    3.0160558223724365
  ],
  "Lamp_Back": [
    -1.7704676389694214,
    3.509330987930298,
    5.233523845672607
  ],
  "Camera": [
    7.14207649230957,
    -6.857679843902588,
    5.635556697845459
  ]
}