{
  "image_filename": "00000024",
  "objects": [
    {
      "shape": "circle",
      "size": 0.125,
      "rotation": 0.0,
      "2d_coords": [
        0.34311628977513386,
        0.1823125053999211
      ],
      "color": [
        255,
        127,
        0
      ]
    },
    {
      "shape": "circle",
      "size": 0.125,
      "rotation": 0.0,
      "2d_coords": [
        0.1938830604286328,
        0.1664711036800262
      ],
      "color": [
        255,
        127,
        0
      ]
    }
  ]
}