{
  "Camera": [
    7.3256072998046875,
    -7.006971836090088,
    5.569002628326416
  ],
  "Lamp_Key": [
    7.2951273918151855,
    -2.5379459857940674,
    5.028251647949219
  ],
  "objects": [
    {
      "material": "Rubber",
      "3d_coords": [
        1.545624017715454,
        0.840907096862793,
        2.0
      ],
      "color": [
        0.0,
        0.0,
        1.0,
        1.0
      ],
      "pixel_coords": [
        87,
        43,
        10.13366413116455
      ],
      "size": 2.0,
      "shape": "SmoothCylinder",
      "rotation": 0.0
    },
    {
      "material": "MyMetal",
      "3d_coords": [
        -2.1795132160186768,
        2.4655680656433105,
        2.0
      ],
      "color": [
        1.0,
        1.0,
        0.0,
        1.0
      ],
      "pixel_coords": [
        67,
        29,
        13.477285385131836
      ],
      "size": 2.0,
      "shape": "Sphere",
      "rotation": 0.0
    }
  ],
  "image_filename": "000002205981850670",
  "Lamp_Fill": [
    -5.0366926193237305,
    -3.398862838745117,
    3.8594226837158203
  ],
  "Lamp_Back": [
    -0.2971641421318054,
    2.3838536739349365,
    5.607666969299316
  ]
}