{
  "image_filename": "000011911140941448",
  "objects": [
    {
      "shape": "Sphere",
      "size": 1.5,
      "material": "data/materials/PoliigonRoofTilesTerracotta004.blend",
      "3d_coords": [
        -2.2954189777374268,
        -1.2020292282104492,
        1.5
      ],
      "rotation": 0.0,
      "pixel_coords": [
        35,
        43,
        11.713507652282715
      ]
    },
    {
      "shape": "Torus",
      "size": 1.0,
      "material": "data/materials/PoliigonWoodFlooring061.blend",
      "3d_coords": [
        -2.5425143241882324,
        2.458174228668213,
        1.0
      ],
      "rotation": 0.0,
      "pixel_coords": [
        67,
        39,
        14.185637474060059
      ]
    }
  ],
  "ground_material": "data/materials/PoliigonRoofTilesTerracotta004.blend",
  "Lamp_Key": [
    7.352980136871338,
    -3.579650402069092,
    4.056025981903076
  ],
  "Lamp_Back": [
    -0.8334261775016785,
    3.6368744373321533,
    6.660182952880859
  ],
  "Lamp_Fill": [
    -3.7726707458496094,
    -3.218136787414551,
    2.5926148891448975
  ],
  "Camera": [
    7.839489936828613,
    -6.525136470794678,
    5.38405179977417
  ]
}