{
  "image_filename": "000012064253780578",
  "objects": [
    {
      "shape": "Torus",
      "size": 1.5,
      "material": "data/materials/PoliigonBricksFlemishRed001.blend",
      "3d_coords": [
        -2.45149302482605,
        0.6889251470565796,
        1.5
      ],
      "rotation": 0.0,
      "pixel_coords": [
        52,
        36,
        12.502490997314453
      ]
    },
    {
      "shape": "Cone",
      "size": 1.0,
      "material": "data/materials/PoliigonMetalSpottyDiscoloration001.blend",
      "3d_coords": [
        0.8421856164932251,
        0.6415873765945435,
        1.0
      ],
      "rotation": 0.0,
      "pixel_coords": [
        78,
        54,
        10.521132469177246
      ]
    }
  ],
  "ground_material": "data/materials/PoliigonMetalSpottyDiscoloration001.blend",
  "Lamp_Key": [
    5.4524245262146,
    -2.28444504737854,
    5.036933422088623
  ],
  "Lamp_Back": [
    -0.3583400249481201,
    2.039870023727417,
    6.406324863433838
  ],
  "Lamp_Fill": [
    -5.174783229827881,
    -4.358243942260742,
    3.4408743381500244
  ],
  "Camera": [
    7.513396739959717,
    -6.197641849517822,
    5.586422920227051
  ]
}