{
  "image_filename": "000009899854024102",
  "objects": [
    {
      "shape": "Torus",
      "size": 1.5,
      "material": "data/materials/PoliigonWoodFlooring061.blend",
      "3d_coords": [
        -0.38135650753974915,
        -2.0927836894989014,
        1.5
      ],
      "rotation": 0.0,
      "pixel_coords": [
        37,
        51,
        9.333230972290039
      ]
    },
    {
      "shape": "Cone",
      "size": 1.0,
      "material": "data/materials/PoliigonBricksFlemishRed001.blend",
      "3d_coords": [
        2.83652663230896,
        2.5630431175231934,
        1.0
      ],
      "rotation": 0.0,
      "pixel_coords": [
        117,
        55,
        10.116101264953613
      ]
    }
  ],
  "ground_material": "data/materials/PoliigonWoodFlooring061.blend",
  "Lamp_Key": [
    6.482884407043457,
    -3.8180153369903564,
    5.210231304168701
  ],
  "Lamp_Back": [
    -1.1535444259643555,
    3.165306568145752,
    5.220950603485107
  ],
  "Lamp_Fill": [
    -4.028439044952393,
    -3.9408953189849854,
    3.546633720397949
  ],
  "Camera": [
    7.393402576446533,
    -6.423251628875732,
    4.96081018447876
  ]
}