{
  "image_filename": "00000087",
  "objects": [
    {
      "shape": "circle",
      "size": 0.425,
      "rotation": 0.0,
      "2d_coords": [
        0.17136265947911836,
        0.30128148088012735
      ],
      "color": [
        0,
        255,
        0
      ]
    },
    {
      "shape": "circle",
      "size": 0.225,
      "rotation": 0.0,
      "2d_coords": [
        0.8740209908391671,
        0.360961269534332
      ],
      "color": [
        0,
        255,
        0
      ]
    }
  ]
}