{
  "Lamp_Fill": [
    -4.664024353027344,
    -4.376477241516113,
    3.8889577388763428
  ],
  "image_filename": "000015667434163424",
  "Lamp_Key": [
    7.096621990203857,
    -3.0341732501983643,
    4.857442378997803
  ],
  "objects": [
    {
      "rotation": 0.0,
      "color": [
        1.0,
        0.0,
        0.0,
        1.0
      ],
      "pixel_coords": [
        48,
        78,
        7.668370723724365
      ],
      "material": "Rubber",
      "shape": "SmoothCylinder",
      "size": 1.0,
      "3d_coords": [
        1.9093128442764282,
        -2.7360665798187256,
        1.0
      ]
    },
    {
      "rotation": 0.0,
      "color": [
        1.0,
        1.0,
        0.0,
        1.0
      ],
      "pixel_coords": [
        118,
        48,
        9.912897109985352
      ],
      "material": "MyMetal",
      "shape": "SmoothCylinder",
      "size": 1.5,
      "3d_coords": [
        2.7076451778411865,
        2.741013765335083,
        1.5
      ]
    }
  ],
  "Camera": [
    7.272461891174316,
    -6.051702976226807,
    5.5163750648498535
  ],
  "Lamp_Back": [
    -1.433761477470398,
    3.258038282394409,
    6.685655117034912
  ]
}