{
  "image_filename": "000014062144631842",
  "objects": [
    {
      "shape": "NewellTeapot",
      "size": 2.0,
      "material": "data/materials/PoliigonFabricDenim003.blend",
      "3d_coords": [
        1.378402590751648,
        -2.293684482574463,
        2.0
      ],
      "rotation": 0.0,
      "pixel_coords": [
        48,
        55,
        8.140531539916992
      ]
    },
    {
      "shape": "Sphere",
      "size": 2.0,
      "material": "data/materials/PoliigonFabricDenim003.blend",
      "3d_coords": [
        -1.9753562211990356,
        2.0113372802734375,
        2.0
      ],
      "rotation": 0.0,
      "pixel_coords": [
        68,
        30,
        12.793094635009766
      ]
    }
  ],
  "ground_material": "data/materials/PoliigonFabricDenim003.blend",
  "Lamp_Key": [
    7.056055068969727,
    -2.7432212829589844,
    3.839757204055786
  ],
  "Lamp_Back": [
    -1.4793001413345337,
    2.4674692153930664,
    6.718760967254639
  ],
  "Lamp_Fill": [
    -5.118082523345947,
    -4.439263820648193,
    2.9889354705810547
  ],
  "Camera": [
    7.764307975769043,
    -6.161994457244873,
    5.42237663269043
  ]
}