{
  "objects": [
    {
      "material": "MyMetal",
      "pixel_coords": [
        60,
        36,
        12.948907852172852
      ],
      "color": [
        0.0,
        1.0,
        0.0,
        1.0
      ],
      "3d_coords": [
        -2.33884859085083,
        1.4025118350982666,
        1.5
      ],
      "shape": "Sphere",
      "size": 1.5,
      "rotation": 0.0
    },
    {
      "material": "MyMetal",
      "pixel_coords": [
        106,
        45,
        9.310667037963867
      ],
      "color": [
        0.0,
        1.0,
        0.0,
        1.0
      ],
      "3d_coords": [
        2.628476142883301,
        1.4193577766418457,
        2.0
      ],
      "shape": "Sphere",
      "size": 2.0,
      "rotation": 0.0
    }
  ],
  "image_filename": "000005468527507305",
  "Lamp_Back": [
    -0.955572247505188,
    2.8427464962005615,
    6.804614067077637
  ],
  "Camera": [
    7.72761344909668,
    -6.376735210418701,
    5.03524112701416
  ],
  "Lamp_Key": [
    6.969603538513184,
    -3.2502150535583496,
    4.706239223480225
  ],
  "Lamp_Fill": [
    -4.511322021484375,
    -4.4233784675598145,
    2.8499433994293213
  ]
}