{
  "Lamp_Fill": [
    -4.311093807220459,
    -4.774200439453125,
    2.818044662475586
  ],
  "image_filename": "000012885499279359",
  "Lamp_Back": [
    -0.854812502861023,
    3.605548620223999,
    5.384067535400391
  ],
  "objects": [
    {
      "size": 1.5,
      "shape": "Suzanne",
      "color": [
        1.0,
        0.0,
        0.0,
        1.0
      ],
      "3d_coords": [
        -2.4382402896881104,
        0.3291453719139099,
        1.5
      ],
      "rotation": 0.0,
      "pixel_coords": [
        50,
        38,
        12.540573120117188
      ],
      "material": "MyMetal"
    },
    {
      "size": 1.5,
      "shape": "Sphere",
      "color": [
        0.0,
        1.0,
        0.0,
        1.0
      ],
      "3d_coords": [
        0.2105504870414734,
        2.8741109371185303,
        1.5
      ],
      "rotation": 0.0,
      "pixel_coords": [
        92,
        40,
        12.074278831481934
      ],
      "material": "MyMetal"
    }
  ],
  "Lamp_Key": [
    7.287749290466309,
    -2.1101765632629395,
    3.84000301361084
  ],
  "Camera": [
    7.884023189544678,
    -6.115996360778809,
    5.523805618286133
  ]
}