{
  "Lamp_Back": [
    -0.5831022262573242,
    3.642197370529175,
    5.759507656097412
  ],
  "image_filename": "000007639770846958",
  "Lamp_Fill": [
    -5.08212423324585,
    -4.742697715759277,
    2.20790696144104
  ],
  "objects": [
    {
      "3d_coords": [
        0.5799307227134705,
        -2.92777681350708,
        1.0
      ],
      "pixel_coords": [
        33,
        69,
        8.41504955291748
      ],
      "color": [
        1.0,
        0.0,
        0.0,
        1.0
      ],
      "material": "MyMetal",
      "size": 1.0,
      "rotation": 0.0,
      "shape": "SmoothCube_v2"
    },
    {
      "3d_coords": [
        -1.9483449459075928,
        1.1614844799041748,
        2.0
      ],
      "pixel_coords": [
        59,
        30,
        11.87282943725586
      ],
      "color": [
        0.0,
        1.0,
        0.0,
        1.0
      ],
      "material": "Rubber",
      "size": 2.0,
      "rotation": 0.0,
      "shape": "Sphere"
    }
  ],
  "Camera": [
    7.153672695159912,
    -6.1881303787231445,
    5.521088123321533
  ],
  "Lamp_Key": [
    5.817570686340332,
    -3.474907159805298,
    4.005238056182861
  ]
}