{
  "image_filename": "000007159351229139",
  "objects": [
    {
      "shape": "Cone",
      "size": 2.0,
      "material": "data/materials/PoliigonChainmailCopperRoundedThin001.blend",
      "3d_coords": [
        -1.8031247854232788,
        2.991358995437622,
        2.0
      ],
      "rotation": 0.0,
      "pixel_coords": [
        74,
        29,
        13.057336807250977
      ]
    },
    {
      "shape": "NewellTeapot",
      "size": 1.5,
      "material": "data/materials/PoliigonBricksPaintedWhite001.blend",
      "3d_coords": [
        1.4648462533950806,
        -0.25548312067985535,
        1.5
      ],
      "rotation": 0.0,
      "pixel_coords": [
        76,
        52,
        9.175286293029785
      ]
    }
  ],
  "ground_material": "data/materials/PoliigonFabricFleece001.blend",
  "Lamp_Key": [
    7.016707897186279,
    -2.3273680210113525,
    3.560960292816162
  ],
  "Lamp_Back": [
    -2.089334011077881,
    2.4909815788269043,
    5.961370944976807
  ],
  "Lamp_Fill": [
    -4.6029744148254395,
    -3.868651866912842,
    3.6871888637542725
  ],
  "Camera": [
    7.13482141494751,
    -6.688400745391846,
    4.95289945602417
  ]
}