{
  "Lamp_Fill": [
    -4.800533294677734,
    -4.130505084991455,
    3.928215980529785
  ],
  "Lamp_Key": [
    7.127585411071777,
    -3.0365941524505615,
    4.835233688354492
  ],
  "image_filename": "000004068164501604",
  "Lamp_Back": [
    -1.2717955112457275,
    1.8953981399536133,
    6.151059627532959
  ],
  "objects": [
    {
      "shape": "SmoothCylinder",
      "rotation": 0.0,
      "size": 1.5,
      "material": "MyMetal",
      "pixel_coords": [
        31,
        59,
        8.477263450622559
      ],
      "color": [
        0.0,
        1.0,
        0.0,
        1.0
      ],
      "3d_coords": [
        0.08321628719568253,
        -2.7756543159484863,
        1.5
      ]
    },
    {
      "shape": "SmoothCylinder",
      "rotation": 0.0,
      "size": 1.5,
      "material": "MyMetal",
      "pixel_coords": [
        93,
        50,
        9.524099349975586
      ],
      "color": [
        0.0,
        1.0,
        0.0,
        1.0
      ],
      "3d_coords": [
        1.839632511138916,
        1.0239273309707642,
        1.5
      ]
    }
  ],
  "Camera": [
    6.985145092010498,
    -6.227910041809082,
    5.5588274002075195
  ]
}