{
  "objects": [
    {
      "pixel_coords": [
        65,
        29,
        12.726126670837402
      ],
      "3d_coords": [
        -2.152268409729004,
        1.9587918519973755,
        2.0
      ],
      "rotation": 0.0,
      "material": "Rubber",
      "color": [
        1.0,
        0.0,
        1.0,
        1.0
      ],
      "size": 2.0,
      "shape": "Sphere"
    },
    {
      "pixel_coords": [
        83,
        59,
        8.605293273925781
      ],
      "3d_coords": [
        2.3405110836029053,
        -0.4997343122959137,
        1.5
      ],
      "rotation": 0.0,
      "material": "Rubber",
      "color": [
        0.0,
        1.0,
        0.0,
        1.0
      ],
      "size": 1.5,
      "shape": "Sphere"
    }
  ],
  "image_filename": "000011747169310845",
  "Lamp_Fill": [
    -5.286829948425293,
    -4.9170660972595215,
    2.289600372314453
  ],
  "Lamp_Key": [
    7.390596389770508,
    -2.2908339500427246,
    4.403685092926025
  ],
  "Lamp_Back": [
    -0.9660043120384216,
    2.5016348361968994,
    4.990787982940674
  ],
  "Camera": [
    7.358726501464844,
    -6.3806304931640625,
    5.462266445159912
  ]
}