{
  "Lamp_Key": [
    7.143978118896484,
    -3.3970947265625,
    4.671559810638428
  ],
  "Lamp_Fill": [
    -4.735209941864014,
    -4.055454730987549,
    3.6526358127593994
  ],
  "image_filename": "000016091731928114",
  "objects": [
    {
      "size": 1.5,
      "rotation": 0.0,
      "shape": "SmoothCylinder",
      "pixel_coords": [
        115,
        45,
        10.557723045349121
      ],
      "material": "Rubber",
      "color": [
        0.0,
        1.0,
        0.0,
        1.0
      ],
      "3d_coords": [
        2.547123670578003,
        2.9194142818450928,
        1.5
      ]
    },
    {
      "size": 2.0,
      "rotation": 0.0,
      "shape": "Sphere",
      "pixel_coords": [
        45,
        51,
        8.275280952453613
      ],
      "material": "Rubber",
      "color": [
        1.0,
        0.0,
        0.0,
        1.0
      ],
      "3d_coords": [
        0.7712877988815308,
        -2.2827439308166504,
        2.0
      ]
    }
  ],
  "Camera": [
    7.101029396057129,
    -6.7974443435668945,
    5.144507884979248
  ],
  "Lamp_Back": [
    -1.5537364482879639,
    2.849135398864746,
    5.000463485717773
  ]
}