{
  "image_filename": "000012419297705454",
  "Lamp_Back": [
    -0.674371063709259,
    3.17618989944458,
    5.169414520263672
  ],
  "Lamp_Key": [
    7.414987087249756,
    -2.9285998344421387,
    4.1121506690979
  ],
  "objects": [
    {
      "3d_coords": [
        1.6109412908554077,
        2.432616949081421,
        1.5
      ],
      "color": [
        0.0,
        1.0,
        0.0,
        1.0
      ],
      "pixel_coords": [
        101,
        44,
        10.838852882385254
      ],
      "shape": "Sphere",
      "rotation": 0.0,
      "size": 1.5,
      "material": "Rubber"
    },
    {
      "3d_coords": [
        -0.9667280912399292,
        -0.22067642211914062,
        2.0
      ],
      "color": [
        0.0,
        1.0,
        0.0,
        1.0
      ],
      "pixel_coords": [
        53,
        37,
        10.699164390563965
      ],
      "shape": "Sphere",
      "rotation": 0.0,
      "size": 2.0,
      "material": "Rubber"
    }
  ],
  "Camera": [
    7.2844672203063965,
    -6.719654083251953,
    4.996151447296143
  ],
  "Lamp_Fill": [
    -4.616052627563477,
    -4.9375996589660645,
    3.4367427825927734
  ]
}