{
  "Camera": [
    7.659409046173096,
    -6.062436580657959,
    4.865530967712402
  ],
  "Lamp_Fill": [
    -5.159877300262451,
    -4.669795513153076,
    2.862001895904541
  ],
  "Lamp_Key": [
    6.790128231048584,
    -3.2629213333129883,
    5.173236846923828
  ],
  "objects": [
    {
      "color": [
        0.0,
        0.0,
        1.0,
        1.0
      ],
      "material": "MyMetal",
      "rotation": 0.0,
      "3d_coords": [
        0.3985264301300049,
        2.469560146331787,
        2.0
      ],
      "pixel_coords": [
        92,
        35,
        11.113473892211914
      ],
      "shape": "Sphere",
      "size": 2.0
    },
    {
      "color": [
        1.0,
        1.0,
        0.0,
        1.0
      ],
      "material": "MyMetal",
      "rotation": 0.0,
      "3d_coords": [
        1.1044915914535522,
        -2.1733593940734863,
        2.0
      ],
      "pixel_coords": [
        46,
        50,
        8.03872299194336
      ],
      "shape": "Sphere",
      "size": 2.0
    }
  ],
  "Lamp_Back": [
    -1.7252392768859863,
    1.649872064590454,
    4.8902106285095215
  ],
  "image_filename": "000003612447638734"
}