{
  "image_filename": "000006301965297113",
  "objects": [
    {
      "shape": "SmoothCube_v2",
      "rotation": 0.0,
      "size": 1.0,
      "material": "Rubber",
      "pixel_coords": [
        74,
        42,
        13.03423023223877
      ],
      "3d_coords": [
        -1.2019590139389038,
        2.400904417037964,
        1.0
      ],
      "color": [
        1.0,
        0.0,
        0.0,
        1.0
      ]
    },
    {
      "shape": "Sphere",
      "rotation": 0.0,
      "size": 1.5,
      "material": "MyMetal",
      "pixel_coords": [
        100,
        48,
        10.319575309753418
      ],
      "3d_coords": [
        2.0414676666259766,
        1.7685540914535522,
        1.5
      ],
      "color": [
        0.0,
        1.0,
        0.0,
        1.0
      ]
    }
  ],
  "Lamp_Back": [
    -0.34707701206207275,
    2.030722141265869,
    6.409177303314209
  ],
  "Lamp_Fill": [
    -4.532906532287598,
    -4.840662479400635,
    3.233586549758911
  ],
  "Camera": [
    7.33737850189209,
    -6.65894889831543,
    5.493679046630859
  ],
  "Lamp_Key": [
    6.956774711608887,
    -2.1981146335601807,
    3.526181697845459
  ]
}