{
  "objects": [
    {
      "rotation": 0.0,
      "material": "Rubber",
      "color": [
        0.0,
        1.0,
        1.0,
        1.0
      ],
      "size": 1.5,
      "pixel_coords": [
        96,
        51,
        9.597993850708008
      ],
      "shape": "Sphere",
      "3d_coords": [
        2.230220079421997,
        1.0468882322311401,
        1.5
      ]
    },
    {
      "rotation": 0.0,
      "material": "MyMetal",
      "color": [
        1.0,
        1.0,
        0.0,
        1.0
      ],
      "size": 2.0,
      "pixel_coords": [
        54,
        35,
        11.576558113098145
      ],
      "shape": "Sphere",
      "3d_coords": [
        -1.5858204364776611,
        0.2407410442829132,
        2.0
      ]
    }
  ],
  "Lamp_Key": [
    7.214786529541016,
    -2.9050021171569824,
    3.747676372528076
  ],
  "Camera": [
    7.803040504455566,
    -6.384110450744629,
    4.900987148284912
  ],
  "Lamp_Back": [
    -0.5917018055915833,
    3.179253101348877,
    5.282727241516113
  ],
  "image_filename": "000001275061793539",
  "Lamp_Fill": [
    -4.879093647003174,
    -4.001369476318359,
    3.4064407348632812
  ]
}