{
  "Lamp_Key": [
    7.309693336486816,
    -3.1655960083007812,
    3.3699147701263428
  ],
  "objects": [
    {
      "material": "Rubber",
      "size": 2.0,
      "color": [
        0.0,
        1.0,
        1.0,
        1.0
      ],
      "rotation": 0.0,
      "3d_coords": [
        -2.7688910961151123,
        1.3772165775299072,
        2.0
      ],
      "shape": "Suzanne",
      "pixel_coords": [
        56,
        29,
        12.815178871154785
      ]
    },
    {
      "material": "Rubber",
      "size": 1.0,
      "color": [
        0.0,
        1.0,
        1.0,
        1.0
      ],
      "rotation": 0.0,
      "3d_coords": [
        2.914945363998413,
        -2.3433725833892822,
        1.0
      ],
      "shape": "Suzanne",
      "pixel_coords": [
        66,
        81,
        7.3803629875183105
      ]
    }
  ],
  "Camera": [
    7.415045261383057,
    -6.379674911499023,
    5.332790851593018
  ],
  "image_filename": "000008008362846705",
  "Lamp_Fill": [
    -5.536444664001465,
    -3.479465961456299,
    2.8135786056518555
  ],
  "Lamp_Back": [
    -1.7372970581054688,
    3.219181537628174,
    6.623071193695068
  ]
}