{
  "Camera": [
    7.774083614349365,
    -6.911636829376221,
    4.9328765869140625
  ],
  "image_filename": "000007509989623215",
  "objects": [
    {
      "size": 1.5,
      "rotation": 0.0,
      "shape": "SmoothCylinder",
      "color": [
        0.0,
        0.0,
        1.0,
        1.0
      ],
      "3d_coords": [
        -0.003550746710970998,
        -1.0002199411392212,
        1.5
      ],
      "pixel_coords": [
        54,
        49,
        10.271815299987793
      ],
      "material": "MyMetal"
    },
    {
      "size": 2.0,
      "rotation": 0.0,
      "shape": "SmoothCylinder",
      "color": [
        1.0,
        0.0,
        1.0,
        1.0
      ],
      "3d_coords": [
        2.4627418518066406,
        1.824007272720337,
        2.0
      ],
      "pixel_coords": [
        106,
        43,
        10.087706565856934
      ],
      "material": "MyMetal"
    }
  ],
  "Lamp_Fill": [
    -4.49740743637085,
    -4.894707202911377,
    3.5166678428649902
  ],
  "Lamp_Key": [
    5.9848151206970215,
    -3.455900192260742,
    4.1113996505737305
  ],
  "Lamp_Back": [
    -0.3194902837276459,
    3.293673038482666,
    5.521906852722168
  ]
}