{
  "Camera": [
    7.327795028686523,
    -6.647964000701904,
    4.879674434661865
  ],
  "image_filename": "000005541146757306",
  "Lamp_Back": [
    -1.4026628732681274,
    2.3629095554351807,
    6.749154567718506
  ],
  "objects": [
    {
      "pixel_coords": [
        55,
        32,
        11.983352661132812
      ],
      "shape": "Suzanne",
      "color": [
        0.0,
        0.0,
        1.0,
        1.0
      ],
      "rotation": 0.0,
      "size": 2.0,
      "material": "Rubber",
      "3d_coords": [
        -2.0296034812927246,
        0.8097209930419922,
        2.0
      ]
    },
    {
      "pixel_coords": [
        75,
        61,
        7.928200721740723
      ],
      "shape": "Suzanne",
      "color": [
        1.0,
        0.0,
        1.0,
        1.0
      ],
      "rotation": 0.0,
      "size": 1.5,
      "material": "MyMetal",
      "3d_coords": [
        2.429250717163086,
        -1.3717560768127441,
        1.5
      ]
    }
  ],
  "Lamp_Fill": [
    -4.44911003112793,
    -3.585843563079834,
    2.6210155487060547
  ],
  "Lamp_Key": [
    6.343276023864746,
    -2.286755323410034,
    4.940687656402588
  ]
}