{
  "Lamp_Key": [
    5.923408031463623,
    -2.629148244857788,
    4.684185028076172
  ],
  "image_filename": "000011188963127657",
  "Lamp_Back": [
    -1.2805349826812744,
    3.1884231567382812,
    5.703381538391113
  ],
  "objects": [
    {
      "3d_coords": [
        2.844264030456543,
        -1.1159096956253052,
        2.0
      ],
      "rotation": 0.0,
      "material": "MyMetal",
      "size": 2.0,
      "shape": "Sphere",
      "color": [
        1.0,
        0.0,
        0.0,
        1.0
      ],
      "pixel_coords": [
        82,
        58,
        7.325424671173096
      ]
    },
    {
      "3d_coords": [
        -0.5929272174835205,
        -1.7609375715255737,
        1.0
      ],
      "rotation": 0.0,
      "material": "Rubber",
      "size": 1.0,
      "shape": "Sphere",
      "color": [
        0.0,
        0.0,
        1.0,
        1.0
      ],
      "pixel_coords": [
        39,
        56,
        9.769514083862305
      ]
    }
  ],
  "Camera": [
    7.297029495239258,
    -6.019454002380371,
    5.286205291748047
  ],
  "Lamp_Fill": [
    -4.042782306671143,
    -3.4622671604156494,
    2.6803431510925293
  ]
}