{
  "Lamp_Back": [
    -0.48904573917388916,
    3.6321444511413574,
    5.1217780113220215
  ],
  "Lamp_Fill": [
    -4.759889125823975,
    -4.785268783569336,
    2.2065176963806152
  ],
  "image_filename": "000009572653280724",
  "Camera": [
    7.210574150085449,
    -6.514549255371094,
    5.049124240875244
  ],
  "objects": [
    {
      "3d_coords": [
        -2.9322121143341064,
        1.213754415512085,
        1.0
      ],
      "color": [
        0.0,
        1.0,
        0.0,
        1.0
      ],
      "shape": "SmoothCylinder",
      "material": "Rubber",
      "size": 1.0,
      "rotation": 0.0,
      "pixel_coords": [
        53,
        40,
        13.142696380615234
      ]
    },
    {
      "3d_coords": [
        -1.4615583419799805,
        -1.477705478668213,
        1.0
      ],
      "color": [
        0.0,
        1.0,
        0.0,
        1.0
      ],
      "shape": "SmoothCylinder",
      "material": "Rubber",
      "size": 1.0,
      "rotation": 0.0,
      "pixel_coords": [
        37,
        52,
        10.573269844055176
      ]
    }
  ],
  "Lamp_Key": [
    7.242137432098389,
    -3.840052604675293,
    3.6897497177124023
  ]
}