{
  "Lamp_Fill": [
    -5.3653998374938965,
    -4.981144905090332,
    2.4776360988616943
  ],
  "image_filename": "000002727237163097",
  "objects": [
    {
      "shape": "SmoothCylinder",
      "rotation": 0.0,
      "3d_coords": [
        -1.7602245807647705,
        1.5776394605636597,
        2.0
      ],
      "color": [
        1.0,
        0.0,
        1.0,
        1.0
      ],
      "size": 2.0,
      "material": "Rubber",
      "pixel_coords": [
        65,
        33,
        13.01509952545166
      ]
    },
    {
      "shape": "Suzanne",
      "rotation": 0.0,
      "3d_coords": [
        1.8282850980758667,
        0.27873846888542175,
        2.0
      ],
      "color": [
        1.0,
        0.0,
        1.0,
        1.0
      ],
      "size": 2.0,
      "material": "MyMetal",
      "pixel_coords": [
        84,
        47,
        9.883155822753906
      ]
    }
  ],
  "Lamp_Key": [
    7.001170635223389,
    -3.392085075378418,
    4.130998611450195
  ],
  "Lamp_Back": [
    -0.8411730527877808,
    2.6852927207946777,
    5.350578784942627
  ],
  "Camera": [
    7.933791637420654,
    -6.784418106079102,
    5.721254348754883
  ]
}