{
  "Lamp_Back": [
    -0.28834936022758484,
    3.3230373859405518,
    6.7082672119140625
  ],
  "Lamp_Key": [
    6.6909074783325195,
    -3.8980956077575684,
    3.863499641418457
  ],
  "objects": [
    {
      "3d_coords": [
        -1.5486189126968384,
        -0.3195057511329651,
        2.0
      ],
      "color": [
        0.0,
        0.0,
        1.0,
        1.0
      ],
      "pixel_coords": [
        49,
        37,
        11.504416465759277
      ],
      "size": 2.0,
      "shape": "SmoothCylinder",
      "rotation": 0.0,
      "material": "MyMetal"
    },
    {
      "3d_coords": [
        -1.107340693473816,
        2.2359201908111572,
        1.0
      ],
      "color": [
        1.0,
        0.0,
        0.0,
        1.0
      ],
      "pixel_coords": [
        75,
        43,
        13.083159446716309
      ],
      "size": 1.0,
      "shape": "SmoothCube_v2",
      "rotation": 0.0,
      "material": "Rubber"
    }
  ],
  "image_filename": "000005159387412431",
  "Camera": [
    7.931386470794678,
    -6.350165843963623,
    5.550660610198975
  ],
  "Lamp_Fill": [
    -4.424219608306885,
    -4.686560153961182,
    3.3094770908355713
  ]
}