{
  "Lamp_Back": [
    -0.618874728679657,
    2.1943464279174805,
    6.3150506019592285
  ],
  "image_filename": "000007157590725601",
  "objects": [
    {
      "size": 1.5,
      "rotation": 0.0,
      "3d_coords": [
        1.6890631914138794,
        -2.9843993186950684,
        1.5
      ],
      "pixel_coords": [
        42,
        67,
        7.276261329650879
      ],
      "material": "Rubber",
      "color": [
        0.0,
        0.0,
        1.0,
        1.0
      ],
      "shape": "SmoothCube_v2"
    },
    {
      "size": 1.0,
      "rotation": 0.0,
      "3d_coords": [
        -0.4693297743797302,
        1.6751604080200195,
        1.0
      ],
      "pixel_coords": [
        75,
        45,
        11.674112319946289
      ],
      "material": "MyMetal",
      "color": [
        0.0,
        1.0,
        1.0,
        1.0
      ],
      "shape": "SmoothCube_v2"
    }
  ],
  "Lamp_Fill": [
    -5.292376518249512,
    -4.816258430480957,
    2.93491530418396
  ],
  "Lamp_Key": [
    6.515504360198975,
    -3.597926139831543,
    3.798692226409912
  ],
  "Camera": [
    7.277835845947266,
    -6.326737880706787,
    4.944879531860352
  ]
}