{
  "objects": [
    {
      "size": 1.5,
      "color": [
        1.0,
        0.0,
        0.0,
        1.0
      ],
      "shape": "Sphere",
      "pixel_coords": [
        18,
        43,
        10.545852661132812
      ],
      "3d_coords": [
        -2.699601411819458,
        -2.206559896469116,
        1.5
      ],
      "material": "MyMetal",
      "rotation": 0.0
    },
    {
      "size": 1.0,
      "color": [
        0.0,
        0.0,
        1.0,
        1.0
      ],
      "shape": "Sphere",
      "pixel_coords": [
        59,
        52,
        10.307572364807129
      ],
      "3d_coords": [
        -0.25439685583114624,
        -0.26450932025909424,
        1.0
      ],
      "material": "Rubber",
      "rotation": 0.0
    }
  ],
  "Camera": [
    7.111002445220947,
    -6.348937511444092,
    4.988409519195557
  ],
  "Lamp_Fill": [
    -4.791842937469482,
    -4.642401218414307,
    3.5023891925811768
  ],
  "image_filename": "000003546017611735",
  "Lamp_Back": [
    -2.0844619274139404,
    2.030086040496826,
    5.891372203826904
  ],
  "Lamp_Key": [
    5.5855817794799805,
    -3.28987717628479,
    3.366773843765259
  ]
}