{
  "image_filename": "000003798363650268",
  "objects": [
    {
      "shape": "Cylinder",
      "size": 2.0,
      "material": "data/materials/PoliigonChainmailCopperRoundedThin001.blend",
      "3d_coords": [
        -2.132935047149658,
        -2.253649950027466,
        2.0
      ],
      "rotation": 0.0,
      "pixel_coords": [
        23,
        40,
        10.467084884643555
      ]
    },
    {
      "shape": "Cylinder",
      "size": 2.0,
      "material": "data/materials/PoliigonChainmailCopperRoundedThin001.blend",
      "3d_coords": [
        0.9308161735534668,
        1.90842866897583,
        2.0
      ],
      "rotation": 0.0,
      "pixel_coords": [
        90,
        38,
        10.874490737915039
      ]
    }
  ],
  "ground_material": "data/materials/PoliigonBricksFlemishRed001.blend",
  "Lamp_Key": [
    6.6746954917907715,
    -2.0181596279144287,
    3.91304349899292
  ],
  "Lamp_Back": [
    -0.4441206157207489,
    2.4191598892211914,
    5.88507604598999
  ],
  "Lamp_Fill": [
    -5.51572847366333,
    -4.607670307159424,
    2.7832021713256836
  ],
  "Camera": [
    7.419309139251709,
    -6.572738170623779,
    5.535984039306641
  ]
}