{
  "objects": [
    {
      "color": [
        0.0,
        1.0,
        0.0,
        1.0
      ],
      "size": 1.0,
      "pixel_coords": [
        40,
        66,
        9.194472312927246
      ],
      "shape": "Sphere",
      "rotation": 0.0,
      "material": "MyMetal",
      "3d_coords": [
        0.31407788395881653,
        -2.5224649906158447,
        1.0
      ]
    },
    {
      "color": [
        1.0,
        0.0,
        0.0,
        1.0
      ],
      "size": 1.5,
      "pixel_coords": [
        87,
        41,
        11.672663688659668
      ],
      "shape": "SmoothCube_v2",
      "rotation": 0.0,
      "material": "Rubber",
      "3d_coords": [
        0.48407357931137085,
        2.2497169971466064,
        1.5
      ]
    }
  ],
  "Lamp_Back": [
    -0.9326209425926208,
    2.997267723083496,
    5.8186798095703125
  ],
  "Lamp_Key": [
    7.074645042419434,
    -2.405087471008301,
    3.877981424331665
  ],
  "image_filename": "000000946436275833",
  "Camera": [
    7.073115825653076,
    -6.78298807144165,
    5.826387405395508
  ],
  "Lamp_Fill": [
    -4.934976100921631,
    -3.9524447917938232,
    3.2764928340911865
  ]
}