{
  "Lamp_Back": [
    -0.7172256708145142,
    1.8531192541122437,
    6.580654144287109
  ],
  "objects": [
    {
      "shape": "SmoothCube_v2",
      "rotation": 0.0,
      "material": "Rubber",
      "color": [
        0.0,
        1.0,
        0.0,
        1.0
      ],
      "size": 1.5,
      "3d_coords": [
        1.3180601596832275,
        1.8205291032791138,
        1.5
      ],
      "pixel_coords": [
        92,
        46,
        11.282896041870117
      ]
    },
    {
      "shape": "SmoothCube_v2",
      "rotation": 0.0,
      "material": "MyMetal",
      "color": [
        1.0,
        1.0,
        0.0,
        1.0
      ],
      "size": 1.0,
      "3d_coords": [
        -0.27473703026771545,
        -0.1699126660823822,
        1.0
      ],
      "pixel_coords": [
        60,
        53,
        11.414239883422852
      ]
    }
  ],
  "Lamp_Key": [
    6.056021213531494,
    -3.5526058673858643,
    4.024742126464844
  ],
  "Lamp_Fill": [
    -5.512463569641113,
    -3.0655813217163086,
    3.4867374897003174
  ],
  "Camera": [
    7.868851661682129,
    -6.887665271759033,
    5.4497246742248535
  ],
  "image_filename": "000008340204007340"
}