{
  "Camera": [
    7.824257850646973,
    -6.374209880828857,
    5.558511734008789
  ],
  "image_filename": "000012110230301809",
  "Lamp_Fill": [
    -3.9870779514312744,
    -3.252100706100464,
    3.6555991172790527
  ],
  "objects": [
    {
      "shape": "Sphere",
      "pixel_coords": [
        67,
        64,
        7.3632049560546875
      ],
      "3d_coords": [
        2.921501398086548,
        -2.1862049102783203,
        2.0
      ],
      "rotation": 0.0,
      "color": [
        1.0,
        1.0,
        0.0,
        1.0
      ],
      "material": "MyMetal",
      "size": 2.0
    },
    {
      "shape": "SmoothCylinder",
      "pixel_coords": [
        65,
        32,
        12.50839614868164
      ],
      "3d_coords": [
        -1.690063238143921,
        1.4532437324523926,
        2.0
      ],
      "rotation": 0.0,
      "color": [
        0.0,
        0.0,
        1.0,
        1.0
      ],
      "material": "Rubber",
      "size": 2.0
    }
  ],
  "Lamp_Key": [
    6.235429763793945,
    -2.7849345207214355,
    3.6692872047424316
  ],
  "Lamp_Back": [
    -1.9007631540298462,
    2.787977933883667,
    5.077617645263672
  ]
}