{
  "image_filename": "000000371061886337",
  "objects": [
    {
      "shape": "Icosahedron",
      "size": 1.5,
      "material": "data/materials/PoliigonFabricFleece001.blend",
      "3d_coords": [
        -0.5472138524055481,
        -2.4161601066589355,
        1.5
      ],
      "rotation": 0.0,
      "pixel_coords": [
        33,
        53,
        9.955584526062012
      ]
    },
    {
      "shape": "Cone",
      "size": 1.0,
      "material": "data/materials/PoliigonBricksFlemishRed001.blend",
      "3d_coords": [
        -0.40442052483558655,
        0.19403734803199768,
        1.0
      ],
      "rotation": 0.0,
      "pixel_coords": [
        63,
        51,
        11.607701301574707
      ]
    }
  ],
  "ground_material": "data/materials/PoliigonChainmailCopperRoundedThin001.blend",
  "Lamp_Key": [
    6.0064592361450195,
    -3.1266629695892334,
    3.4185352325439453
  ],
  "Lamp_Back": [
    -1.9087958335876465,
    3.0942251682281494,
    6.496053695678711
  ],
  "Lamp_Fill": [
    -4.7468085289001465,
    -4.8503265380859375,
    2.829514265060425
  ],
  "Camera": [
    7.758299827575684,
    -6.765323162078857,
    5.568164348602295
  ]
}