{
  "Lamp_Fill": [
    -3.9366445541381836,
    -4.341055393218994,
    3.126854419708252
  ],
  "objects": [
    {
      "rotation": 0.0,
      "pixel_coords": [
        42,
        56,
        8.16690731048584
      ],
      "material": "Rubber",
      "3d_coords": [
        1.2298697233200073,
        -2.6213955879211426,
        2.0
      ],
      "shape": "Sphere",
      "size": 2.0,
      "color": [
        0.0,
        0.0,
        1.0,
        1.0
      ]
    },
    {
      "rotation": 0.0,
      "pixel_coords": [
        36,
        35,
        11.586966514587402
      ],
      "material": "MyMetal",
      "3d_coords": [
        -2.506054162979126,
        -1.0281641483306885,
        2.0
      ],
      "shape": "SmoothCylinder",
      "size": 2.0,
      "color": [
        1.0,
        1.0,
        0.0,
        1.0
      ]
    }
  ],
  "Camera": [
    7.822845458984375,
    -6.128093242645264,
    5.5867600440979
  ],
  "Lamp_Back": [
    -1.8738850355148315,
    3.1995866298675537,
    4.960412979125977
  ],
  "image_filename": "000001274270409813",
  "Lamp_Key": [
    5.89088249206543,
    -2.5974769592285156,
    3.6500699520111084
  ]
}