{
  "image_filename": "000004866367039187",
  "objects": [
    {
      "shape": "Cone",
      "size": 2.0,
      "material": "data/materials/PoliigonBricksPaintedWhite001.blend",
      "3d_coords": [
        1.1826435327529907,
        1.323644757270813,
        2.0
      ],
      "rotation": 0.0,
      "pixel_coords": [
        89,
        39,
        9.786989212036133
      ]
    },
    {
      "shape": "Cylinder",
      "size": 1.5,
      "material": "data/materials/PoliigonMetalSpottyDiscoloration001.blend",
      "3d_coords": [
        -2.925758123397827,
        -1.8945385217666626,
        1.5
      ],
      "rotation": 0.0,
      "pixel_coords": [
        21,
        41,
        10.93179702758789
      ]
    }
  ],
  "ground_material": "data/materials/PoliigonFabricFleece001.blend",
  "Lamp_Key": [
    5.7502007484436035,
    -3.7317628860473633,
    4.740715503692627
  ],
  "Lamp_Back": [
    -1.639801263809204,
    3.303169012069702,
    6.6950836181640625
  ],
  "Lamp_Fill": [
    -5.386605739593506,
    -3.077556610107422,
    2.4751787185668945
  ],
  "Camera": [
    7.238637447357178,
    -6.191193580627441,
    4.977540016174316
  ]
}