{
  "image_filename": "000001482921326293",
  "Lamp_Back": [
    -2.001438856124878,
    2.4328720569610596,
    5.710146903991699
  ],
  "Camera": [
    7.079006195068359,
    -6.761080265045166,
    5.36167573928833
  ],
  "Lamp_Fill": [
    -5.378743648529053,
    -4.279179096221924,
    3.8483150005340576
  ],
  "objects": [
    {
      "color": [
        1.0,
        1.0,
        0.0,
        1.0
      ],
      "shape": "SmoothCylinder",
      "size": 1.0,
      "pixel_coords": [
        21,
        50,
        11.125618934631348
      ],
      "3d_coords": [
        -2.736886739730835,
        -2.1312780380249023,
        1.0
      ],
      "rotation": 0.0,
      "material": "MyMetal"
    },
    {
      "color": [
        1.0,
        0.0,
        1.0,
        1.0
      ],
      "shape": "SmoothCube_v2",
      "size": 2.0,
      "pixel_coords": [
        92,
        51,
        8.478164672851562
      ],
      "3d_coords": [
        2.5760834217071533,
        -0.14587320387363434,
        2.0
      ],
      "rotation": 0.0,
      "material": "MyMetal"
    }
  ],
  "Lamp_Key": [
    6.090246200561523,
    -2.696221351623535,
    3.4981229305267334
  ]
}