{
  "Lamp_Key": [
    7.423432350158691,
    -1.963213324546814,
    3.7035939693450928
  ],
  "Lamp_Fill": [
    -4.864317417144775,
    -3.7446281909942627,
    3.5241622924804688
  ],
  "image_filename": "000003437664828285",
  "objects": [
    {
      "3d_coords": [
        -1.1849218606948853,
        -2.6889233589172363,
        1.0
      ],
      "material": "MyMetal",
      "size": 1.0,
      "color": [
        1.0,
        1.0,
        0.0,
        1.0
      ],
      "pixel_coords": [
        25,
        57,
        10.22619342803955
      ],
      "rotation": 0.0,
      "shape": "SmoothCylinder"
    },
    {
      "3d_coords": [
        -2.442613124847412,
        1.0216636657714844,
        1.0
      ],
      "material": "MyMetal",
      "size": 1.0,
      "color": [
        0.0,
        0.0,
        1.0,
        1.0
      ],
      "pixel_coords": [
        56,
        41,
        13.103962898254395
      ],
      "rotation": 0.0,
      "shape": "SmoothCube_v2"
    }
  ],
  "Lamp_Back": [
    -1.4697558879852295,
    2.9427719116210938,
    6.00358247756958
  ],
  "Camera": [
    7.752014636993408,
    -6.1914381980896,
    5.556537628173828
  ]
}