{
  "Camera": [
    7.726360321044922,
    -6.107862949371338,
    4.8527092933654785
  ],
  "image_filename": "000013724953553377",
  "Lamp_Fill": [
    -4.937777042388916,
    -3.90154767036438,
    2.5343549251556396
  ],
  "Lamp_Back": [
    -0.9586371183395386,
    3.197674036026001,
    5.7894673347473145
  ],
  "Lamp_Key": [
    6.32149076461792,
    -2.8009591102600098,
    4.03553581237793
  ],
  "objects": [
    {
      "size": 1.5,
      "color": [
        1.0,
        0.0,
        0.0,
        1.0
      ],
      "shape": "SmoothCube_v2",
      "3d_coords": [
        2.0779976844787598,
        2.1989569664001465,
        1.5
      ],
      "pixel_coords": [
        106,
        47,
        10.077600479125977
      ],
      "material": "MyMetal",
      "rotation": 0.0
    },
    {
      "size": 2.0,
      "color": [
        0.0,
        1.0,
        0.0,
        1.0
      ],
      "shape": "Sphere",
      "3d_coords": [
        -2.8487305641174316,
        2.797261953353882,
        2.0
      ],
      "pixel_coords": [
        68,
        28,
        13.656394004821777
      ],
      "material": "MyMetal",
      "rotation": 0.0
    }
  ]
}