{
  "image_filename": "00000057",
  "objects": [
    {
      "shape": "star_4",
      "size": 0.225,
      "rotation": 0.0,
      "2d_coords": [
        0.35229872553728053,
        0.5366304238685009
      ],
      "color": [
        255,
        0,
        255
      ]
    },
    {
      "shape": "triangle",
      "size": 0.125,
      "rotation": 0.0,
      "2d_coords": [
        0.8188058508005002,
        0.5153634635589768
      ],
      "color": [
        0,
        127,
        255
      ]
    }
  ]
}