{
  "image_filename": "000006434015883421",
  "objects": [
    {
      "shape": "Cone",
      "size": 2.0,
      "material": "data/materials/PoliigonBricksPaintedWhite001.blend",
      "3d_coords": [
        2.353625774383545,
        -0.6598847508430481,
        2.0
      ],
      "rotation": 0.0,
      "pixel_coords": [
        83,
        51,
        7.76776647567749
      ]
    },
    {
      "shape": "Torus",
      "size": 2.0,
      "material": "data/materials/PoliigonChainmailCopperRoundedThin001.blend",
      "3d_coords": [
        -2.067843198776245,
        -1.5248323678970337,
        2.0
      ],
      "rotation": 0.0,
      "pixel_coords": [
        30,
        36,
        10.19217300415039
      ]
    }
  ],
  "ground_material": "data/materials/PoliigonChainmailCopperRoundedThin001.blend",
  "Lamp_Key": [
    7.122628688812256,
    -3.314424514770508,
    4.7637786865234375
  ],
  "Lamp_Back": [
    -2.143928289413452,
    2.6499104499816895,
    4.992223262786865
  ],
  "Lamp_Fill": [
    -5.509807109832764,
    -3.83442759513855,
    2.561277389526367
  ],
  "Camera": [
    7.052422523498535,
    -6.1705322265625,
    5.082298278808594
  ]
}