{
  "image_filename": "000006360156511565",
  "objects": [
    {
      "shape": "Cylinder",
      "size": 2.0,
      "material": "data/materials/PoliigonChainmailCopperRoundedThin001.blend",
      "3d_coords": [
        -1.192881464958191,
        2.4548676013946533,
        2.0
      ],
      "rotation": 0.0,
      "pixel_coords": [
        77,
        29,
        11.963088035583496
      ]
    },
    {
      "shape": "Cylinder",
      "size": 2.0,
      "material": "data/materials/PoliigonChainmailCopperRoundedThin001.blend",
      "3d_coords": [
        -2.3673384189605713,
        -2.1262266635894775,
        2.0
      ],
      "rotation": 0.0,
      "pixel_coords": [
        20,
        37,
        10.145366668701172
      ]
    }
  ],
  "ground_material": "data/materials/PoliigonMetalSpottyDiscoloration001.blend",
  "Lamp_Key": [
    6.88856840133667,
    -3.5753087997436523,
    3.7228291034698486
  ],
  "Lamp_Back": [
    -2.105490207672119,
    3.2378976345062256,
    5.708315849304199
  ],
  "Lamp_Fill": [
    -4.755497932434082,
    -3.856271982192993,
    2.1007063388824463
  ],
  "Camera": [
    7.062129974365234,
    -6.098728179931641,
    5.4525065422058105
  ]
}