{
  "Lamp_Fill": [
    -4.3853254318237305,
    -4.203170299530029,
    3.9627113342285156
  ],
  "Lamp_Back": [
    -1.5180045366287231,
    2.4075801372528076,
    4.875167369842529
  ],
  "Lamp_Key": [
    6.2553181648254395,
    -2.1548118591308594,
    4.343079566955566
  ],
  "Camera": [
    7.69364595413208,
    -6.621160984039307,
    5.833115577697754
  ],
  "image_filename": "000014783045979830",
  "objects": [
    {
      "shape": "SmoothCylinder",
      "rotation": 0.0,
      "material": "MyMetal",
      "3d_coords": [
        -1.8945293426513672,
        0.2667388617992401,
        1.5
      ],
      "pixel_coords": [
        52,
        40,
        12.355658531188965
      ],
      "size": 1.5,
      "color": [
        1.0,
        0.0,
        0.0,
        1.0
      ]
    },
    {
      "shape": "SmoothCube_v2",
      "rotation": 0.0,
      "material": "MyMetal",
      "3d_coords": [
        0.5087608098983765,
        2.1183371543884277,
        1.5
      ],
      "pixel_coords": [
        87,
        43,
        11.82347583770752
      ],
      "size": 1.5,
      "color": [
        0.0,
        1.0,
        0.0,
        1.0
      ]
    }
  ]
}