{
  "image_filename": "00000085",
  "objects": [
    {
      "shape": "triangle",
      "size": 0.425,
      "rotation": 0.0,
      "2d_coords": [
        0.8135107428110054,
        0.49137791759264765
      ],
      "color": [
        255,
        0,
        255
      ]
    },
    {
      "shape": "star_4",
      "size": 0.425,
      "rotation": 0.0,
      "2d_coords": [
        0.21681372828144457,
        0.9462337636636715
      ],
      "color": [
        255,
        127,
        0
      ]
    }
  ]
}