{
  "image_filename": "00000089",
  "objects": [
    {
      "shape": "circle",
      "size": 0.425,
      "rotation": 0.0,
      "2d_coords": [
        0.32217705119792117,
        0.34734795897952053
      ],
      "color": [
        255,
        127,
        0
      ]
    },
    {
      "shape": "circle",
      "size": 0.325,
      "rotation": 0.0,
      "2d_coords": [
        0.7221891466518074,
        0.8371206115455114
      ],
      "color": [
        255,
        127,
        0
      ]
    }
  ]
}