{
  "objects": [
    {
      "color": [
        0.0,
        0.0,
        1.0,
        1.0
      ],
      "pixel_coords": [
        72,
        30,
        11.956058502197266
      ],
      "rotation": 0.0,
      "3d_coords": [
        -1.2921547889709473,
        2.1032602787017822,
        2.0
      ],
      "size": 2.0,
      "shape": "SmoothCylinder",
      "material": "Rubber"
    },
    {
      "color": [
        1.0,
        0.0,
        0.0,
        1.0
      ],
      "pixel_coords": [
        16,
        57,
        9.808903694152832
      ],
      "rotation": 0.0,
      "3d_coords": [
        -1.7045631408691406,
        -2.980457067489624,
        1.0
      ],
      "size": 1.0,
      "shape": "SmoothCube_v2",
      "material": "Rubber"
    }
  ],
  "Lamp_Back": [
    -1.5368162393569946,
    1.6687061786651611,
    6.76009464263916
  ],
  "Camera": [
    7.047192573547363,
    -6.269673824310303,
    5.5107645988464355
  ],
  "Lamp_Fill": [
    -3.937885284423828,
    -3.9662275314331055,
    2.6387581825256348
  ],
  "image_filename": "000002304958925903",
  "Lamp_Key": [
    6.8904852867126465,
    -2.7245633602142334,
    4.6786322593688965
  ]
}