{
  "Lamp_Fill": [
    -4.575008869171143,
    -3.9252657890319824,
    3.8214595317840576
  ],
  "Lamp_Key": [
    5.6443305015563965,
    -3.358067274093628,
    3.894662380218506
  ],
  "Camera": [
    7.6405110359191895,
    -6.303954601287842,
    5.484644412994385
  ],
  "image_filename": "000010922113461614",
  "Lamp_Back": [
    -0.9645295739173889,
    1.655784010887146,
    5.786870956420898
  ],
  "objects": [
    {
      "pixel_coords": [
        32,
        56,
        10.365446090698242
      ],
      "size": 1.0,
      "shape": "Suzanne",
      "rotation": 0.0,
      "3d_coords": [
        -1.1016472578048706,
        -2.1841089725494385,
        1.0
      ],
      "material": "MyMetal",
      "color": [
        1.0,
        0.0,
        1.0,
        1.0
      ]
    },
    {
      "pixel_coords": [
        76,
        49,
        10.148191452026367
      ],
      "size": 1.5,
      "shape": "Sphere",
      "rotation": 0.0,
      "3d_coords": [
        0.955944299697876,
        0.35453736782073975,
        1.5
      ],
      "material": "MyMetal",
      "color": [
        1.0,
        0.0,
        0.0,
        1.0
      ]
    }
  ]
}