{
  "image_filename": "000008997749755291",
  "objects": [
    {
      "shape": "NewellTeapot",
      "size": 1.5,
      "material": "data/materials/PoliigonBricksPaintedWhite001.blend",
      "3d_coords": [
        -2.027224540710449,
        -2.6233372688293457,
        1.5
      ],
      "rotation": 0.0,
      "pixel_coords": [
        22,
        48,
        10.960920333862305
      ]
    },
    {
      "shape": "Cube",
      "size": 2.0,
      "material": "data/materials/PoliigonFabricDenim003.blend",
      "3d_coords": [
        2.4029152393341064,
        0.250790536403656,
        2.0
      ],
      "rotation": 0.0,
      "pixel_coords": [
        90,
        50,
        9.44996452331543
      ]
    }
  ],
  "ground_material": "data/materials/PoliigonRoofTilesTerracotta004.blend",
  "Lamp_Key": [
    6.4967193603515625,
    -3.270373582839966,
    3.8238415718078613
  ],
  "Lamp_Back": [
    -1.7767423391342163,
    2.8678700923919678,
    5.6746110916137695
  ],
  "Lamp_Fill": [
    -5.253164291381836,
    -4.147515296936035,
    2.865023136138916
  ],
  "Camera": [
    7.817256927490234,
    -6.815400123596191,
    5.753003120422363
  ]
}