{
  "image_filename": "00000031",
  "objects": [
    {
      "shape": "triangle",
      "size": 0.225,
      "rotation": 0.0,
      "2d_coords": [
        0.11712116500991462,
        0.10279697284639915
      ],
      "color": [
        0,
        255,
        0
      ]
    },
    {
      "shape": "star_4",
      "size": 0.225,
      "rotation": 0.0,
      "2d_coords": [
        0.44161249244855505,
        0.1458207406592706
      ],
      "color": [
        255,
        0,
        255
      ]
    }
  ]
}