{
  "image_filename": "000003615010100632",
  "objects": [
    {
      "shape": "NewellTeapot",
      "size": 1.5,
      "material": "data/materials/PoliigonRoofTilesTerracotta004.blend",
      "3d_coords": [
        0.11982112377882004,
        0.14497274160385132,
        1.5
      ],
      "rotation": 0.0,
      "pixel_coords": [
        66,
        47,
        10.95062255859375
      ]
    },
    {
      "shape": "Cube",
      "size": 1.0,
      "material": "data/materials/PoliigonFabricFleece001.blend",
      "3d_coords": [
        -2.9068446159362793,
        -1.636745810508728,
        1.0
      ],
      "rotation": 0.0,
      "pixel_coords": [
        29,
        47,
        12.270407676696777
      ]
    }
  ],
  "ground_material": "data/materials/PoliigonFabricFleece001.blend",
  "Lamp_Key": [
    6.349282264709473,
    -3.8926212787628174,
    3.5271692276000977
  ],
  "Lamp_Back": [
    -0.2096298187971115,
    1.8531607389450073,
    5.278132915496826
  ],
  "Lamp_Fill": [
    -4.482532501220703,
    -4.1389899253845215,
    3.2963991165161133
  ],
  "Camera": [
    7.939811706542969,
    -6.425624847412109,
    5.664705276489258
  ]
}