{
  "Lamp_Key": [
    6.347122669219971,
    -3.1293187141418457,
    3.6649794578552246
  ],
  "image_filename": "000009605045347722",
  "Camera": [
    7.845916271209717,
    -6.6405816078186035,
    5.6854119300842285
  ],
  "objects": [
    {
      "rotation": 0.0,
      "material": "MyMetal",
      "size": 1.0,
      "3d_coords": [
        -2.1389963626861572,
        0.4147726893424988,
        1.0
      ],
      "color": [
        1.0,
        0.0,
        1.0,
        1.0
      ],
      "shape": "SmoothCube_v2",
      "pixel_coords": [
        52,
        45,
        12.925662994384766
      ]
    },
    {
      "rotation": 0.0,
      "material": "MyMetal",
      "size": 2.0,
      "3d_coords": [
        1.5333504676818848,
        2.102303981781006,
        2.0
      ],
      "color": [
        1.0,
        0.0,
        1.0,
        1.0
      ],
      "shape": "Sphere",
      "pixel_coords": [
        97,
        40,
        10.942756652832031
      ]
    }
  ],
  "Lamp_Fill": [
    -5.409202575683594,
    -4.061036109924316,
    2.5443079471588135
  ],
  "Lamp_Back": [
    -1.8229817152023315,
    3.4401655197143555,
    5.887094497680664
  ]
}