{
  "image_filename": "000004533818625157",
  "Camera": [
    7.150574684143066,
    -6.570984840393066,
    5.088957786560059
  ],
  "objects": [
    {
      "color": [
        1.0,
        1.0,
        0.0,
        1.0
      ],
      "size": 1.5,
      "rotation": 0.0,
      "3d_coords": [
        0.9982349276542664,
        -1.2644784450531006,
        1.5
      ],
      "pixel_coords": [
        60,
        55,
        8.85872745513916
      ],
      "material": "MyMetal",
      "shape": "SmoothCylinder"
    },
    {
      "color": [
        1.0,
        1.0,
        0.0,
        1.0
      ],
      "size": 1.0,
      "rotation": 0.0,
      "3d_coords": [
        -2.773714542388916,
        -1.0786890983581543,
        1.0
      ],
      "pixel_coords": [
        32,
        46,
        11.66220474243164
      ],
      "material": "MyMetal",
      "shape": "SmoothCube_v2"
    }
  ],
  "Lamp_Fill": [
    -5.165040493011475,
    -4.971469402313232,
    2.704777717590332
  ],
  "Lamp_Back": [
    -1.4203580617904663,
    2.348748207092285,
    5.464472770690918
  ],
  "Lamp_Key": [
    6.241776943206787,
    -3.330334424972534,
    3.9787802696228027
  ]
}