{
  "image_filename": "000009287857764283",
  "objects": [
    {
      "shape": "NewellTeapot",
      "size": 2.0,
      "material": "data/materials/PoliigonMetalSpottyDiscoloration001.blend",
      "3d_coords": [
        -2.54106068611145,
        1.72324800491333,
        2.0
      ],
      "rotation": 0.0,
      "pixel_coords": [
        60,
        28,
        12.782724380493164
      ]
    },
    {
      "shape": "Sphere",
      "size": 2.0,
      "material": "data/materials/PoliigonBricksFlemishRed001.blend",
      "3d_coords": [
        2.7729175090789795,
        -0.5856839418411255,
        2.0
      ],
      "rotation": 0.0,
      "pixel_coords": [
        88,
        56,
        8.035152435302734
      ]
    }
  ],
  "ground_material": "data/materials/PoliigonBricksFlemishRed001.blend",
  "Lamp_Key": [
    7.284539699554443,
    -1.9122456312179565,
    3.929889440536499
  ],
  "Lamp_Back": [
    -1.5410025119781494,
    3.0390453338623047,
    6.301529884338379
  ],
  "Lamp_Fill": [
    -4.852110385894775,
    -3.3604140281677246,
    2.8746914863586426
  ],
  "Camera": [
    7.274892807006836,
    -6.270745754241943,
    5.74686336517334
  ]
}