{
  "image_filename": "000009287857764283",
  "objects": [
    {
      "shape": "NewellTeapot",
      "size": 1.5,
      "material": "data/materials/PoliigonWoodFlooring061.blend",
      "3d_coords": [
        -2.54106068611145,
        1.72324800491333,
        1.5
      ],
      "rotation": 0.0,
      "pixel_coords": [
        60,
        33,
        13.039451599121094
      ]
    },
    {
      "shape": "Sphere",
      "size": 1.5,
      "material": "data/materials/PoliigonChainmailCopperRoundedThin001.blend",
      "3d_coords": [
        2.7729175090789795,
        -0.5856839418411255,
        1.5
      ],
      "rotation": 0.0,
      "pixel_coords": [
        87,
        64,
        8.291879653930664
      ]
    }
  ],
  "ground_material": "data/materials/PoliigonBricksFlemishRed001.blend",
  "Lamp_Key": [
    7.284539699554443,
    -1.9122456312179565,
    3.929889440536499
  ],
  "Lamp_Back": [
    -1.5410025119781494,
    3.0390453338623047,
    6.301529884338379
  ],
  "Lamp_Fill": [
    -4.852110385894775,
    -3.3604140281677246,
    2.8746914863586426
  ],
  "Camera": [
    7.274892807006836,
    -6.270745754241943,
    5.74686336517334
  ]
}