{
  "Camera": [
    7.652493000030518,
    -6.036424160003662,
    5.292375564575195
  ],
  "image_filename": "000002192827942128",
  "objects": [
    {
      "material": "MyMetal",
      "rotation": 0.0,
      "shape": "SmoothCylinder",
      "size": 1.5,
      "color": [
        0.0,
        1.0,
        0.0,
        1.0
      ],
      "pixel_coords": [
        60,
        40,
        11.657292366027832
      ],
      "3d_coords": [
        -1.3695557117462158,
        0.6195271015167236,
        1.5
      ]
    },
    {
      "material": "MyMetal",
      "rotation": 0.0,
      "shape": "SmoothCylinder",
      "size": 2.0,
      "color": [
        1.0,
        1.0,
        0.0,
        1.0
      ],
      "pixel_coords": [
        106,
        43,
        9.604851722717285
      ],
      "3d_coords": [
        2.2419300079345703,
        1.8652348518371582,
        2.0
      ]
    }
  ],
  "Lamp_Key": [
    6.433164596557617,
    -3.5488169193267822,
    4.696215629577637
  ],
  "Lamp_Back": [
    -0.9281810522079468,
    2.1844868659973145,
    4.866095542907715
  ],
  "Lamp_Fill": [
    -3.8650288581848145,
    -4.026646137237549,
    2.986485481262207
  ]
}