{
  "image_filename": "000004669150391286",
  "objects": [
    {
      "shape": "Cone",
      "size": 1.5,
      "material": "data/materials/PoliigonBricksFlemishRed001.blend",
      "3d_coords": [
        -2.864403247833252,
        0.05069920793175697,
        1.5
      ],
      "rotation": 0.0,
      "pixel_coords": [
        44,
        38,
        12.854769706726074
      ]
    },
    {
      "shape": "Torus",
      "size": 2.0,
      "material": "data/materials/PoliigonWoodFlooring061.blend",
      "3d_coords": [
        2.1856963634490967,
        -0.8182950019836426,
        2.0
      ],
      "rotation": 0.0,
      "pixel_coords": [
        77,
        54,
        8.837327003479004
      ]
    }
  ],
  "ground_material": "data/materials/PoliigonRoofTilesTerracotta004.blend",
  "Lamp_Key": [
    7.064109802246094,
    -2.678466796875,
    3.54793119430542
  ],
  "Lamp_Back": [
    -1.7727359533309937,
    2.3799519538879395,
    4.993802070617676
  ],
  "Lamp_Fill": [
    -4.358154773712158,
    -4.091802597045898,
    2.947923421859741
  ],
  "Camera": [
    7.576582431793213,
    -6.794434547424316,
    5.8053765296936035
  ]
}