{
  "Camera": [
    7.855559349060059,
    -6.128815174102783,
    5.233099937438965
  ],
  "Lamp_Key": [
    7.363515853881836,
    -2.205868721008301,
    4.261990547180176
  ],
  "Lamp_Fill": [
    -5.547868251800537,
    -4.981235504150391,
    2.5504708290100098
  ],
  "objects": [
    {
      "rotation": 0.0,
      "pixel_coords": [
        113,
        56,
        10.243760108947754
      ],
      "color": [
        0.0,
        1.0,
        0.0,
        1.0
      ],
      "shape": "SmoothCube_v2",
      "material": "Rubber",
      "size": 1.0,
      "3d_coords": [
        2.7011446952819824,
        2.460529327392578,
        1.0
      ]
    },
    {
      "rotation": 0.0,
      "pixel_coords": [
        35,
        58,
        8.70173454284668
      ],
      "color": [
        1.0,
        0.0,
        1.0,
        1.0
      ],
      "shape": "SmoothCube_v2",
      "material": "Rubber",
      "size": 1.5,
      "3d_coords": [
        0.5304145812988281,
        -2.7264513969421387,
        1.5
      ]
    }
  ],
  "Lamp_Back": [
    -1.1261500120162964,
    3.380695104598999,
    6.7896318435668945
  ],
  "image_filename": "000010696437678526"
}