{
  "Lamp_Key": [
    6.629129886627197,
    -2.7970151901245117,
    4.085953235626221
  ],
  "Camera": [
    7.139645099639893,
    -6.057436466217041,
    5.771613597869873
  ],
  "objects": [
    {
      "size": 2.0,
      "3d_coords": [
        -2.2244670391082764,
        2.419844388961792,
        2.0
      ],
      "pixel_coords": [
        68,
        26,
        12.726155281066895
      ],
      "shape": "SmoothCube_v2",
      "material": "MyMetal",
      "rotation": 0.0,
      "color": [
        1.0,
        0.0,
        1.0,
        1.0
      ]
    },
    {
      "size": 1.0,
      "3d_coords": [
        2.959820508956909,
        -2.5067920684814453,
        1.0
      ],
      "pixel_coords": [
        64,
        87,
        7.172468185424805
      ],
      "shape": "Suzanne",
      "material": "Rubber",
      "rotation": 0.0,
      "color": [
        1.0,
        0.0,
        0.0,
        1.0
      ]
    }
  ],
  "image_filename": "000009257502676188",
  "Lamp_Fill": [
    -3.7862517833709717,
    -3.4408509731292725,
    2.8500988483428955
  ],
  "Lamp_Back": [
    -1.2076042890548706,
    2.777916193008423,
    5.124521255493164
  ]
}