{
  "image_filename": "000008643705029646",
  "Lamp_Back": [
    -1.319305419921875,
    2.8180201053619385,
    5.579659938812256
  ],
  "Lamp_Key": [
    7.412658214569092,
    -3.350696563720703,
    4.94563627243042
  ],
  "objects": [
    {
      "3d_coords": [
        -1.6734285354614258,
        2.199828863143921,
        2.0
      ],
      "color": [
        0.0,
        0.0,
        1.0,
        1.0
      ],
      "size": 2.0,
      "shape": "Sphere",
      "pixel_coords": [
        69,
        30,
        12.439340591430664
      ],
      "material": "Rubber",
      "rotation": 0.0
    },
    {
      "3d_coords": [
        0.48825639486312866,
        -2.8561041355133057,
        2.0
      ],
      "color": [
        0.0,
        0.0,
        1.0,
        1.0
      ],
      "size": 2.0,
      "shape": "SmoothCylinder",
      "pixel_coords": [
        34,
        51,
        7.915403842926025
      ],
      "material": "MyMetal",
      "rotation": 0.0
    }
  ],
  "Lamp_Fill": [
    -3.685645580291748,
    -5.011721611022949,
    2.6403071880340576
  ],
  "Camera": [
    6.988006591796875,
    -6.769406318664551,
    4.924659729003906
  ]
}