{
  "image_filename": "00000063",
  "objects": [
    {
      "shape": "square",
      "size": 0.125,
      "rotation": 0.0,
      "2d_coords": [
        0.7238886804592549,
        0.7021991163243383
      ],
      "color": [
        255,
        127,
        0
      ]
    },
    {
      "shape": "star_4",
      "size": 0.425,
      "rotation": 0.0,
      "2d_coords": [
        0.6992870991279855,
        0.484602460323161
      ],
      "color": [
        255,
        127,
        0
      ]
    }
  ]
}