{
  "objects": [
    {
      "pixel_coords": [
        95,
        43,
        11.270812034606934
      ],
      "color": [
        0.0,
        1.0,
        0.0,
        1.0
      ],
      "material": "MyMetal",
      "rotation": 0.0,
      "size": 1.5,
      "shape": "Sphere",
      "3d_coords": [
        1.0486385822296143,
        2.384981155395508,
        1.5
      ]
    },
    {
      "pixel_coords": [
        31,
        53,
        9.31302547454834
      ],
      "color": [
        1.0,
        0.0,
        0.0,
        1.0
      ],
      "material": "Rubber",
      "rotation": 0.0,
      "size": 1.5,
      "shape": "SmoothCube_v2",
      "3d_coords": [
        -0.49300092458724976,
        -2.5454511642456055,
        1.5
      ]
    }
  ],
  "Lamp_Back": [
    -0.9094695448875427,
    3.567629098892212,
    5.685286045074463
  ],
  "image_filename": "000011357565365426",
  "Lamp_Key": [
    6.784413814544678,
    -2.163437604904175,
    4.55877685546875
  ],
  "Lamp_Fill": [
    -5.603173732757568,
    -3.4323456287384033,
    2.4338219165802
  ],
  "Camera": [
    7.355125427246094,
    -6.7486042976379395,
    5.087523937225342
  ]
}