{
  "objects": [
    {
      "shape": "SmoothCube_v2",
      "3d_coords": [
        1.3013792037963867,
        -1.591573715209961,
        1.5
      ],
      "color": [
        1.0,
        0.0,
        1.0,
        1.0
      ],
      "material": "Rubber",
      "pixel_coords": [
        57,
        60,
        8.918994903564453
      ],
      "rotation": 0.0,
      "size": 1.5
    },
    {
      "shape": "Sphere",
      "3d_coords": [
        -2.6160783767700195,
        -1.5344362258911133,
        1.5
      ],
      "color": [
        0.0,
        1.0,
        0.0,
        1.0
      ],
      "material": "MyMetal",
      "pixel_coords": [
        30,
        42,
        11.588760375976562
      ],
      "rotation": 0.0,
      "size": 1.5
    }
  ],
  "Lamp_Fill": [
    -5.36184024810791,
    -3.032433032989502,
    3.3984553813934326
  ],
  "Lamp_Back": [
    -2.1611135005950928,
    1.6777210235595703,
    5.757725238800049
  ],
  "Camera": [
    7.688198089599609,
    -6.108489036560059,
    5.814671039581299
  ],
  "image_filename": "000005813572713030",
  "Lamp_Key": [
    5.50956392288208,
    -2.541388750076294,
    4.259616851806641
  ]
}