{
  "Camera": [
    7.557423114776611,
    -6.065897464752197,
    5.609561443328857
  ],
  "Lamp_Back": [
    -0.7380931377410889,
    2.1234443187713623,
    5.7114434242248535
  ],
  "Lamp_Key": [
    5.8393402099609375,
    -2.447213888168335,
    3.78240966796875
  ],
  "objects": [
    {
      "size": 1.5,
      "3d_coords": [
        -2.4920661449432373,
        1.0868093967437744,
        1.5
      ],
      "pixel_coords": [
        56,
        35,
        12.716470718383789
      ],
      "material": "MyMetal",
      "color": [
        0.0,
        1.0,
        1.0,
        1.0
      ],
      "shape": "Sphere",
      "rotation": 0.0
    },
    {
      "size": 1.5,
      "3d_coords": [
        -1.7892930507659912,
        -2.8673064708709717,
        1.5
      ],
      "pixel_coords": [
        17,
        49,
        10.100061416625977
      ],
      "material": "MyMetal",
      "color": [
        1.0,
        1.0,
        0.0,
        1.0
      ],
      "shape": "SmoothCylinder",
      "rotation": 0.0
    }
  ],
  "image_filename": "000006755677158187",
  "Lamp_Fill": [
    -3.7192940711975098,
    -3.409726858139038,
    2.189730167388916
  ]
}