{
  "image_filename": "000007182668932865",
  "Lamp_Back": [
    -0.27370932698249817,
    3.5259454250335693,
    4.961826801300049
  ],
  "objects": [
    {
      "rotation": 0.0,
      "3d_coords": [
        0.22037716209888458,
        -2.8608458042144775,
        1.5
      ],
      "color": [
        0.0,
        1.0,
        1.0,
        1.0
      ],
      "shape": "SmoothCube_v2",
      "pixel_coords": [
        33,
        58,
        8.66112995147705
      ],
      "material": "MyMetal",
      "size": 1.5
    },
    {
      "rotation": 0.0,
      "3d_coords": [
        2.563918113708496,
        2.7345898151397705,
        1.5
      ],
      "color": [
        0.0,
        1.0,
        1.0,
        1.0
      ],
      "shape": "SmoothCylinder",
      "pixel_coords": [
        113,
        46,
        10.623651504516602
      ],
      "material": "Rubber",
      "size": 1.5
    }
  ],
  "Lamp_Key": [
    6.579624652862549,
    -2.798433303833008,
    4.1723761558532715
  ],
  "Camera": [
    7.204717636108398,
    -6.965289115905762,
    5.124868869781494
  ],
  "Lamp_Fill": [
    -4.300159454345703,
    -4.876231670379639,
    3.5057051181793213
  ]
}