{
  "image_filename": "000012411274787943",
  "objects": [
    {
      "shape": "Cylinder",
      "size": 1.5,
      "material": "data/materials/PoliigonWoodFlooring061.blend",
      "3d_coords": [
        -2.6049394607543945,
        -0.1123625785112381,
        1.5
      ],
      "rotation": 0.0,
      "pixel_coords": [
        44,
        38,
        12.264314651489258
      ]
    },
    {
      "shape": "Cylinder",
      "size": 1.5,
      "material": "data/materials/PoliigonWoodFlooring061.blend",
      "3d_coords": [
        0.8861779570579529,
        0.5120296478271484,
        1.5
      ],
      "rotation": 0.0,
      "pixel_coords": [
        77,
        48,
        10.223487854003906
      ]
    }
  ],
  "ground_material": "data/materials/PoliigonRoofTilesTerracotta004.blend",
  "Lamp_Key": [
    6.18801212310791,
    -1.910244345664978,
    4.78324556350708
  ],
  "Lamp_Back": [
    -0.3275315761566162,
    1.7568057775497437,
    5.5394182205200195
  ],
  "Lamp_Fill": [
    -4.148749351501465,
    -3.9646828174591064,
    3.3426637649536133
  ],
  "Camera": [
    7.695263862609863,
    -6.189701080322266,
    5.4300150871276855
  ]
}