{
  "image_filename": "000004525417187627",
  "objects": [
    {
      "shape": "NewellTeapot",
      "size": 1.0,
      "material": "data/materials/PoliigonRoofTilesTerracotta004.blend",
      "3d_coords": [
        2.8698043823242188,
        -0.1300632804632187,
        1.0
      ],
      "rotation": 0.0,
      "pixel_coords": [
        94,
        67,
        8.388482093811035
      ]
    },
    {
      "shape": "Cylinder",
      "size": 1.5,
      "material": "data/materials/PoliigonFabricDenim003.blend",
      "3d_coords": [
        -0.3079049587249756,
        -0.031170334666967392,
        1.5
      ],
      "rotation": 0.0,
      "pixel_coords": [
        61,
        45,
        10.30811882019043
      ]
    }
  ],
  "ground_material": "data/materials/PoliigonChainmailCopperRoundedThin001.blend",
  "Lamp_Key": [
    7.083006858825684,
    -2.2415518760681152,
    4.400784492492676
  ],
  "Lamp_Back": [
    -1.8871610164642334,
    3.573942184448242,
    5.951813220977783
  ],
  "Lamp_Fill": [
    -5.357460021972656,
    -5.005887508392334,
    3.205148220062256
  ],
  "Camera": [
    7.141706943511963,
    -6.35818338394165,
    5.0785651206970215
  ]
}