{
  "image_filename": "00000020",
  "objects": [
    {
      "shape": "triangle",
      "size": 0.325,
      "rotation": 0.0,
      "2d_coords": [
        0.817851694426221,
        0.6257382444772734
      ],
      "color": [
        255,
        0,
        255
      ]
    },
    {
      "shape": "circle",
      "size": 0.125,
      "rotation": 0.0,
      "2d_coords": [
        0.7110131548971219,
        0.3384802782579223
      ],
      "color": [
        0,
        255,
        0
      ]
    }
  ]
}