{
  "image_filename": "000017093119760006",
  "objects": [
    {
      "shape": "Cube",
      "size": 1.0,
      "material": "data/materials/PoliigonBricksPaintedWhite001.blend",
      "3d_coords": [
        0.8274093270301819,
        2.753603935241699,
        1.0
      ],
      "rotation": 0.0,
      "pixel_coords": [
        95,
        48,
        12.086633682250977
      ]
    },
    {
      "shape": "NewellTeapot",
      "size": 1.0,
      "material": "data/materials/PoliigonMetalSpottyDiscoloration001.blend",
      "3d_coords": [
        -1.3419630527496338,
        -1.7984172105789185,
        1.0
      ],
      "rotation": 0.0,
      "pixel_coords": [
        36,
        54,
        11.025954246520996
      ]
    }
  ],
  "ground_material": "data/materials/PoliigonBricksFlemishRed001.blend",
  "Lamp_Key": [
    6.357935905456543,
    -2.1763017177581787,
    3.416078567504883
  ],
  "Lamp_Back": [
    -1.2163130044937134,
    2.4885740280151367,
    5.686044216156006
  ],
  "Lamp_Fill": [
    -4.118103504180908,
    -3.8996565341949463,
    2.6775693893432617
  ],
  "Camera": [
    7.754219055175781,
    -6.4037322998046875,
    5.82711935043335
  ]
}