{
  "Lamp_Fill": [
    -4.523518085479736,
    -4.4961652755737305,
    2.736816644668579
  ],
  "image_filename": "000003910975684241",
  "objects": [
    {
      "3d_coords": [
        -1.2737820148468018,
        -1.783589482307434,
        2.0
      ],
      "shape": "Suzanne",
      "color": [
        0.0,
        1.0,
        1.0,
        1.0
      ],
      "pixel_coords": [
        36,
        42,
        10.712164878845215
      ],
      "material": "Rubber",
      "size": 2.0,
      "rotation": 0.0
    },
    {
      "3d_coords": [
        -2.7593495845794678,
        0.6290828585624695,
        1.5
      ],
      "shape": "SmoothCube_v2",
      "color": [
        1.0,
        0.0,
        0.0,
        1.0
      ],
      "pixel_coords": [
        50,
        38,
        13.335124969482422
      ],
      "material": "MyMetal",
      "size": 1.5,
      "rotation": 0.0
    }
  ],
  "Lamp_Back": [
    -1.6268707513809204,
    3.62280011177063,
    6.51193904876709
  ],
  "Camera": [
    7.817914962768555,
    -6.914593696594238,
    5.639165878295898
  ],
  "Lamp_Key": [
    6.733304500579834,
    -3.260103464126587,
    3.390040159225464
  ]
}