{
  "image_filename": "00000037",
  "objects": [
    {
      "shape": "triangle",
      "size": 0.125,
      "rotation": 0.0,
      "2d_coords": [
        0.43893991734904875,
        0.22715410307020945
      ],
      "color": [
        0,
        255,
        0
      ]
    },
    {
      "shape": "star_4",
      "size": 0.325,
      "rotation": 0.0,
      "2d_coords": [
        0.5853765992971232,
        0.4039026085094404
      ],
      "color": [
        255,
        127,
        0
      ]
    }
  ]
}