{
  "image_filename": "000016486014738670",
  "objects": [
    {
      "shape": "Icosahedron",
      "size": 1.5,
      "material": "data/materials/PoliigonChainmailCopperRoundedThin001.blend",
      "3d_coords": [
        0.9744028449058533,
        1.9319815635681152,
        1.5
      ],
      "rotation": 0.0,
      "pixel_coords": [
        91,
        44,
        10.920269966125488
      ]
    },
    {
      "shape": "Sphere",
      "size": 1.0,
      "material": "data/materials/PoliigonBricksPaintedWhite001.blend",
      "3d_coords": [
        -2.2359392642974854,
        -2.2836625576019287,
        1.0
      ],
      "rotation": 0.0,
      "pixel_coords": [
        24,
        51,
        11.026666641235352
      ]
    }
  ],
  "ground_material": "data/materials/PoliigonChainmailCopperRoundedThin001.blend",
  "Lamp_Key": [
    6.218917369842529,
    -3.2282886505126953,
    3.9783129692077637
  ],
  "Lamp_Back": [
    -1.0688457489013672,
    1.9996901750564575,
    5.273975372314453
  ],
  "Lamp_Fill": [
    -5.078988075256348,
    -3.9341423511505127,
    3.087557315826416
  ],
  "Camera": [
    7.615786552429199,
    -6.172084808349609,
    5.5356550216674805
  ]
}