{
  "image_filename": "00000081",
  "objects": [
    {
      "shape": "square",
      "size": 0.425,
      "rotation": 0.0,
      "2d_coords": [
        0.7779868575565531,
        0.467138048291311
      ],
      "color": [
        0,
        127,
        255
      ]
    },
    {
      "shape": "circle",
      "size": 0.125,
      "rotation": 0.0,
      "2d_coords": [
        0.8418710185082857,
        0.08961472606387395
      ],
      "color": [
        255,
        127,
        0
      ]
    }
  ]
}