{
  "Camera": [
    7.980111598968506,
    -6.358153343200684,
    5.721949100494385
  ],
  "Lamp_Fill": [
    -4.316458225250244,
    -4.333144664764404,
    3.9398796558380127
  ],
  "image_filename": "000010349201270715",
  "Lamp_Back": [
    -1.1231071949005127,
    3.6117658615112305,
    5.423813343048096
  ],
  "Lamp_Key": [
    6.818068504333496,
    -3.4990713596343994,
    4.276564121246338
  ],
  "objects": [
    {
      "3d_coords": [
        -1.578447699546814,
        1.8629777431488037,
        2.0
      ],
      "rotation": 0.0,
      "size": 2.0,
      "pixel_coords": [
        69,
        32,
        12.80929946899414
      ],
      "shape": "Sphere",
      "material": "MyMetal",
      "color": [
        0.0,
        1.0,
        1.0,
        1.0
      ]
    },
    {
      "3d_coords": [
        -1.0940874814987183,
        -1.8928070068359375,
        1.0
      ],
      "rotation": 0.0,
      "size": 1.0,
      "pixel_coords": [
        36,
        55,
        10.92669677734375
      ],
      "shape": "SmoothCylinder",
      "material": "Rubber",
      "color": [
        0.0,
        1.0,
        0.0,
        1.0
      ]
    }
  ]
}