{
  "Lamp_Fill": [
    -4.943881034851074,
    -3.468672275543213,
    2.6636829376220703
  ],
  "Lamp_Back": [
    -0.29688000679016113,
    1.8559387922286987,
    6.5649309158325195
  ],
  "Lamp_Key": [
    6.356301307678223,
    -3.4176905155181885,
    4.078058242797852
  ],
  "image_filename": "000002569448038338",
  "objects": [
    {
      "material": "Rubber",
      "shape": "SmoothCube_v2",
      "pixel_coords": [
        81,
        31,
        12.555333137512207
      ],
      "3d_coords": [
        -0.9034342765808105,
        2.74811053276062,
        2.0
      ],
      "rotation": 0.0,
      "color": [
        0.0,
        0.0,
        1.0,
        1.0
      ],
      "size": 2.0
    },
    {
      "material": "MyMetal",
      "shape": "Sphere",
      "pixel_coords": [
        40,
        45,
        12.245759963989258
      ],
      "3d_coords": [
        -2.5417613983154297,
        -0.5296769142150879,
        1.0
      ],
      "rotation": 0.0,
      "color": [
        1.0,
        0.0,
        1.0,
        1.0
      ],
      "size": 1.0
    }
  ],
  "Camera": [
    7.529547691345215,
    -6.498324394226074,
    5.452879428863525
  ]
}