{
  "image_filename": "000002229369708211",
  "objects": [
    {
      "shape": "Cube",
      "size": 1.5,
      "material": "data/materials/PoliigonBricksPaintedWhite001.blend",
      "3d_coords": [
        1.537226915359497,
        0.9096011519432068,
        1.5
      ],
      "rotation": 0.0,
      "pixel_coords": [
        88,
        50,
        9.793153762817383
      ]
    },
    {
      "shape": "NewellTeapot",
      "size": 2.0,
      "material": "data/materials/PoliigonMetalSpottyDiscoloration001.blend",
      "3d_coords": [
        -2.278693914413452,
        -2.369717597961426,
        2.0
      ],
      "rotation": 0.0,
      "pixel_coords": [
        19,
        39,
        10.119688034057617
      ]
    }
  ],
  "ground_material": "data/materials/PoliigonBricksFlemishRed001.blend",
  "Lamp_Key": [
    7.044695854187012,
    -3.2119054794311523,
    4.548649787902832
  ],
  "Lamp_Back": [
    -1.813460111618042,
    2.9254612922668457,
    5.611727237701416
  ],
  "Lamp_Fill": [
    -3.6917006969451904,
    -3.8384885787963867,
    3.2175779342651367
  ],
  "Camera": [
    7.0547614097595215,
    -6.226132869720459,
    5.790572166442871
  ]
}