{
  "Lamp_Back": [
    -0.2041311115026474,
    3.5521583557128906,
    5.008497714996338
  ],
  "Lamp_Key": [
    6.122605800628662,
    -3.3303027153015137,
    4.2994256019592285
  ],
  "objects": [
    {
      "material": "MyMetal",
      "shape": "Suzanne",
      "pixel_coords": [
        70,
        42,
        12.499253273010254
      ],
      "color": [
        0.0,
        1.0,
        1.0,
        1.0
      ],
      "3d_coords": [
        -1.2058501243591309,
        1.790399193763733,
        1.0
      ],
      "size": 1.0,
      "rotation": 0.0
    },
    {
      "material": "Rubber",
      "shape": "Suzanne",
      "pixel_coords": [
        39,
        43,
        9.771968841552734
      ],
      "color": [
        1.0,
        0.0,
        1.0,
        1.0
      ],
      "3d_coords": [
        -0.8235388398170471,
        -1.621887445449829,
        2.0
      ],
      "size": 2.0,
      "rotation": 0.0
    }
  ],
  "Lamp_Fill": [
    -4.555629253387451,
    -3.050595760345459,
    2.523057222366333
  ],
  "Camera": [
    7.1653008460998535,
    -6.4901957511901855,
    5.6411919593811035
  ],
  "image_filename": "000012574398062726"
}