{
  "image_filename": "000004941732977615",
  "objects": [
    {
      "shape": "Icosahedron",
      "size": 2.0,
      "material": "data/materials/PoliigonWoodFlooring061.blend",
      "3d_coords": [
        -2.94290828704834,
        1.2242437601089478,
        2.0
      ],
      "rotation": 0.0,
      "pixel_coords": [
        54,
        28,
        12.531623840332031
      ]
    },
    {
      "shape": "Sphere",
      "size": 2.0,
      "material": "data/materials/PoliigonBricksFlemishRed001.blend",
      "3d_coords": [
        2.702913761138916,
        2.925360679626465,
        2.0
      ],
      "rotation": 0.0,
      "pixel_coords": [
        122,
        40,
        9.627639770507812
      ]
    }
  ],
  "ground_material": "data/materials/PoliigonFabricFleece001.blend",
  "Lamp_Key": [
    5.9953765869140625,
    -2.894505500793457,
    3.7410898208618164
  ],
  "Lamp_Back": [
    -0.8503798842430115,
    2.9134089946746826,
    5.740407943725586
  ],
  "Lamp_Fill": [
    -5.020859241485596,
    -4.479328155517578,
    2.097651481628418
  ],
  "Camera": [
    7.358763694763184,
    -6.041089057922363,
    5.0299601554870605
  ]
}