{
  "image_filename": "00000080",
  "objects": [
    {
      "shape": "star_4",
      "size": 0.425,
      "rotation": 0.0,
      "2d_coords": [
        0.20055128946550643,
        0.8813732951560547
      ],
      "color": [
        255,
        127,
        0
      ]
    },
    {
      "shape": "square",
      "size": 0.125,
      "rotation": 0.0,
      "2d_coords": [
        0.4934887704258594,
        0.18353927263017863
      ],
      "color": [
        0,
        127,
        255
      ]
    }
  ]
}