{
  "image_filename": "000008762308388310",
  "objects": [
    {
      "shape": "Suzanne",
      "size": 2.0,
      "material": "data/materials/PoliigonChainmailCopperRoundedThin001.blend",
      "3d_coords": [
        -2.3572137355804443,
        1.2835062742233276,
        2.0
      ],
      "rotation": 0.0,
      "pixel_coords": [
        57,
        31,
        12.853167533874512
      ]
    },
    {
      "shape": "Cone",
      "size": 2.0,
      "material": "data/materials/PoliigonRoofTilesTerracotta004.blend",
      "3d_coords": [
        1.8506004810333252,
        0.6718541979789734,
        2.0
      ],
      "rotation": 0.0,
      "pixel_coords": [
        89,
        46,
        9.827156066894531
      ]
    }
  ],
  "ground_material": "data/materials/PoliigonMetalSpottyDiscoloration001.blend",
  "Lamp_Key": [
    6.077086925506592,
    -3.895098924636841,
    4.7455153465271
  ],
  "Lamp_Back": [
    -0.6957721710205078,
    1.7809890508651733,
    6.0188374519348145
  ],
  "Lamp_Fill": [
    -4.549662113189697,
    -4.875120639801025,
    3.2430849075317383
  ],
  "Camera": [
    7.334409713745117,
    -6.889658451080322,
    5.753355026245117
  ]
}