{
  "Lamp_Key": [
    7.310689449310303,
    -2.6656579971313477,
    5.183741092681885
  ],
  "Lamp_Fill": [
    -5.404487609863281,
    -3.57777738571167,
    2.6680357456207275
  ],
  "Camera": [
    7.845773220062256,
    -6.441164970397949,
    4.920572757720947
  ],
  "image_filename": "000004441273250538",
  "objects": [
    {
      "3d_coords": [
        -2.3070802688598633,
        -1.7419893741607666,
        1.0
      ],
      "color": [
        0.0,
        1.0,
        1.0,
        1.0
      ],
      "rotation": 0.0,
      "material": "MyMetal",
      "size": 1.0,
      "shape": "Suzanne",
      "pixel_coords": [
        30,
        49,
        11.454545974731445
      ]
    },
    {
      "3d_coords": [
        2.2826128005981445,
        -1.3221288919448853,
        2.0
      ],
      "color": [
        0.0,
        0.0,
        1.0,
        1.0
      ],
      "rotation": 0.0,
      "material": "Rubber",
      "size": 2.0,
      "shape": "SmoothCylinder",
      "pixel_coords": [
        71,
        52,
        8.065972328186035
      ]
    }
  ],
  "Lamp_Back": [
    -2.1589930057525635,
    2.0894057750701904,
    6.134662628173828
  ]
}