{
  "Lamp_Back": [
    -1.1597760915756226,
    1.802227258682251,
    6.602850437164307
  ],
  "image_filename": "000007942297914957",
  "Lamp_Key": [
    5.762456893920898,
    -3.764496088027954,
    4.047282695770264
  ],
  "Lamp_Fill": [
    -4.21503210067749,
    -3.605370044708252,
    2.4261245727539062
  ],
  "objects": [
    {
      "pixel_coords": [
        75,
        34,
        11.870416641235352
      ],
      "shape": "SmoothCube_v2",
      "3d_coords": [
        -0.6333457231521606,
        1.8347057104110718,
        2.0
      ],
      "color": [
        1.0,
        1.0,
        0.0,
        1.0
      ],
      "material": "Rubber",
      "size": 2.0,
      "rotation": 0.0
    },
    {
      "pixel_coords": [
        38,
        50,
        10.2460298538208
      ],
      "shape": "Sphere",
      "3d_coords": [
        -0.8972609639167786,
        -1.7113289833068848,
        1.5
      ],
      "color": [
        1.0,
        0.0,
        1.0,
        1.0
      ],
      "material": "Rubber",
      "size": 1.5,
      "rotation": 0.0
    }
  ],
  "Camera": [
    7.326289653778076,
    -6.587410926818848,
    5.76551628112793
  ]
}