{
  "image_filename": "000010621053404343",
  "objects": [
    {
      "shape": "Sphere",
      "size": 1.5,
      "material": "data/materials/PoliigonBricksFlemishRed001.blend",
      "3d_coords": [
        -2.032186985015869,
        2.34308123588562,
        1.5
      ],
      "rotation": 0.0,
      "pixel_coords": [
        67,
        34,
        13.220970153808594
      ]
    },
    {
      "shape": "NewellTeapot",
      "size": 2.0,
      "material": "data/materials/PoliigonMetalSpottyDiscoloration001.blend",
      "3d_coords": [
        1.9863247871398926,
        1.77199387550354,
        2.0
      ],
      "rotation": 0.0,
      "pixel_coords": [
        101,
        42,
        10.108911514282227
      ]
    }
  ],
  "ground_material": "data/materials/PoliigonWoodFlooring061.blend",
  "Lamp_Key": [
    6.26079797744751,
    -3.462224245071411,
    4.568600177764893
  ],
  "Lamp_Back": [
    -1.1946202516555786,
    2.7614004611968994,
    6.475086212158203
  ],
  "Lamp_Fill": [
    -4.020042896270752,
    -3.234914779663086,
    2.341487407684326
  ],
  "Camera": [
    7.094669818878174,
    -6.71973180770874,
    5.692051410675049
  ]
}