{
  "Lamp_Key": [
    6.789079189300537,
    -2.244792938232422,
    4.825294017791748
  ],
  "objects": [
    {
      "3d_coords": [
        -2.7315289974212646,
        2.5262670516967773,
        1.5
      ],
      "color": [
        1.0,
        0.0,
        1.0,
        1.0
      ],
      "material": "Rubber",
      "pixel_coords": [
        66,
        31,
        13.550434112548828
      ],
      "size": 1.5,
      "shape": "SmoothCube_v2",
      "rotation": 0.0
    },
    {
      "3d_coords": [
        0.9831987619400024,
        2.0539040565490723,
        2.0
      ],
      "color": [
        1.0,
        1.0,
        0.0,
        1.0
      ],
      "material": "Rubber",
      "pixel_coords": [
        93,
        37,
        10.559636116027832
      ],
      "size": 2.0,
      "shape": "SmoothCube_v2",
      "rotation": 0.0
    }
  ],
  "Lamp_Back": [
    -0.9192873239517212,
    1.6697670221328735,
    6.02091121673584
  ],
  "Lamp_Fill": [
    -4.057825088500977,
    -3.5055384635925293,
    2.867706060409546
  ],
  "image_filename": "000000614023526600",
  "Camera": [
    7.409669399261475,
    -6.080771446228027,
    5.595513820648193
  ]
}