{
  "objects": [
    {
      "size": 1.0,
      "pixel_coords": [
        76,
        52,
        11.250560760498047
      ],
      "rotation": 0.0,
      "color": [
        0.0,
        0.0,
        1.0,
        1.0
      ],
      "material": "Rubber",
      "3d_coords": [
        0.43374940752983093,
        0.8349255323410034,
        1.0
      ],
      "shape": "SmoothCylinder"
    },
    {
      "size": 1.0,
      "pixel_coords": [
        58,
        42,
        13.155482292175293
      ],
      "rotation": 0.0,
      "color": [
        0.0,
        1.0,
        1.0,
        1.0
      ],
      "material": "Rubber",
      "3d_coords": [
        -2.2120962142944336,
        1.004917860031128,
        1.0
      ],
      "shape": "Suzanne"
    }
  ],
  "Camera": [
    7.96046781539917,
    -6.145025253295898,
    5.792023658752441
  ],
  "Lamp_Fill": [
    -5.511291027069092,
    -4.542372226715088,
    3.2569642066955566
  ],
  "image_filename": "000001379024938408",
  "Lamp_Key": [
    5.619363307952881,
    -3.007413148880005,
    4.611050128936768
  ],
  "Lamp_Back": [
    -0.44280460476875305,
    1.904114007949829,
    6.635368347167969
  ]
}