{
  "image_filename": "00000002",
  "objects": [
    {
      "shape": "square",
      "size": 0.225,
      "rotation": 0.0,
      "2d_coords": [
        0.5575613517426613,
        0.4496532410391027
      ],
      "color": [
        0,
        127,
        255
      ]
    },
    {
      "shape": "square",
      "size": 0.325,
      "rotation": 0.0,
      "2d_coords": [
        0.8613966401638273,
        0.20551315995354077
      ],
      "color": [
        0,
        127,
        255
      ]
    }
  ]
}