{
  "image_filename": "00000041",
  "objects": [
    {
      "shape": "circle",
      "size": 0.325,
      "rotation": 0.0,
      "2d_coords": [
        0.4515219613932817,
        0.14416509986822668
      ],
      "color": [
        0,
        255,
        0
      ]
    },
    {
      "shape": "square",
      "size": 0.425,
      "rotation": 0.0,
      "2d_coords": [
        0.3757503110074676,
        0.6968799710064996
      ],
      "color": [
        0,
        127,
        255
      ]
    }
  ]
}