{
  "image_filename": "00000016",
  "objects": [
    {
      "shape": "star_4",
      "size": 0.225,
      "rotation": 0.0,
      "2d_coords": [
        0.46721788192832964,
        0.2998658356652587
      ],
      "color": [
        0,
        127,
        255
      ]
    },
    {
      "shape": "triangle",
      "size": 0.325,
      "rotation": 0.0,
      "2d_coords": [
        0.564220416379045,
        0.7692531483831913
      ],
      "color": [
        0,
        127,
        255
      ]
    }
  ]
}