{
  "image_filename": "000011530145970439",
  "objects": [
    {
      "shape": "Torus",
      "size": 1.5,
      "material": "data/materials/PoliigonFabricDenim003.blend",
      "3d_coords": [
        0.4682439863681793,
        -2.7360692024230957,
        1.5
      ],
      "rotation": 0.0,
      "pixel_coords": [
        34,
        59,
        8.699853897094727
      ]
    },
    {
      "shape": "Cube",
      "size": 1.5,
      "material": "data/materials/PoliigonFabricDenim003.blend",
      "3d_coords": [
        -1.8820892572402954,
        0.5706969499588013,
        1.5
      ],
      "rotation": 0.0,
      "pixel_coords": [
        56,
        39,
        12.127096176147461
      ]
    }
  ],
  "ground_material": "data/materials/PoliigonFabricDenim003.blend",
  "Lamp_Key": [
    5.957473278045654,
    -3.382307291030884,
    3.454345941543579
  ],
  "Lamp_Back": [
    -0.9785518050193787,
    3.2913334369659424,
    5.903867721557617
  ],
  "Lamp_Fill": [
    -4.38347053527832,
    -4.927273750305176,
    2.151723623275757
  ],
  "Camera": [
    7.7260422706604,
    -6.153199195861816,
    5.355135440826416
  ]
}