{
  "image_filename": "00000013",
  "objects": [
    {
      "shape": "square",
      "size": 0.125,
      "rotation": 0.0,
      "2d_coords": [
        0.3608165126272124,
        0.8852731641190319
      ],
      "color": [
        0,
        127,
        255
      ]
    },
    {
      "shape": "circle",
      "size": 0.425,
      "rotation": 0.0,
      "2d_coords": [
        0.6676198095772968,
        0.11610792221567244
      ],
      "color": [
        0,
        255,
        0
      ]
    }
  ]
}