{
  "Lamp_Back": [
    -0.49358364939689636,
    2.2169137001037598,
    5.788772106170654
  ],
  "Camera": [
    7.217750549316406,
    -6.744879245758057,
    5.014729976654053
  ],
  "objects": [
    {
      "material": "Rubber",
      "size": 1.5,
      "pixel_coords": [
        81,
        37,
        12.578679084777832
      ],
      "shape": "Sphere",
      "3d_coords": [
        -0.7381703853607178,
        2.7891228199005127,
        1.5
      ],
      "color": [
        0.0,
        1.0,
        1.0,
        1.0
      ],
      "rotation": 0.0
    },
    {
      "material": "Rubber",
      "size": 1.0,
      "pixel_coords": [
        82,
        55,
        10.216296195983887
      ],
      "shape": "SmoothCube_v2",
      "3d_coords": [
        1.2542937994003296,
        0.6692472100257874,
        1.0
      ],
      "color": [
        0.0,
        1.0,
        0.0,
        1.0
      ],
      "rotation": 0.0
    }
  ],
  "image_filename": "000013515609982247",
  "Lamp_Fill": [
    -4.610283374786377,
    -3.5172061920166016,
    2.7037129402160645
  ],
  "Lamp_Key": [
    5.842434883117676,
    -3.4387080669403076,
    4.948903560638428
  ]
}