{
  "Lamp_Fill": [
    -5.579216480255127,
    -3.326998233795166,
    3.575673818588257
  ],
  "image_filename": "000007431212594203",
  "objects": [
    {
      "shape": "SmoothCylinder",
      "3d_coords": [
        1.1390085220336914,
        2.677475929260254,
        2.0
      ],
      "rotation": 0.0,
      "material": "Rubber",
      "color": [
        0.0,
        0.0,
        1.0,
        1.0
      ],
      "pixel_coords": [
        97,
        38,
        11.657011032104492
      ],
      "size": 2.0
    },
    {
      "shape": "Sphere",
      "3d_coords": [
        -1.1650258302688599,
        -2.3829615116119385,
        2.0
      ],
      "rotation": 0.0,
      "material": "MyMetal",
      "color": [
        1.0,
        0.0,
        0.0,
        1.0
      ],
      "pixel_coords": [
        29,
        44,
        10.203910827636719
      ],
      "size": 2.0
    }
  ],
  "Lamp_Key": [
    7.368819236755371,
    -3.7242352962493896,
    4.300473690032959
  ],
  "Camera": [
    7.7941670417785645,
    -6.925642490386963,
    5.439542293548584
  ],
  "Lamp_Back": [
    -0.2883246839046478,
    2.6769888401031494,
    5.925512313842773
  ]
}