{
  "image_filename": "000008123486966056",
  "objects": [
    {
      "shape": "Cone",
      "size": 2.0,
      "material": "data/materials/PoliigonMetalSpottyDiscoloration001.blend",
      "3d_coords": [
        0.7672924399375916,
        -1.785842776298523,
        2.0
      ],
      "rotation": 0.0,
      "pixel_coords": [
        50,
        49,
        8.83524227142334
      ]
    },
    {
      "shape": "NewellTeapot",
      "size": 1.0,
      "material": "data/materials/PoliigonChainmailCopperRoundedThin001.blend",
      "3d_coords": [
        -2.427656650543213,
        -2.550666093826294,
        1.0
      ],
      "rotation": 0.0,
      "pixel_coords": [
        19,
        51,
        11.041019439697266
      ]
    }
  ],
  "ground_material": "data/materials/PoliigonFabricDenim003.blend",
  "Lamp_Key": [
    6.518299579620361,
    -1.977952480316162,
    3.2659127712249756
  ],
  "Lamp_Back": [
    -1.2330267429351807,
    3.3516297340393066,
    6.475828170776367
  ],
  "Lamp_Fill": [
    -4.863799571990967,
    -3.872441530227661,
    2.3573954105377197
  ],
  "Camera": [
    7.675222873687744,
    -6.387942790985107,
    5.2944488525390625
  ]
}