{
  "Lamp_Fill": [
    -4.451760292053223,
    -3.568852663040161,
    3.1973159313201904
  ],
  "Lamp_Back": [
    -0.9088265299797058,
    3.2015504837036133,
    5.335927963256836
  ],
  "image_filename": "000007923432958366",
  "Lamp_Key": [
    7.072647571563721,
    -2.935875654220581,
    3.7302188873291016
  ],
  "Camera": [
    7.413074016571045,
    -6.22806453704834,
    5.69448184967041
  ],
  "objects": [
    {
      "rotation": 0.0,
      "material": "Rubber",
      "pixel_coords": [
        103,
        40,
        10.245314598083496
      ],
      "color": [
        0.0,
        1.0,
        0.0,
        1.0
      ],
      "shape": "SmoothCube_v2",
      "size": 2.0,
      "3d_coords": [
        1.8179731369018555,
        2.2120676040649414,
        2.0
      ]
    },
    {
      "rotation": 0.0,
      "material": "MyMetal",
      "pixel_coords": [
        48,
        39,
        11.788077354431152
      ],
      "color": [
        0.0,
        1.0,
        1.0,
        1.0
      ],
      "shape": "SmoothCube_v2",
      "size": 1.5,
      "3d_coords": [
        -2.0269391536712646,
        -0.03915194049477577,
        1.5
      ]
    }
  ]
}