{
  "image_filename": "000001220402470143",
  "objects": [
    {
      "shape": "Torus",
      "size": 2.0,
      "material": "data/materials/PoliigonBricksPaintedWhite001.blend",
      "3d_coords": [
        -2.5131804943084717,
        2.6929092407226562,
        2.0
      ],
      "rotation": 0.0,
      "pixel_coords": [
        68,
        27,
        13.48971176147461
      ]
    },
    {
      "shape": "Torus",
      "size": 1.0,
      "material": "data/materials/PoliigonFabricDenim003.blend",
      "3d_coords": [
        1.9930036067962646,
        -0.9618344902992249,
        1.0
      ],
      "rotation": 0.0,
      "pixel_coords": [
        73,
        67,
        8.969667434692383
      ]
    }
  ],
  "ground_material": "data/materials/PoliigonWoodFlooring061.blend",
  "Lamp_Key": [
    7.1757330894470215,
    -1.9820919036865234,
    4.180679798126221
  ],
  "Lamp_Back": [
    -1.8689161539077759,
    2.6986279487609863,
    5.077610015869141
  ],
  "Lamp_Fill": [
    -4.977427959442139,
    -4.639575958251953,
    3.1804144382476807
  ],
  "Camera": [
    7.438187122344971,
    -6.382180213928223,
    5.667895793914795
  ]
}