{
  "image_filename": "000014756486804716",
  "Lamp_Fill": [
    -4.370821952819824,
    -3.4945144653320312,
    3.395503520965576
  ],
  "Lamp_Back": [
    -1.1133774518966675,
    3.5175321102142334,
    6.143563270568848
  ],
  "Camera": [
    7.3507819175720215,
    -6.921209812164307,
    4.991939544677734
  ],
  "Lamp_Key": [
    7.364356517791748,
    -3.594294309616089,
    5.093062877655029
  ],
  "objects": [
    {
      "size": 2.0,
      "pixel_coords": [
        82,
        51,
        8.343820571899414
      ],
      "material": "Rubber",
      "rotation": 0.0,
      "shape": "SmoothCube_v2",
      "color": [
        1.0,
        0.0,
        0.0,
        1.0
      ],
      "3d_coords": [
        2.387101411819458,
        -0.7727948427200317,
        2.0
      ]
    },
    {
      "size": 1.5,
      "pixel_coords": [
        36,
        47,
        10.443202018737793
      ],
      "material": "MyMetal",
      "rotation": 0.0,
      "shape": "Sphere",
      "color": [
        1.0,
        0.0,
        1.0,
        1.0
      ],
      "3d_coords": [
        -1.3111573457717896,
        -1.644838571548462,
        1.5
      ]
    }
  ]
}