{
  "Lamp_Back": [
    -1.3388233184814453,
    1.8861712217330933,
    5.692968368530273
  ],
  "Lamp_Fill": [
    -5.560151100158691,
    -4.225909233093262,
    2.465116500854492
  ],
  "objects": [
    {
      "3d_coords": [
        -2.017826795578003,
        -1.0057979822158813,
        2.0
      ],
      "shape": "Sphere",
      "pixel_coords": [
        39,
        37,
        11.487884521484375
      ],
      "size": 2.0,
      "color": [
        1.0,
        1.0,
        0.0,
        1.0
      ],
      "rotation": 0.0,
      "material": "MyMetal"
    },
    {
      "3d_coords": [
        2.0984549522399902,
        0.0615888349711895,
        1.0
      ],
      "shape": "Suzanne",
      "pixel_coords": [
        84,
        61,
        9.717657089233398
      ],
      "size": 1.0,
      "color": [
        0.0,
        1.0,
        1.0,
        1.0
      ],
      "rotation": 0.0,
      "material": "MyMetal"
    }
  ],
  "Camera": [
    7.936811923980713,
    -6.734680652618408,
    5.022412300109863
  ],
  "image_filename": "000010605496186643",
  "Lamp_Key": [
    5.6818060874938965,
    -3.5632710456848145,
    4.421896934509277
  ]
}