{
  "image_filename": "00000074",
  "objects": [
    {
      "shape": "circle",
      "size": 0.325,
      "rotation": 0.0,
      "2d_coords": [
        0.8506258356660277,
        0.2501448814553734
      ],
      "color": [
        0,
        255,
        0
      ]
    },
    {
      "shape": "circle",
      "size": 0.325,
      "rotation": 0.0,
      "2d_coords": [
        0.3452222709259895,
        0.2630485152168208
      ],
      "color": [
        0,
        255,
        0
      ]
    }
  ]
}