{
  "objects": [
    {
      "shape": "Suzanne",
      "3d_coords": [
        -0.1363597959280014,
        2.60925555229187,
        1.0
      ],
      "color": [
        0.0,
        1.0,
        1.0,
        1.0
      ],
      "material": "MyMetal",
      "pixel_coords": [
        85,
        44,
        12.360214233398438
      ],
      "rotation": 0.0,
      "size": 1.0
    },
    {
      "shape": "SmoothCube_v2",
      "3d_coords": [
        0.04879232123494148,
        -1.231574535369873,
        1.5
      ],
      "color": [
        1.0,
        0.0,
        1.0,
        1.0
      ],
      "material": "Rubber",
      "pixel_coords": [
        51,
        50,
        9.680116653442383
      ],
      "rotation": 0.0,
      "size": 1.5
    }
  ],
  "Lamp_Fill": [
    -3.9887173175811768,
    -3.8595621585845947,
    2.4777843952178955
  ],
  "Lamp_Back": [
    -1.3594168424606323,
    2.3904871940612793,
    5.502440929412842
  ],
  "Camera": [
    7.264620304107666,
    -6.765388011932373,
    5.056593418121338
  ],
  "image_filename": "000002045670345644",
  "Lamp_Key": [
    5.682413101196289,
    -2.0542919635772705,
    5.097267150878906
  ]
}