{
  "image_filename": "000005415382796141",
  "objects": [
    {
      "shape": "Cube",
      "size": 1.5,
      "material": "data/materials/PoliigonFabricFleece001.blend",
      "3d_coords": [
        -0.7368227243423462,
        2.444201707839966,
        1.5
      ],
      "rotation": 0.0,
      "pixel_coords": [
        79,
        37,
        12.349485397338867
      ]
    },
    {
      "shape": "Cube",
      "size": 2.0,
      "material": "data/materials/PoliigonMetalSpottyDiscoloration001.blend",
      "3d_coords": [
        0.24965490400791168,
        -1.830925703048706,
        2.0
      ],
      "rotation": 0.0,
      "pixel_coords": [
        46,
        49,
        8.982181549072266
      ]
    }
  ],
  "ground_material": "data/materials/PoliigonBricksPaintedWhite001.blend",
  "Lamp_Key": [
    7.156309127807617,
    -3.3380658626556396,
    4.087903022766113
  ],
  "Lamp_Back": [
    -1.3104987144470215,
    3.5401477813720703,
    5.508554458618164
  ],
  "Lamp_Fill": [
    -5.477323532104492,
    -3.7623162269592285,
    3.1776278018951416
  ],
  "Camera": [
    7.076079368591309,
    -6.539877891540527,
    5.77508544921875
  ]
}