{
  "Lamp_Back": [
    -1.0285707712173462,
    2.4600400924682617,
    6.1170454025268555
  ],
  "image_filename": "000009693044611506",
  "Lamp_Key": [
    5.644718170166016,
    -3.6396028995513916,
    3.601769208908081
  ],
  "Camera": [
    7.00366735458374,
    -6.561492443084717,
    5.200592994689941
  ],
  "objects": [
    {
      "rotation": 0.0,
      "size": 2.0,
      "3d_coords": [
        -2.629549264907837,
        2.183145046234131,
        2.0
      ],
      "color": [
        0.0,
        0.0,
        1.0,
        1.0
      ],
      "pixel_coords": [
        62,
        27,
        12.962225914001465
      ],
      "shape": "Sphere",
      "material": "MyMetal"
    },
    {
      "rotation": 0.0,
      "size": 2.0,
      "3d_coords": [
        0.7555546164512634,
        -0.25613194704055786,
        2.0
      ],
      "color": [
        1.0,
        0.0,
        1.0,
        1.0
      ],
      "pixel_coords": [
        69,
        43,
        9.324004173278809
      ],
      "shape": "Suzanne",
      "material": "Rubber"
    }
  ],
  "Lamp_Fill": [
    -4.0428147315979,
    -4.241085529327393,
    2.8514630794525146
  ]
}