{
  "image_filename": "000006894938582875",
  "objects": [
    {
      "shape": "NewellTeapot",
      "size": 1.5,
      "material": "data/materials/PoliigonFabricFleece001.blend",
      "3d_coords": [
        -0.790503740310669,
        1.6502548456192017,
        1.5
      ],
      "rotation": 0.0,
      "pixel_coords": [
        73,
        39,
        12.098921775817871
      ]
    },
    {
      "shape": "Icosahedron",
      "size": 1.5,
      "material": "data/materials/PoliigonRoofTilesTerracotta004.blend",
      "3d_coords": [
        -2.431837558746338,
        -1.1449283361434937,
        1.5
      ],
      "rotation": 0.0,
      "pixel_coords": [
        34,
        42,
        11.604464530944824
      ]
    }
  ],
  "ground_material": "data/materials/PoliigonBricksFlemishRed001.blend",
  "Lamp_Key": [
    5.447256088256836,
    -2.816223621368408,
    3.311183452606201
  ],
  "Lamp_Back": [
    -1.5624736547470093,
    2.8605527877807617,
    5.098930358886719
  ],
  "Lamp_Fill": [
    -4.326909065246582,
    -3.9949190616607666,
    3.2833800315856934
  ],
  "Camera": [
    7.547906398773193,
    -6.443685054779053,
    5.5511555671691895
  ]
}