{
  "Lamp_Key": [
    7.140746116638184,
    -2.277137517929077,
    4.659543037414551
  ],
  "Lamp_Fill": [
    -3.726130485534668,
    -3.1145613193511963,
    2.1609575748443604
  ],
  "Camera": [
    6.98149299621582,
    -6.759270668029785,
    5.417502403259277
  ],
  "image_filename": "000009289402257202",
  "objects": [
    {
      "size": 2.0,
      "pixel_coords": [
        112,
        45,
        9.22754192352295
      ],
      "rotation": 0.0,
      "3d_coords": [
        2.9461934566497803,
        1.5219377279281616,
        2.0
      ],
      "color": [
        1.0,
        0.0,
        0.0,
        1.0
      ],
      "material": "MyMetal",
      "shape": "Suzanne"
    },
    {
      "size": 1.5,
      "pixel_coords": [
        40,
        50,
        9.814958572387695
      ],
      "rotation": 0.0,
      "3d_coords": [
        -0.7104909420013428,
        -1.688841462135315,
        1.5
      ],
      "color": [
        0.0,
        1.0,
        0.0,
        1.0
      ],
      "material": "Rubber",
      "shape": "Sphere"
    }
  ],
  "Lamp_Back": [
    -1.0882799625396729,
    3.5862693786621094,
    6.16762113571167
  ]
}