{
  "image_filename": "00000074",
  "objects": [
    {
      "shape": "star_4",
      "size": 0.225,
      "rotation": 0.0,
      "2d_coords": [
        0.25998270372785565,
        0.6352710557593718
      ],
      "color": [
        0,
        255,
        0
      ]
    },
    {
      "shape": "square",
      "size": 0.125,
      "rotation": 0.0,
      "2d_coords": [
        0.7285010596234012,
        0.5936697922684484
      ],
      "color": [
        255,
        127,
        0
      ]
    }
  ]
}