{
  "Lamp_Key": [
    7.369307994842529,
    -2.852336883544922,
    3.7537076473236084
  ],
  "image_filename": "000001925254121033",
  "Lamp_Fill": [
    -3.9876585006713867,
    -4.863672733306885,
    2.788647413253784
  ],
  "objects": [
    {
      "pixel_coords": [
        40,
        41,
        11.138961791992188
      ],
      "color": [
        1.0,
        0.0,
        1.0,
        1.0
      ],
      "material": "MyMetal",
      "rotation": 0.0,
      "3d_coords": [
        -2.0961639881134033,
        -0.7293844819068909,
        1.5
      ],
      "shape": "Sphere",
      "size": 1.5
    },
    {
      "pixel_coords": [
        60,
        64,
        6.563553333282471
      ],
      "color": [
        0.0,
        1.0,
        0.0,
        1.0
      ],
      "material": "Rubber",
      "rotation": 0.0,
      "3d_coords": [
        2.7391910552978516,
        -2.6480865478515625,
        2.0
      ],
      "shape": "Suzanne",
      "size": 2.0
    }
  ],
  "Camera": [
    7.238192558288574,
    -6.352920055389404,
    5.024434566497803
  ],
  "Lamp_Back": [
    -0.3516046702861786,
    2.9193081855773926,
    6.145362377166748
  ]
}