{
  "Lamp_Back": [
    -0.45033901929855347,
    3.04044508934021,
    6.499587059020996
  ],
  "Lamp_Key": [
    6.6820878982543945,
    -3.549013137817383,
    4.750110626220703
  ],
  "Camera": [
    7.050592422485352,
    -6.027256488800049,
    5.616144180297852
  ],
  "Lamp_Fill": [
    -4.007303237915039,
    -4.7310075759887695,
    2.4071004390716553
  ],
  "objects": [
    {
      "3d_coords": [
        -0.09021811932325363,
        -1.2775895595550537,
        1.5
      ],
      "rotation": 0.0,
      "size": 1.5,
      "material": "MyMetal",
      "pixel_coords": [
        49,
        51,
        9.41504192352295
      ],
      "shape": "Suzanne",
      "color": [
        0.0,
        1.0,
        0.0,
        1.0
      ]
    },
    {
      "3d_coords": [
        2.8823869228363037,
        -0.42324739694595337,
        1.0
      ],
      "rotation": 0.0,
      "size": 1.0,
      "material": "Rubber",
      "pixel_coords": [
        90,
        71,
        8.216046333312988
      ],
      "shape": "Suzanne",
      "color": [
        0.0,
        1.0,
        0.0,
        1.0
      ]
    }
  ],
  "image_filename": "000011999911005835"
}