{
  "objects": [
    {
      "pixel_coords": [
        76,
        43,
        11.998575210571289
      ],
      "size": 1.5,
      "material": "Rubber",
      "shape": "SmoothCube_v2",
      "color": [
        1.0,
        0.0,
        1.0,
        1.0
      ],
      "3d_coords": [
        -0.17417076230049133,
        1.4957159757614136,
        1.5
      ],
      "rotation": 0.0
    },
    {
      "pixel_coords": [
        27,
        44,
        11.590338706970215
      ],
      "size": 1.5,
      "material": "MyMetal",
      "shape": "SmoothCube_v2",
      "color": [
        0.0,
        1.0,
        0.0,
        1.0
      ],
      "3d_coords": [
        -2.499230146408081,
        -1.937744379043579,
        1.5
      ],
      "rotation": 0.0
    }
  ],
  "Camera": [
    7.90941858291626,
    -6.748237133026123,
    5.384852409362793
  ],
  "Lamp_Back": [
    -0.8654748797416687,
    3.1773831844329834,
    6.488772869110107
  ],
  "image_filename": "000007223426781898",
  "Lamp_Key": [
    5.818192481994629,
    -2.2361226081848145,
    4.996237754821777
  ],
  "Lamp_Fill": [
    -4.9185991287231445,
    -4.462420463562012,
    2.7806642055511475
  ]
}