{
  "image_filename": "00000093",
  "objects": [
    {
      "shape": "star_4",
      "size": 0.125,
      "rotation": 0.0,
      "2d_coords": [
        0.651396406588494,
        0.30804501473635487
      ],
      "color": [
        255,
        127,
        0
      ]
    },
    {
      "shape": "circle",
      "size": 0.325,
      "rotation": 0.0,
      "2d_coords": [
        0.14440222580888226,
        0.4254245639068529
      ],
      "color": [
        0,
        127,
        255
      ]
    }
  ]
}