{
  "Lamp_Back": [
    -1.7301528453826904,
    3.2128841876983643,
    6.788087368011475
  ],
  "Lamp_Fill": [
    -4.74345588684082,
    -3.307345151901245,
    3.2174875736236572
  ],
  "image_filename": "000007649934606178",
  "Camera": [
    7.683194637298584,
    -6.267783164978027,
    5.574768543243408
  ],
  "Lamp_Key": [
    5.800611972808838,
    -3.8673512935638428,
    4.816030025482178
  ],
  "objects": [
    {
      "pixel_coords": [
        42,
        45,
        12.266173362731934
      ],
      "shape": "Suzanne",
      "size": 1.0,
      "color": [
        1.0,
        0.0,
        0.0,
        1.0
      ],
      "material": "Rubber",
      "3d_coords": [
        -2.4381110668182373,
        -0.4822191298007965,
        1.0
      ],
      "rotation": 0.0
    },
    {
      "pixel_coords": [
        99,
        50,
        10.077954292297363
      ],
      "shape": "SmoothCylinder",
      "size": 1.5,
      "color": [
        1.0,
        0.0,
        1.0,
        1.0
      ],
      "material": "MyMetal",
      "3d_coords": [
        2.1002578735351562,
        1.554414987564087,
        1.5
      ],
      "rotation": 0.0
    }
  ]
}