{
  "Camera": [
    7.798188209533691,
    -6.325427055358887,
    5.444207191467285
  ],
  "image_filename": "000013702888246638",
  "Lamp_Back": [
    -0.5223656892776489,
    1.9302839040756226,
    6.683217525482178
  ],
  "Lamp_Key": [
    6.186375617980957,
    -1.9847301244735718,
    3.6608352661132812
  ],
  "objects": [
    {
      "size": 2.0,
      "3d_coords": [
        -1.3766140937805176,
        -2.172720193862915,
        2.0
      ],
      "shape": "SmoothCylinder",
      "color": [
        0.0,
        0.0,
        1.0,
        1.0
      ],
      "material": "MyMetal",
      "rotation": 0.0,
      "pixel_coords": [
        29,
        42,
        10.205344200134277
      ]
    },
    {
      "size": 1.5,
      "3d_coords": [
        0.24421271681785583,
        2.654057025909424,
        1.5
      ],
      "shape": "SmoothCube_v2",
      "color": [
        1.0,
        0.0,
        0.0,
        1.0
      ],
      "material": "Rubber",
      "rotation": 0.0,
      "pixel_coords": [
        90,
        40,
        12.01010799407959
      ]
    }
  ],
  "Lamp_Fill": [
    -4.563121318817139,
    -4.712087631225586,
    3.7408764362335205
  ]
}