{
  "image_filename": "000009634493731349",
  "objects": [
    {
      "shape": "NewellTeapot",
      "size": 1.0,
      "material": "data/materials/PoliigonRoofTilesTerracotta004.blend",
      "3d_coords": [
        1.9031932353973389,
        2.675051212310791,
        1.0
      ],
      "rotation": 0.0,
      "pixel_coords": [
        107,
        51,
        10.563756942749023
      ]
    },
    {
      "shape": "Cube",
      "size": 1.0,
      "material": "data/materials/PoliigonFabricDenim003.blend",
      "3d_coords": [
        -2.15443754196167,
        1.1970208883285522,
        1.0
      ],
      "rotation": 0.0,
      "pixel_coords": [
        58,
        41,
        12.402140617370605
      ]
    }
  ],
  "ground_material": "data/materials/PoliigonWoodFlooring061.blend",
  "Lamp_Key": [
    7.332890510559082,
    -3.053131341934204,
    4.7183451652526855
  ],
  "Lamp_Back": [
    -1.4663777351379395,
    2.7839252948760986,
    6.219450950622559
  ],
  "Lamp_Fill": [
    -5.155340194702148,
    -3.739227533340454,
    2.353681802749634
  ],
  "Camera": [
    7.121283054351807,
    -6.1233086585998535,
    5.321803569793701
  ]
}