{
  "Camera": [
    7.1551337242126465,
    -6.148533821105957,
    5.602375507354736
  ],
  "objects": [
    {
      "3d_coords": [
        -2.4948301315307617,
        1.1591111421585083,
        1.5
      ],
      "rotation": 0.0,
      "shape": "SmoothCube_v2",
      "pixel_coords": [
        56,
        34,
        12.482669830322266
      ],
      "size": 1.5,
      "color": [
        1.0,
        0.0,
        1.0,
        1.0
      ],
      "material": "Rubber"
    },
    {
      "3d_coords": [
        2.0349204540252686,
        1.4179551601409912,
        1.5
      ],
      "rotation": 0.0,
      "shape": "Sphere",
      "pixel_coords": [
        99,
        50,
        9.673776626586914
      ],
      "size": 1.5,
      "color": [
        1.0,
        0.0,
        1.0,
        1.0
      ],
      "material": "Rubber"
    }
  ],
  "image_filename": "000016978034806959",
  "Lamp_Back": [
    -0.3541454076766968,
    2.9866743087768555,
    6.227622985839844
  ],
  "Lamp_Key": [
    6.994278430938721,
    -2.618760585784912,
    3.8161215782165527
  ],
  "Lamp_Fill": [
    -4.158178806304932,
    -3.8994381427764893,
    2.353623390197754
  ]
}