{
  "image_filename": "00000037",
  "objects": [
    {
      "shape": "triangle",
      "size": 0.425,
      "rotation": 0.0,
      "2d_coords": [
        0.5904509835414482,
        0.3365102816891628
      ],
      "color": [
        255,
        0,
        255
      ]
    },
    {
      "shape": "triangle",
      "size": 0.125,
      "rotation": 0.0,
      "2d_coords": [
        0.28521496274517,
        0.2156203926620493
      ],
      "color": [
        0,
        255,
        0
      ]
    }
  ]
}