{
  "Lamp_Key": [
    6.24556303024292,
    -2.8665378093719482,
    4.793439865112305
  ],
  "objects": [
    {
      "shape": "Suzanne",
      "size": 1.0,
      "material": "MyMetal",
      "color": [
        0.0,
        1.0,
        1.0,
        1.0
      ],
      "pixel_coords": [
        25,
        54,
        10.404528617858887
      ],
      "3d_coords": [
        -1.600055456161499,
        -2.4256036281585693,
        1.0
      ],
      "rotation": 0.0
    },
    {
      "shape": "Sphere",
      "size": 2.0,
      "material": "MyMetal",
      "color": [
        1.0,
        1.0,
        0.0,
        1.0
      ],
      "pixel_coords": [
        105,
        38,
        10.539274215698242
      ],
      "3d_coords": [
        1.7007880210876465,
        2.6066315174102783,
        2.0
      ],
      "rotation": 0.0
    }
  ],
  "Lamp_Fill": [
    -4.242199420928955,
    -3.0687713623046875,
    3.3794472217559814
  ],
  "image_filename": "000011506418437258",
  "Lamp_Back": [
    -1.627648949623108,
    2.1964271068573,
    5.2285542488098145
  ],
  "Camera": [
    7.7089667320251465,
    -6.3299970626831055,
    4.909870147705078
  ]
}