{
  "image_filename": "00000018",
  "objects": [
    {
      "shape": "triangle",
      "size": 0.225,
      "rotation": 0.0,
      "2d_coords": [
        0.2644070883641161,
        0.5091711628389688
      ],
      "color": [
        255,
        0,
        255
      ]
    },
    {
      "shape": "triangle",
      "size": 0.225,
      "rotation": 0.0,
      "2d_coords": [
        0.5595308815192164,
        0.7127811954067191
      ],
      "color": [
        255,
        0,
        255
      ]
    }
  ]
}