{
  "image_filename": "00000009",
  "objects": [
    {
      "shape": "star_4",
      "size": 0.425,
      "rotation": 0.0,
      "2d_coords": [
        0.30347956062167186,
        0.5303584675281393
      ],
      "color": [
        255,
        0,
        255
      ]
    },
    {
      "shape": "star_4",
      "size": 0.225,
      "rotation": 0.0,
      "2d_coords": [
        0.45729946093399854,
        0.17164665307086507
      ],
      "color": [
        0,
        127,
        255
      ]
    }
  ]
}