{
  "Lamp_Fill": [
    -3.994474411010742,
    -3.7606990337371826,
    2.28337025642395
  ],
  "objects": [
    {
      "rotation": 0.0,
      "shape": "SmoothCube_v2",
      "material": "MyMetal",
      "pixel_coords": [
        35,
        53,
        10.011975288391113
      ],
      "size": 1.5,
      "3d_coords": [
        -0.44477522373199463,
        -2.3056421279907227,
        1.5
      ],
      "color": [
        0.0,
        1.0,
        1.0,
        1.0
      ]
    },
    {
      "rotation": 0.0,
      "shape": "SmoothCube_v2",
      "material": "Rubber",
      "pixel_coords": [
        103,
        52,
        11.384246826171875
      ],
      "size": 1.0,
      "3d_coords": [
        1.971235990524292,
        2.520134687423706,
        1.0
      ],
      "color": [
        0.0,
        1.0,
        0.0,
        1.0
      ]
    }
  ],
  "Lamp_Key": [
    5.669884204864502,
    -2.304028272628784,
    4.482669353485107
  ],
  "image_filename": "000003768708837086",
  "Camera": [
    7.924498558044434,
    -6.74163818359375,
    5.415554523468018
  ],
  "Lamp_Back": [
    -2.1584091186523438,
    2.41233491897583,
    6.3469648361206055
  ]
}