{
  "objects": [
    {
      "shape": "Suzanne",
      "3d_coords": [
        2.6193151473999023,
        2.6578867435455322,
        1.0
      ],
      "color": [
        1.0,
        0.0,
        0.0,
        1.0
      ],
      "rotation": 0.0,
      "pixel_coords": [
        116,
        53,
        9.95148754119873
      ],
      "material": "MyMetal",
      "size": 1.0
    },
    {
      "shape": "SmoothCylinder",
      "3d_coords": [
        -1.4517546892166138,
        2.2154979705810547,
        2.0
      ],
      "color": [
        0.0,
        1.0,
        1.0,
        1.0
      ],
      "rotation": 0.0,
      "pixel_coords": [
        73,
        29,
        11.945802688598633
      ],
      "material": "MyMetal",
      "size": 2.0
    }
  ],
  "Lamp_Fill": [
    -5.103280544281006,
    -3.8106606006622314,
    2.141474485397339
  ],
  "image_filename": "000008933558449304",
  "Lamp_Key": [
    6.768277168273926,
    -3.8582780361175537,
    3.9729650020599365
  ],
  "Lamp_Back": [
    -0.5586187839508057,
    1.7201930284500122,
    5.4178643226623535
  ],
  "Camera": [
    7.12090539932251,
    -6.108352184295654,
    5.044184684753418
  ]
}