{
  "objects": [
    {
      "shape": "Suzanne",
      "3d_coords": [
        2.6193151473999023,
        2.6578867435455322,
        2.0
      ],
      "color": [
        1.0,
        0.0,
        1.0,
        1.0
      ],
      "rotation": 0.0,
      "pixel_coords": [
        119,
        40,
        9.47793960571289
      ],
      "material": "MyMetal",
      "size": 2.0
    },
    {
      "shape": "SmoothCylinder",
      "3d_coords": [
        -1.4517546892166138,
        2.2154979705810547,
        1.5
      ],
      "color": [
        1.0,
        0.0,
        1.0,
        1.0
      ],
      "rotation": 0.0,
      "pixel_coords": [
        72,
        35,
        12.182576179504395
      ],
      "material": "MyMetal",
      "size": 1.5
    }
  ],
  "Lamp_Fill": [
    -5.103280544281006,
    -3.8106606006622314,
    2.141474485397339
  ],
  "image_filename": "000008933558449304",
  "Lamp_Key": [
    6.768277168273926,
    -3.8582780361175537,
    3.9729650020599365
  ],
  "Lamp_Back": [
    -0.5586187839508057,
    1.7201930284500122,
    5.4178643226623535
  ],
  "Camera": [
    7.12090539932251,
    -6.108352184295654,
    5.044184684753418
  ]
}