{
  "image_filename": "000006603327240494",
  "objects": [
    {
      "pixel_coords": [
        76,
        32,
        12.331561088562012
      ],
      "color": [
        1.0,
        1.0,
        0.0,
        1.0
      ],
      "rotation": 0.0,
      "3d_coords": [
        -0.9983148574829102,
        2.2289884090423584,
        2.0
      ],
      "material": "Rubber",
      "shape": "Sphere",
      "size": 2.0
    },
    {
      "pixel_coords": [
        59,
        58,
        9.188996315002441
      ],
      "color": [
        0.0,
        1.0,
        0.0,
        1.0
      ],
      "rotation": 0.0,
      "3d_coords": [
        1.1528058052062988,
        -1.3717741966247559,
        1.5
      ],
      "material": "MyMetal",
      "shape": "Sphere",
      "size": 1.5
    }
  ],
  "Lamp_Key": [
    6.08939790725708,
    -2.476396083831787,
    4.143551826477051
  ],
  "Lamp_Back": [
    -0.17345324158668518,
    3.5489039421081543,
    5.887824535369873
  ],
  "Camera": [
    7.629411220550537,
    -6.262436866760254,
    5.840057373046875
  ],
  "Lamp_Fill": [
    -5.325556755065918,
    -3.489697217941284,
    3.4379658699035645
  ]
}