{
  "image_filename": "00000047",
  "objects": [
    {
      "shape": "circle",
      "size": 0.425,
      "rotation": 0.0,
      "2d_coords": [
        0.6750785853068513,
        0.18431455775838435
      ],
      "color": [
        0,
        127,
        255
      ]
    },
    {
      "shape": "circle",
      "size": 0.125,
      "rotation": 0.0,
      "2d_coords": [
        0.17352621547172464,
        0.2845658002033579
      ],
      "color": [
        255,
        0,
        255
      ]
    }
  ]
}