{
  "Camera": [
    7.109107971191406,
    -6.333762168884277,
    5.697957515716553
  ],
  "image_filename": "000015184857551183",
  "Lamp_Key": [
    7.402167320251465,
    -3.8955447673797607,
    3.443650245666504
  ],
  "objects": [
    {
      "rotation": 0.0,
      "color": [
        0.0,
        0.0,
        1.0,
        1.0
      ],
      "material": "MyMetal",
      "pixel_coords": [
        63,
        49,
        9.88621711730957
      ],
      "3d_coords": [
        0.3318624496459961,
        -0.39761051535606384,
        1.5
      ],
      "shape": "Sphere",
      "size": 1.5
    },
    {
      "rotation": 0.0,
      "color": [
        1.0,
        0.0,
        0.0,
        1.0
      ],
      "material": "MyMetal",
      "pixel_coords": [
        99,
        41,
        11.3150053024292
      ],
      "3d_coords": [
        1.0315096378326416,
        2.8907663822174072,
        1.5
      ],
      "shape": "Sphere",
      "size": 1.5
    }
  ],
  "Lamp_Back": [
    -0.6239069104194641,
    1.9600119590759277,
    5.8609395027160645
  ],
  "Lamp_Fill": [
    -5.297544956207275,
    -3.3705856800079346,
    3.8227596282958984
  ]
}