{
  "objects": [
    {
      "size": 1.5,
      "shape": "SmoothCylinder",
      "3d_coords": [
        -2.2613706588745117,
        -2.9171648025512695,
        1.5
      ],
      "material": "MyMetal",
      "pixel_coords": [
        15,
        48,
        10.492023468017578
      ],
      "rotation": 0.0,
      "color": [
        1.0,
        1.0,
        0.0,
        1.0
      ]
    },
    {
      "size": 1.0,
      "shape": "SmoothCylinder",
      "3d_coords": [
        -2.5141561031341553,
        0.3461020886898041,
        1.0
      ],
      "material": "Rubber",
      "pixel_coords": [
        49,
        43,
        12.770923614501953
      ],
      "rotation": 0.0,
      "color": [
        0.0,
        1.0,
        0.0,
        1.0
      ]
    }
  ],
  "Lamp_Fill": [
    -4.725925922393799,
    -3.4921457767486572,
    3.3926608562469482
  ],
  "Camera": [
    7.403884410858154,
    -6.536982536315918,
    5.802192687988281
  ],
  "Lamp_Back": [
    -1.7886978387832642,
    1.8317272663116455,
    6.413364887237549
  ],
  "image_filename": "000014047629794168",
  "Lamp_Key": [
    5.874059677124023,
    -3.356621503829956,
    4.261151313781738
  ]
}