{
  "Lamp_Back": [
    -1.3865556716918945,
    2.420907735824585,
    5.587259292602539
  ],
  "Lamp_Key": [
    7.167227268218994,
    -2.8545877933502197,
    3.6390442848205566
  ],
  "Camera": [
    7.299215793609619,
    -6.453894138336182,
    5.679608345031738
  ],
  "Lamp_Fill": [
    -4.683590888977051,
    -3.8007278442382812,
    3.8282392024993896
  ],
  "objects": [
    {
      "color": [
        1.0,
        1.0,
        0.0,
        1.0
      ],
      "material": "MyMetal",
      "size": 2.0,
      "3d_coords": [
        -2.0636768341064453,
        -2.458754062652588,
        2.0
      ],
      "rotation": 0.0,
      "shape": "SmoothCube_v2",
      "pixel_coords": [
        20,
        41,
        10.199196815490723
      ]
    },
    {
      "color": [
        1.0,
        0.0,
        1.0,
        1.0
      ],
      "material": "MyMetal",
      "size": 1.5,
      "3d_coords": [
        1.748511552810669,
        1.155348777770996,
        1.5
      ],
      "rotation": 0.0,
      "shape": "Sphere",
      "pixel_coords": [
        92,
        50,
        10.051904678344727
      ]
    }
  ],
  "image_filename": "000013880884878469"
}