{
  "image_filename": "000000354010186307",
  "objects": [
    {
      "shape": "Torus",
      "size": 1.5,
      "material": "data/materials/PoliigonWoodFlooring061.blend",
      "3d_coords": [
        -1.3432601690292358,
        -2.7828269004821777,
        1.5
      ],
      "rotation": 0.0,
      "pixel_coords": [
        22,
        52,
        10.034096717834473
      ]
    },
    {
      "shape": "Cube",
      "size": 1.5,
      "material": "data/materials/PoliigonBricksPaintedWhite001.blend",
      "3d_coords": [
        -0.24743323028087616,
        0.551569402217865,
        1.5
      ],
      "rotation": 0.0,
      "pixel_coords": [
        67,
        44,
        11.20547866821289
      ]
    }
  ],
  "ground_material": "data/materials/PoliigonChainmailCopperRoundedThin001.blend",
  "Lamp_Key": [
    7.418597221374512,
    -3.7175967693328857,
    5.216390132904053
  ],
  "Lamp_Back": [
    -1.725435495376587,
    2.689849615097046,
    5.449607849121094
  ],
  "Lamp_Fill": [
    -4.7147064208984375,
    -3.8028883934020996,
    3.341965675354004
  ],
  "Camera": [
    7.486593246459961,
    -6.497274398803711,
    5.812218189239502
  ]
}