{
  "image_filename": "000003982421973360",
  "objects": [
    {
      "shape": "Sphere",
      "size": 2.0,
      "material": "data/materials/PoliigonRoofTilesTerracotta004.blend",
      "3d_coords": [
        2.7567005157470703,
        -0.5150085687637329,
        2.0
      ],
      "rotation": 0.0,
      "pixel_coords": [
        87,
        56,
        8.159236907958984
      ]
    },
    {
      "shape": "Cube",
      "size": 2.0,
      "material": "data/materials/PoliigonWoodFlooring061.blend",
      "3d_coords": [
        -1.5376617908477783,
        -2.512350559234619,
        2.0
      ],
      "rotation": 0.0,
      "pixel_coords": [
        23,
        42,
        9.958130836486816
      ]
    }
  ],
  "ground_material": "data/materials/PoliigonFabricDenim003.blend",
  "Lamp_Key": [
    6.576809406280518,
    -2.937692642211914,
    4.831413745880127
  ],
  "Lamp_Back": [
    -1.3767138719558716,
    1.6930795907974243,
    5.854104042053223
  ],
  "Lamp_Fill": [
    -5.141699314117432,
    -3.8189425468444824,
    2.6524908542633057
  ],
  "Camera": [
    7.581254959106445,
    -6.122383117675781,
    5.721835613250732
  ]
}