{
  "Lamp_Key": [
    5.611756324768066,
    -3.5097413063049316,
    4.161056041717529
  ],
  "objects": [
    {
      "pixel_coords": [
        65,
        40,
        13.608052253723145
      ],
      "shape": "Suzanne",
      "material": "Rubber",
      "color": [
        1.0,
        0.0,
        0.0,
        1.0
      ],
      "3d_coords": [
        -2.2031586170196533,
        2.233175277709961,
        1.0
      ],
      "size": 1.0,
      "rotation": 0.0
    },
    {
      "pixel_coords": [
        109,
        45,
        10.987791061401367
      ],
      "shape": "SmoothCylinder",
      "material": "MyMetal",
      "color": [
        0.0,
        0.0,
        1.0,
        1.0
      ],
      "3d_coords": [
        2.1530885696411133,
        2.823977470397949,
        1.5
      ],
      "size": 1.5,
      "rotation": 0.0
    }
  ],
  "image_filename": "000001635938065333",
  "Lamp_Fill": [
    -5.397887229919434,
    -4.520395278930664,
    2.474444627761841
  ],
  "Lamp_Back": [
    -0.9033432602882385,
    2.304083824157715,
    5.9138712882995605
  ],
  "Camera": [
    7.137663841247559,
    -6.965528964996338,
    5.347565650939941
  ]
}