{
  "image_filename": "000003348147464358",
  "objects": [
    {
      "shape": "Icosahedron",
      "size": 1.0,
      "material": "data/materials/PoliigonChainmailCopperRoundedThin001.blend",
      "3d_coords": [
        -2.495678424835205,
        -0.862617015838623,
        1.0
      ],
      "rotation": 0.0,
      "pixel_coords": [
        37,
        46,
        11.620635986328125
      ]
    },
    {
      "shape": "Icosahedron",
      "size": 1.5,
      "material": "data/materials/PoliigonWoodFlooring061.blend",
      "3d_coords": [
        -2.343369245529175,
        2.2042531967163086,
        1.5
      ],
      "rotation": 0.0,
      "pixel_coords": [
        66,
        33,
        13.029056549072266
      ]
    }
  ],
  "ground_material": "data/materials/PoliigonBricksPaintedWhite001.blend",
  "Lamp_Key": [
    6.411391258239746,
    -2.8073770999908447,
    5.108398914337158
  ],
  "Lamp_Back": [
    -1.4274706840515137,
    2.786092758178711,
    5.0374579429626465
  ],
  "Lamp_Fill": [
    -4.66948938369751,
    -3.565521717071533,
    3.206810712814331
  ],
  "Camera": [
    7.309403896331787,
    -6.2244038581848145,
    5.198719501495361
  ]
}