{
  "Lamp_Back": [
    -1.5610517263412476,
    2.039361000061035,
    6.1695356369018555
  ],
  "Lamp_Key": [
    5.599524974822998,
    -2.9459688663482666,
    3.61377215385437
  ],
  "Lamp_Fill": [
    -4.171725273132324,
    -3.434319019317627,
    2.111703872680664
  ],
  "image_filename": "000003243415352444",
  "objects": [
    {
      "size": 1.0,
      "pixel_coords": [
        48,
        54,
        10.71322250366211
      ],
      "shape": "SmoothCube_v2",
      "material": "Rubber",
      "3d_coords": [
        -0.6374019980430603,
        -1.0822287797927856,
        1.0
      ],
      "color": [
        1.0,
        0.0,
        0.0,
        1.0
      ],
      "rotation": 0.0
    },
    {
      "size": 1.5,
      "pixel_coords": [
        104,
        53,
        9.60788345336914
      ],
      "shape": "SmoothCube_v2",
      "material": "Rubber",
      "3d_coords": [
        2.5840749740600586,
        1.4270058870315552,
        1.5
      ],
      "color": [
        1.0,
        0.0,
        0.0,
        1.0
      ],
      "rotation": 0.0
    }
  ],
  "Camera": [
    7.752136707305908,
    -6.076372146606445,
    5.649013519287109
  ]
}