{
  "image_filename": "00000085",
  "objects": [
    {
      "shape": "star_4",
      "size": 0.225,
      "rotation": 0.0,
      "2d_coords": [
        0.2040019809766582,
        0.36524442331231066
      ],
      "color": [
        0,
        127,
        255
      ]
    },
    {
      "shape": "triangle",
      "size": 0.325,
      "rotation": 0.0,
      "2d_coords": [
        0.5192036945568379,
        0.6511607575090277
      ],
      "color": [
        0,
        127,
        255
      ]
    }
  ]
}