{
  "Lamp_Fill": [
    -4.792080879211426,
    -3.134666919708252,
    3.6994783878326416
  ],
  "image_filename": "000001995840537130",
  "Lamp_Back": [
    -1.176479458808899,
    3.2151403427124023,
    6.516820430755615
  ],
  "Lamp_Key": [
    7.1701884269714355,
    -3.7338359355926514,
    4.926275730133057
  ],
  "objects": [
    {
      "shape": "SmoothCylinder",
      "size": 1.0,
      "3d_coords": [
        -0.41704583168029785,
        -2.6870803833007812,
        1.0
      ],
      "pixel_coords": [
        31,
        60,
        9.763206481933594
      ],
      "material": "MyMetal",
      "rotation": 0.0,
      "color": [
        0.0,
        1.0,
        1.0,
        1.0
      ]
    },
    {
      "shape": "SmoothCylinder",
      "size": 1.5,
      "3d_coords": [
        0.7179942727088928,
        2.518324613571167,
        1.5
      ],
      "pixel_coords": [
        92,
        42,
        11.778609275817871
      ],
      "material": "MyMetal",
      "rotation": 0.0,
      "color": [
        0.0,
        0.0,
        1.0,
        1.0
      ]
    }
  ],
  "Camera": [
    7.827574729919434,
    -6.645665168762207,
    5.137319087982178
  ]
}