{
  "Lamp_Fill": [
    -4.536153316497803,
    -4.319469928741455,
    3.071870803833008
  ],
  "objects": [
    {
      "color": [
        1.0,
        0.0,
        1.0,
        1.0
      ],
      "shape": "Sphere",
      "rotation": 0.0,
      "size": 2.0,
      "pixel_coords": [
        70,
        30,
        13.334946632385254
      ],
      "material": "MyMetal",
      "3d_coords": [
        -2.0382113456726074,
        2.5346806049346924,
        2.0
      ]
    },
    {
      "color": [
        0.0,
        1.0,
        0.0,
        1.0
      ],
      "shape": "SmoothCylinder",
      "rotation": 0.0,
      "size": 1.5,
      "pixel_coords": [
        32,
        41,
        11.87495231628418
      ],
      "material": "MyMetal",
      "3d_coords": [
        -2.738161087036133,
        -1.1860417127609253,
        1.5
      ]
    }
  ],
  "image_filename": "000008785175217400",
  "Lamp_Key": [
    6.30825662612915,
    -2.6039977073669434,
    3.7659430503845215
  ],
  "Lamp_Back": [
    -1.9432995319366455,
    2.1270642280578613,
    5.100902080535889
  ],
  "Camera": [
    7.650947093963623,
    -6.633028984069824,
    5.289780139923096
  ]
}