{
  "objects": [
    {
      "rotation": 0.0,
      "color": [
        1.0,
        0.0,
        0.0,
        1.0
      ],
      "3d_coords": [
        1.0633106231689453,
        -2.878901958465576,
        1.0
      ],
      "shape": "Sphere",
      "pixel_coords": [
        37,
        71,
        7.681952953338623
      ],
      "size": 1.0,
      "material": "Rubber"
    },
    {
      "rotation": 0.0,
      "color": [
        0.0,
        1.0,
        0.0,
        1.0
      ],
      "3d_coords": [
        -2.4837324619293213,
        1.658003568649292,
        1.5
      ],
      "shape": "SmoothCube_v2",
      "pixel_coords": [
        60,
        33,
        12.434378623962402
      ],
      "size": 1.5,
      "material": "MyMetal"
    }
  ],
  "Lamp_Back": [
    -2.0923287868499756,
    2.8869500160217285,
    5.616806507110596
  ],
  "image_filename": "000010378766455288",
  "Lamp_Key": [
    5.750755310058594,
    -3.631129741668701,
    3.8530654907226562
  ],
  "Camera": [
    7.0803303718566895,
    -6.019740581512451,
    4.91681432723999
  ],
  "Lamp_Fill": [
    -4.519476890563965,
    -3.865086078643799,
    3.9073526859283447
  ]
}