{
  "image_filename": "000004605584145041",
  "objects": [
    {
      "shape": "Icosahedron",
      "size": 1.0,
      "material": "data/materials/PoliigonFabricDenim003.blend",
      "3d_coords": [
        -1.829867959022522,
        2.4447765350341797,
        1.0
      ],
      "rotation": 0.0,
      "pixel_coords": [
        72,
        41,
        13.481175422668457
      ]
    },
    {
      "shape": "Torus",
      "size": 1.5,
      "material": "data/materials/PoliigonWoodFlooring061.blend",
      "3d_coords": [
        -1.017236351966858,
        -1.538295865058899,
        1.5
      ],
      "rotation": 0.0,
      "pixel_coords": [
        39,
        47,
        10.433793067932129
      ]
    }
  ],
  "ground_material": "data/materials/PoliigonMetalSpottyDiscoloration001.blend",
  "Lamp_Key": [
    7.358425140380859,
    -2.330233097076416,
    3.5458920001983643
  ],
  "Lamp_Back": [
    -0.5775913000106812,
    3.556467294692993,
    5.613446235656738
  ],
  "Lamp_Fill": [
    -5.532237529754639,
    -3.9180405139923096,
    2.7329139709472656
  ],
  "Camera": [
    7.826523303985596,
    -6.396148204803467,
    4.966747283935547
  ]
}