{
  "Lamp_Key": [
    5.847691535949707,
    -2.464609146118164,
    4.141444683074951
  ],
  "Camera": [
    7.468352317810059,
    -6.532298564910889,
    5.552076816558838
  ],
  "Lamp_Back": [
    -0.9500057697296143,
    2.0627639293670654,
    6.004388332366943
  ],
  "Lamp_Fill": [
    -4.773573875427246,
    -4.303918361663818,
    2.231868028640747
  ],
  "image_filename": "000012794371487226",
  "objects": [
    {
      "material": "MyMetal",
      "3d_coords": [
        -0.6877222061157227,
        0.1040760800242424,
        2.0
      ],
      "pixel_coords": [
        59,
        38,
        10.904712677001953
      ],
      "size": 2.0,
      "rotation": 0.0,
      "color": [
        0.0,
        0.0,
        1.0,
        1.0
      ],
      "shape": "SmoothCylinder"
    },
    {
      "material": "MyMetal",
      "3d_coords": [
        2.54937744140625,
        2.519871473312378,
        1.5
      ],
      "pixel_coords": [
        112,
        48,
        10.410504341125488
      ],
      "size": 1.5,
      "rotation": 0.0,
      "color": [
        1.0,
        0.0,
        0.0,
        1.0
      ],
      "shape": "Suzanne"
    }
  ]
}