{
  "objects": [
    {
      "pixel_coords": [
        71,
        60,
        10.19835090637207
      ],
      "size": 1.0,
      "3d_coords": [
        1.25321364402771,
        -0.3436877131462097,
        1.0
      ],
      "shape": "SmoothCube_v2",
      "material": "Rubber",
      "rotation": 0.0,
      "color": [
        1.0,
        0.0,
        1.0,
        1.0
      ]
    },
    {
      "pixel_coords": [
        60,
        40,
        12.324629783630371
      ],
      "size": 1.5,
      "3d_coords": [
        -1.4321894645690918,
        0.6860947012901306,
        1.5
      ],
      "shape": "SmoothCube_v2",
      "material": "Rubber",
      "rotation": 0.0,
      "color": [
        0.0,
        0.0,
        1.0,
        1.0
      ]
    }
  ],
  "Lamp_Fill": [
    -4.216811656951904,
    -4.233293533325195,
    3.3206279277801514
  ],
  "Lamp_Back": [
    -0.6907636523246765,
    3.0384466648101807,
    5.42379903793335
  ],
  "Lamp_Key": [
    5.787400722503662,
    -2.531353712081909,
    3.9854304790496826
  ],
  "Camera": [
    7.913965225219727,
    -6.405089378356934,
    5.821692943572998
  ],
  "image_filename": "000000422152202084"
}