{
  "image_filename": "00000083",
  "objects": [
    {
      "shape": "star_4",
      "size": 0.425,
      "rotation": 0.0,
      "2d_coords": [
        0.487707651170446,
        0.230540543684853
      ],
      "color": [
        0,
        127,
        255
      ]
    },
    {
      "shape": "circle",
      "size": 0.225,
      "rotation": 0.0,
      "2d_coords": [
        0.27800639706315267,
        0.6520402448203729
      ],
      "color": [
        0,
        255,
        0
      ]
    }
  ]
}