{
  "image_filename": "00000035",
  "objects": [
    {
      "shape": "circle",
      "size": 0.425,
      "rotation": 0.0,
      "2d_coords": [
        0.20851519692718853,
        0.6522680054241342
      ],
      "color": [
        0,
        127,
        255
      ]
    },
    {
      "shape": "circle",
      "size": 0.325,
      "rotation": 0.0,
      "2d_coords": [
        0.8130105741137484,
        0.31339825428208923
      ],
      "color": [
        0,
        255,
        0
      ]
    }
  ]
}