{
  "objects": [
    {
      "size": 1.5,
      "pixel_coords": [
        42,
        39,
        12.437507629394531
      ],
      "3d_coords": [
        -2.8133795261383057,
        -0.22694753110408783,
        1.5
      ],
      "color": [
        0.0,
        0.0,
        1.0,
        1.0
      ],
      "material": "MyMetal",
      "shape": "SmoothCylinder",
      "rotation": 0.0
    },
    {
      "size": 2.0,
      "pixel_coords": [
        76,
        42,
        9.984301567077637
      ],
      "3d_coords": [
        0.9261500239372253,
        0.36569565534591675,
        2.0
      ],
      "color": [
        0.0,
        1.0,
        0.0,
        1.0
      ],
      "material": "Rubber",
      "shape": "Sphere",
      "rotation": 0.0
    }
  ],
  "Lamp_Back": [
    -0.7243375778198242,
    1.7841991186141968,
    5.037094593048096
  ],
  "Camera": [
    7.7774739265441895,
    -6.521814346313477,
    4.933613300323486
  ],
  "Lamp_Fill": [
    -5.5924859046936035,
    -4.3741631507873535,
    2.239285469055176
  ],
  "image_filename": "000003152783532248",
  "Lamp_Key": [
    6.772922039031982,
    -3.608264684677124,
    4.373465061187744
  ]
}