{
  "image_filename": "00000073",
  "objects": [
    {
      "shape": "square",
      "size": 0.325,
      "rotation": 0.0,
      "2d_coords": [
        0.7322713050212706,
        0.23388412877151668
      ],
      "color": [
        255,
        0,
        255
      ]
    },
    {
      "shape": "square",
      "size": 0.125,
      "rotation": 0.0,
      "2d_coords": [
        0.2546262041697516,
        0.11196676804403655
      ],
      "color": [
        255,
        0,
        255
      ]
    }
  ]
}