{
  "Camera": [
    7.574462413787842,
    -6.5319437980651855,
    5.295680522918701
  ],
  "Lamp_Back": [
    -2.031602144241333,
    2.293668508529663,
    5.240995407104492
  ],
  "Lamp_Key": [
    6.82155179977417,
    -2.825268507003784,
    4.399044036865234
  ],
  "image_filename": "000002920513864941",
  "objects": [
    {
      "shape": "SmoothCylinder",
      "color": [
        0.0,
        0.0,
        1.0,
        1.0
      ],
      "size": 2.0,
      "3d_coords": [
        0.4684487283229828,
        2.4088118076324463,
        2.0
      ],
      "material": "Rubber",
      "pixel_coords": [
        90,
        35,
        11.458274841308594
      ],
      "rotation": 0.0
    },
    {
      "shape": "Sphere",
      "color": [
        0.0,
        1.0,
        0.0,
        1.0
      ],
      "size": 1.5,
      "3d_coords": [
        -2.615780830383301,
        -1.0681549310684204,
        1.5
      ],
      "material": "MyMetal",
      "pixel_coords": [
        34,
        41,
        11.749673843383789
      ],
      "rotation": 0.0
    }
  ],
  "Lamp_Fill": [
    -4.854725360870361,
    -4.955667495727539,
    3.1365320682525635
  ]
}