{
  "objects": [
    {
      "shape": "Suzanne",
      "size": 1.5,
      "pixel_coords": [
        100,
        46,
        10.470383644104004
      ],
      "3d_coords": [
        1.831438422203064,
        1.9385699033737183,
        1.5
      ],
      "material": "Rubber",
      "rotation": 0.0,
      "color": [
        0.0,
        0.0,
        1.0,
        1.0
      ]
    },
    {
      "shape": "Suzanne",
      "size": 2.0,
      "pixel_coords": [
        49,
        47,
        8.72653579711914
      ],
      "3d_coords": [
        0.5165989995002747,
        -1.8060636520385742,
        2.0
      ],
      "material": "MyMetal",
      "rotation": 0.0,
      "color": [
        0.0,
        0.0,
        1.0,
        1.0
      ]
    }
  ],
  "Lamp_Fill": [
    -4.241013526916504,
    -4.155315399169922,
    2.7624807357788086
  ],
  "image_filename": "000000115481799338",
  "Lamp_Key": [
    5.849679946899414,
    -2.334956645965576,
    5.001335144042969
  ],
  "Lamp_Back": [
    -0.6720501184463501,
    2.378476858139038,
    5.116777420043945
  ],
  "Camera": [
    7.014431953430176,
    -6.955513954162598,
    5.054068565368652
  ]
}