{
  "image_filename": "000009859314525181",
  "Lamp_Key": [
    5.616072654724121,
    -2.5668344497680664,
    3.496182918548584
  ],
  "Lamp_Back": [
    -0.5357459783554077,
    2.500424861907959,
    5.327378749847412
  ],
  "Camera": [
    7.577218532562256,
    -6.724290370941162,
    5.392308235168457
  ],
  "objects": [
    {
      "size": 1.0,
      "pixel_coords": [
        70,
        64,
        9.410199165344238
      ],
      "3d_coords": [
        1.5998562574386597,
        -0.921661376953125,
        1.0
      ],
      "rotation": 0.0,
      "color": [
        1.0,
        0.0,
        0.0,
        1.0
      ],
      "shape": "Suzanne",
      "material": "MyMetal"
    },
    {
      "size": 1.5,
      "pixel_coords": [
        28,
        47,
        10.7495698928833
      ],
      "3d_coords": [
        -1.796915888786316,
        -2.0624210834503174,
        1.5
      ],
      "rotation": 0.0,
      "color": [
        1.0,
        0.0,
        1.0,
        1.0
      ],
      "shape": "SmoothCube_v2",
      "material": "Rubber"
    }
  ],
  "Lamp_Fill": [
    -4.985666275024414,
    -4.580097675323486,
    2.9725944995880127
  ]
}