{
  "image_filename": "000001192121501867",
  "Lamp_Key": [
    6.60272216796875,
    -2.9917314052581787,
    4.467721939086914
  ],
  "Lamp_Fill": [
    -4.877860069274902,
    -4.961543083190918,
    3.3953020572662354
  ],
  "objects": [
    {
      "pixel_coords": [
        27,
        46,
        10.592925071716309
      ],
      "size": 1.5,
      "material": "Rubber",
      "3d_coords": [
        -1.8124489784240723,
        -2.0871028900146484,
        1.5
      ],
      "rotation": 0.0,
      "color": [
        0.0,
        1.0,
        1.0,
        1.0
      ],
      "shape": "SmoothCube_v2"
    },
    {
      "pixel_coords": [
        71,
        32,
        13.862075805664062
      ],
      "size": 1.5,
      "material": "Rubber",
      "3d_coords": [
        -2.5132057666778564,
        2.9565422534942627,
        1.5
      ],
      "rotation": 0.0,
      "color": [
        1.0,
        0.0,
        1.0,
        1.0
      ],
      "shape": "SmoothCylinder"
    }
  ],
  "Lamp_Back": [
    -1.196408987045288,
    2.3469650745391846,
    5.193984508514404
  ],
  "Camera": [
    7.629488468170166,
    -6.227048873901367,
    5.422975540161133
  ]
}