{
  "Lamp_Fill": [
    -4.5628485679626465,
    -3.920281410217285,
    3.9247636795043945
  ],
  "objects": [
    {
      "size": 2.0,
      "shape": "SmoothCube_v2",
      "rotation": 0.0,
      "material": "MyMetal",
      "pixel_coords": [
        77,
        31,
        13.028294563293457
      ],
      "3d_coords": [
        -1.355047345161438,
        2.6423845291137695,
        2.0
      ],
      "color": [
        0.0,
        1.0,
        0.0,
        1.0
      ]
    },
    {
      "size": 2.0,
      "shape": "SmoothCylinder",
      "rotation": 0.0,
      "material": "Rubber",
      "pixel_coords": [
        33,
        37,
        11.52112102508545
      ],
      "3d_coords": [
        -2.370574712753296,
        -1.3319621086120605,
        2.0
      ],
      "color": [
        1.0,
        1.0,
        0.0,
        1.0
      ]
    }
  ],
  "image_filename": "000015632423546497",
  "Lamp_Key": [
    7.406487464904785,
    -3.5956473350524902,
    4.479118824005127
  ],
  "Lamp_Back": [
    -1.858548641204834,
    3.43139910697937,
    6.041776657104492
  ],
  "Camera": [
    7.809905529022217,
    -6.419146537780762,
    5.819387912750244
  ]
}