{
  "image_filename": "000007394495383279",
  "Lamp_Key": [
    6.112142562866211,
    -3.090794324874878,
    3.3876523971557617
  ],
  "Lamp_Back": [
    -1.3773518800735474,
    2.804612874984741,
    5.721452713012695
  ],
  "Lamp_Fill": [
    -4.443636417388916,
    -4.366332530975342,
    2.3096797466278076
  ],
  "objects": [
    {
      "material": "Rubber",
      "size": 1.0,
      "pixel_coords": [
        72,
        43,
        12.659438133239746
      ],
      "color": [
        0.0,
        0.0,
        1.0,
        1.0
      ],
      "3d_coords": [
        -1.1065704822540283,
        1.8122087717056274,
        1.0
      ],
      "shape": "SmoothCylinder",
      "rotation": 0.0
    },
    {
      "material": "Rubber",
      "size": 1.0,
      "pixel_coords": [
        107,
        53,
        10.81234359741211
      ],
      "color": [
        0.0,
        0.0,
        1.0,
        1.0
      ],
      "3d_coords": [
        2.192171573638916,
        2.4550681114196777,
        1.0
      ],
      "shape": "SmoothCylinder",
      "rotation": 0.0
    }
  ],
  "Camera": [
    7.622867107391357,
    -6.348708152770996,
    5.62499475479126
  ]
}