{
  "image_filename": "000003062522276007",
  "Lamp_Key": [
    7.294321537017822,
    -3.8227593898773193,
    4.2250237464904785
  ],
  "Lamp_Fill": [
    -5.246433734893799,
    -4.312381267547607,
    3.9369680881500244
  ],
  "objects": [
    {
      "pixel_coords": [
        81,
        50,
        9.004069328308105
      ],
      "color": [
        1.0,
        0.0,
        1.0,
        1.0
      ],
      "material": "Rubber",
      "size": 2.0,
      "3d_coords": [
        2.2320358753204346,
        -0.5204911231994629,
        2.0
      ],
      "rotation": 0.0,
      "shape": "SmoothCube_v2"
    },
    {
      "pixel_coords": [
        52,
        38,
        11.40856647491455
      ],
      "color": [
        0.0,
        1.0,
        1.0,
        1.0
      ],
      "material": "MyMetal",
      "size": 2.0,
      "3d_coords": [
        -1.1274465322494507,
        -0.2568626403808594,
        2.0
      ],
      "rotation": 0.0,
      "shape": "SmoothCube_v2"
    }
  ],
  "Camera": [
    7.816839218139648,
    -7.002778053283691,
    5.147397518157959
  ],
  "Lamp_Back": [
    -1.712436318397522,
    3.4983270168304443,
    6.474471569061279
  ]
}