{
  "Lamp_Back": [
    -1.457233190536499,
    2.673731803894043,
    6.3894944190979
  ],
  "image_filename": "000002748119781791",
  "Lamp_Key": [
    7.371028900146484,
    -3.8507227897644043,
    5.125982761383057
  ],
  "objects": [
    {
      "rotation": 0.0,
      "material": "MyMetal",
      "3d_coords": [
        2.880610466003418,
        1.7451568841934204,
        1.5
      ],
      "size": 1.5,
      "color": [
        1.0,
        1.0,
        0.0,
        1.0
      ],
      "pixel_coords": [
        111,
        50,
        9.706191062927246
      ],
      "shape": "Suzanne"
    },
    {
      "rotation": 0.0,
      "material": "MyMetal",
      "3d_coords": [
        -2.7689101696014404,
        1.2191258668899536,
        1.5
      ],
      "size": 1.5,
      "color": [
        1.0,
        0.0,
        0.0,
        1.0
      ],
      "pixel_coords": [
        53,
        36,
        13.024988174438477
      ],
      "shape": "SmoothCylinder"
    }
  ],
  "Lamp_Fill": [
    -4.631335735321045,
    -4.044286251068115,
    3.65435528755188
  ],
  "Camera": [
    7.1924729347229,
    -6.9321818351745605,
    4.941737651824951
  ]
}