{
  "Lamp_Back": [
    -0.9107110500335693,
    2.4143269062042236,
    6.052598476409912
  ],
  "image_filename": "000000812087857226",
  "objects": [
    {
      "color": [
        1.0,
        1.0,
        0.0,
        1.0
      ],
      "material": "Rubber",
      "shape": "Sphere",
      "size": 2.0,
      "rotation": 0.0,
      "3d_coords": [
        -2.018311023712158,
        -2.671410083770752,
        2.0
      ],
      "pixel_coords": [
        19,
        41,
        10.333812713623047
      ]
    },
    {
      "color": [
        1.0,
        0.0,
        1.0,
        1.0
      ],
      "material": "MyMetal",
      "shape": "Sphere",
      "size": 1.5,
      "rotation": 0.0,
      "3d_coords": [
        -0.8829271793365479,
        1.9812486171722412,
        1.5
      ],
      "pixel_coords": [
        74,
        39,
        12.573512077331543
      ]
    }
  ],
  "Camera": [
    7.672284126281738,
    -6.845572471618652,
    5.064879417419434
  ],
  "Lamp_Key": [
    6.892951011657715,
    -2.559251308441162,
    3.3174643516540527
  ],
  "Lamp_Fill": [
    -5.002793788909912,
    -3.7159478664398193,
    2.338921546936035
  ]
}