{
  "objects": [
    {
      "size": 1.5,
      "shape": "Suzanne",
      "rotation": 0.0,
      "pixel_coords": [
        68,
        36,
        13.84427261352539
      ],
      "color": [
        0.0,
        0.0,
        1.0,
        1.0
      ],
      "material": "MyMetal",
      "3d_coords": [
        -2.232259750366211,
        2.4341630935668945,
        1.5
      ]
    },
    {
      "size": 1.0,
      "shape": "Suzanne",
      "rotation": 0.0,
      "pixel_coords": [
        36,
        46,
        12.704246520996094
      ],
      "color": [
        1.0,
        1.0,
        0.0,
        1.0
      ],
      "material": "MyMetal",
      "3d_coords": [
        -2.9825007915496826,
        -0.7644995450973511,
        1.0
      ]
    }
  ],
  "image_filename": "000004626122293105",
  "Lamp_Fill": [
    -4.029871463775635,
    -3.4525554180145264,
    3.628028631210327
  ],
  "Lamp_Back": [
    -1.2845101356506348,
    2.3744795322418213,
    5.015071868896484
  ],
  "Camera": [
    7.908580780029297,
    -6.751396179199219,
    5.00844144821167
  ],
  "Lamp_Key": [
    6.2752485275268555,
    -3.641134262084961,
    4.663908958435059
  ]
}