{
  "image_filename": "000004418027406111",
  "objects": [
    {
      "shape": "Cube",
      "size": 1.5,
      "material": "data/materials/PoliigonBricksPaintedWhite001.blend",
      "3d_coords": [
        -0.40231001377105713,
        1.9145373106002808,
        1.5
      ],
      "rotation": 0.0,
      "pixel_coords": [
        78,
        40,
        11.744236946105957
      ]
    },
    {
      "shape": "Torus",
      "size": 1.5,
      "material": "data/materials/PoliigonWoodFlooring061.blend",
      "3d_coords": [
        -1.4730377197265625,
        -1.4179095029830933,
        1.5
      ],
      "rotation": 0.0,
      "pixel_coords": [
        37,
        45,
        10.57314395904541
      ]
    }
  ],
  "ground_material": "data/materials/PoliigonMetalSpottyDiscoloration001.blend",
  "Lamp_Key": [
    5.654534339904785,
    -2.4725711345672607,
    3.7270445823669434
  ],
  "Lamp_Back": [
    -0.3409334123134613,
    3.503941059112549,
    5.30300760269165
  ],
  "Lamp_Fill": [
    -4.645839214324951,
    -3.7709009647369385,
    3.841811180114746
  ],
  "Camera": [
    7.469254970550537,
    -6.299898624420166,
    5.261385917663574
  ]
}