{
  "image_filename": "000008700409428238",
  "objects": [
    {
      "shape": "Cylinder",
      "size": 1.5,
      "material": "data/materials/PoliigonWoodFlooring061.blend",
      "3d_coords": [
        1.135696530342102,
        -0.8275141716003418,
        1.5
      ],
      "rotation": 0.0,
      "pixel_coords": [
        66,
        55,
        9.962782859802246
      ]
    },
    {
      "shape": "Cone",
      "size": 1.0,
      "material": "data/materials/PoliigonFabricDenim003.blend",
      "3d_coords": [
        -2.9649996757507324,
        -0.6528619527816772,
        1.0
      ],
      "rotation": 0.0,
      "pixel_coords": [
        37,
        45,
        12.980587005615234
      ]
    }
  ],
  "ground_material": "data/materials/PoliigonChainmailCopperRoundedThin001.blend",
  "Lamp_Key": [
    6.006242275238037,
    -3.3949360847473145,
    4.711763381958008
  ],
  "Lamp_Back": [
    -2.03720760345459,
    2.3664052486419678,
    4.983923435211182
  ],
  "Lamp_Fill": [
    -4.7776689529418945,
    -4.124205589294434,
    3.8726112842559814
  ],
  "Camera": [
    7.764660358428955,
    -6.911004066467285,
    5.825978755950928
  ]
}