{
  "objects": [
    {
      "size": 1.5,
      "color": [
        0.0,
        1.0,
        0.0,
        1.0
      ],
      "3d_coords": [
        1.8539339303970337,
        0.641793966293335,
        1.5
      ],
      "material": "MyMetal",
      "pixel_coords": [
        88,
        51,
        9.932278633117676
      ],
      "shape": "Sphere",
      "rotation": 0.0
    },
    {
      "size": 2.0,
      "color": [
        0.0,
        0.0,
        1.0,
        1.0
      ],
      "3d_coords": [
        -2.878704309463501,
        -0.18496790528297424,
        2.0
      ],
      "material": "Rubber",
      "pixel_coords": [
        41,
        34,
        12.422746658325195
      ],
      "shape": "SmoothCylinder",
      "rotation": 0.0
    }
  ],
  "Lamp_Key": [
    6.8726725578308105,
    -2.6445486545562744,
    4.835081577301025
  ],
  "image_filename": "000007830618592693",
  "Lamp_Fill": [
    -4.828536033630371,
    -4.580300331115723,
    3.9709155559539795
  ],
  "Camera": [
    7.738635063171387,
    -6.856831073760986,
    4.906378269195557
  ],
  "Lamp_Back": [
    -1.6671879291534424,
    3.498741388320923,
    5.428448677062988
  ]
}