{
  "Lamp_Back": [
    -0.5486611127853394,
    2.5866286754608154,
    5.890494346618652
  ],
  "objects": [
    {
      "shape": "Sphere",
      "material": "Rubber",
      "size": 1.0,
      "color": [
        1.0,
        0.0,
        1.0,
        1.0
      ],
      "pixel_coords": [
        92,
        51,
        11.261443138122559
      ],
      "rotation": 0.0,
      "3d_coords": [
        1.2347127199172974,
        1.9158531427383423,
        1.0
      ]
    },
    {
      "shape": "SmoothCube_v2",
      "material": "MyMetal",
      "size": 2.0,
      "color": [
        1.0,
        0.0,
        1.0,
        1.0
      ],
      "pixel_coords": [
        46,
        31,
        12.454455375671387
      ],
      "rotation": 0.0,
      "3d_coords": [
        -2.790203809738159,
        0.40485164523124695,
        2.0
      ]
    }
  ],
  "Lamp_Key": [
    7.214936256408691,
    -2.7973034381866455,
    4.887403964996338
  ],
  "Lamp_Fill": [
    -5.275187015533447,
    -3.7695963382720947,
    3.131572961807251
  ],
  "Camera": [
    7.318604469299316,
    -6.640222072601318,
    5.7709221839904785
  ],
  "image_filename": "000006027238431290"
}