{
  "image_filename": "000011798631898358",
  "objects": [
    {
      "shape": "Cone",
      "size": 1.5,
      "material": "data/materials/PoliigonBricksFlemishRed001.blend",
      "3d_coords": [
        1.8001773357391357,
        2.5887060165405273,
        1.5
      ],
      "rotation": 0.0,
      "pixel_coords": [
        106,
        44,
        10.441859245300293
      ]
    },
    {
      "shape": "Cube",
      "size": 1.0,
      "material": "data/materials/PoliigonBricksPaintedWhite001.blend",
      "3d_coords": [
        1.6272279024124146,
        -2.7676236629486084,
        1.0
      ],
      "rotation": 0.0,
      "pixel_coords": [
        46,
        75,
        7.667236804962158
      ]
    }
  ],
  "ground_material": "data/materials/PoliigonFabricDenim003.blend",
  "Lamp_Key": [
    5.519211769104004,
    -2.184974431991577,
    3.8261170387268066
  ],
  "Lamp_Back": [
    -1.5082124471664429,
    2.9890129566192627,
    4.845342636108398
  ],
  "Lamp_Fill": [
    -5.420918941497803,
    -4.182410717010498,
    3.10857892036438
  ],
  "Camera": [
    7.09931755065918,
    -6.3226752281188965,
    5.185253143310547
  ]
}