{
  "image_filename": "000013631126591776",
  "objects": [
    {
      "shape": "Icosahedron",
      "size": 1.0,
      "material": "data/materials/PoliigonWoodFlooring061.blend",
      "3d_coords": [
        1.2603293657302856,
        -1.9170379638671875,
        1.0
      ],
      "rotation": 0.0,
      "pixel_coords": [
        54,
        65,
        9.132575035095215
      ]
    },
    {
      "shape": "Torus",
      "size": 1.5,
      "material": "data/materials/PoliigonMetalSpottyDiscoloration001.blend",
      "3d_coords": [
        2.1023519039154053,
        1.4169379472732544,
        1.5
      ],
      "rotation": 0.0,
      "pixel_coords": [
        97,
        50,
        10.3014554977417
      ]
    }
  ],
  "ground_material": "data/materials/PoliigonRoofTilesTerracotta004.blend",
  "Lamp_Key": [
    7.243874549865723,
    -1.9916629791259766,
    4.728081226348877
  ],
  "Lamp_Back": [
    -0.8977798819541931,
    3.3830575942993164,
    5.688151836395264
  ],
  "Lamp_Fill": [
    -4.621159553527832,
    -3.5948476791381836,
    2.2608978748321533
  ],
  "Camera": [
    7.848049163818359,
    -6.794468879699707,
    5.075725078582764
  ]
}