{
  "image_filename": "000003216364147422",
  "objects": [
    {
      "shape": "Icosahedron",
      "size": 2.0,
      "material": "data/materials/PoliigonMetalSpottyDiscoloration001.blend",
      "3d_coords": [
        -1.607594609260559,
        -2.7106168270111084,
        2.0
      ],
      "rotation": 0.0,
      "pixel_coords": [
        20,
        42,
        9.875832557678223
      ]
    },
    {
      "shape": "Icosahedron",
      "size": 2.0,
      "material": "data/materials/PoliigonFabricDenim003.blend",
      "3d_coords": [
        -2.497899055480957,
        1.7824759483337402,
        2.0
      ],
      "rotation": 0.0,
      "pixel_coords": [
        62,
        30,
        13.024014472961426
      ]
    }
  ],
  "ground_material": "data/materials/PoliigonBricksPaintedWhite001.blend",
  "Lamp_Key": [
    6.121064186096191,
    -2.3673813343048096,
    4.67026948928833
  ],
  "Lamp_Back": [
    -0.8979989886283875,
    3.2960286140441895,
    5.294039249420166
  ],
  "Lamp_Fill": [
    -5.360631942749023,
    -4.684408664703369,
    2.036406993865967
  ],
  "Camera": [
    7.6393656730651855,
    -6.3720784187316895,
    5.26345682144165
  ]
}