{
  "Lamp_Fill": [
    -5.354710102081299,
    -4.647483825683594,
    2.819430351257324
  ],
  "image_filename": "000004991778746226",
  "Lamp_Key": [
    6.105248928070068,
    -3.7698066234588623,
    4.5636982917785645
  ],
  "Camera": [
    7.549154281616211,
    -6.995984077453613,
    4.9237236976623535
  ],
  "Lamp_Back": [
    -1.3280192613601685,
    3.5360360145568848,
    6.652377128601074
  ],
  "objects": [
    {
      "material": "MyMetal",
      "pixel_coords": [
        53,
        32,
        13.092419624328613
      ],
      "shape": "Sphere",
      "size": 2.0,
      "3d_coords": [
        -2.766859531402588,
        1.1665693521499634,
        2.0
      ],
      "color": [
        0.0,
        1.0,
        1.0,
        1.0
      ],
      "rotation": 0.0
    },
    {
      "material": "MyMetal",
      "pixel_coords": [
        57,
        59,
        7.304596900939941
      ],
      "shape": "SmoothCylinder",
      "size": 2.0,
      "3d_coords": [
        2.379603147506714,
        -2.719187021255493,
        2.0
      ],
      "color": [
        1.0,
        0.0,
        0.0,
        1.0
      ],
      "rotation": 0.0
    }
  ]
}