{
  "image_filename": "000002230607654444",
  "objects": [
    {
      "shape": "Cylinder",
      "size": 1.0,
      "material": "data/materials/PoliigonChainmailCopperRoundedThin001.blend",
      "3d_coords": [
        -1.353405237197876,
        -0.402001291513443,
        1.0
      ],
      "rotation": 0.0,
      "pixel_coords": [
        49,
        49,
        11.505592346191406
      ]
    },
    {
      "shape": "NewellTeapot",
      "size": 1.5,
      "material": "data/materials/PoliigonMetalSpottyDiscoloration001.blend",
      "3d_coords": [
        2.872225761413574,
        -0.6766736507415771,
        1.5
      ],
      "rotation": 0.0,
      "pixel_coords": [
        88,
        60,
        8.29569149017334
      ]
    }
  ],
  "ground_material": "data/materials/PoliigonFabricFleece001.blend",
  "Lamp_Key": [
    7.139247417449951,
    -2.014442205429077,
    4.531634330749512
  ],
  "Lamp_Back": [
    -1.6858314275741577,
    2.1422348022460938,
    6.209749698638916
  ],
  "Lamp_Fill": [
    -5.046271800994873,
    -4.401390075683594,
    2.0686938762664795
  ],
  "Camera": [
    7.545288562774658,
    -6.816596031188965,
    4.871043682098389
  ]
}