{
  "image_filename": "00000026",
  "objects": [
    {
      "shape": "triangle",
      "size": 0.125,
      "rotation": 0.0,
      "2d_coords": [
        0.6839389613211282,
        0.683088990820177
      ],
      "color": [
        255,
        0,
        255
      ]
    },
    {
      "shape": "star_4",
      "size": 0.125,
      "rotation": 0.0,
      "2d_coords": [
        0.302726502763191,
        0.39652677310470036
      ],
      "color": [
        255,
        127,
        0
      ]
    }
  ]
}