{
  "image_filename": "000002314460647631",
  "objects": [
    {
      "shape": "Sphere",
      "size": 2.0,
      "material": "data/materials/PoliigonRoofTilesTerracotta004.blend",
      "3d_coords": [
        -2.3964340686798096,
        -1.3914531469345093,
        2.0
      ],
      "rotation": 0.0,
      "pixel_coords": [
        32,
        37,
        11.5304594039917
      ]
    },
    {
      "shape": "Cylinder",
      "size": 1.0,
      "material": "data/materials/PoliigonChainmailCopperRoundedThin001.blend",
      "3d_coords": [
        -1.7463726997375488,
        2.447727918624878,
        1.0
      ],
      "rotation": 0.0,
      "pixel_coords": [
        72,
        41,
        13.711000442504883
      ]
    }
  ],
  "ground_material": "data/materials/PoliigonBricksFlemishRed001.blend",
  "Lamp_Key": [
    6.412778377532959,
    -3.568451404571533,
    4.2013702392578125
  ],
  "Lamp_Back": [
    -1.8582268953323364,
    2.5170960426330566,
    5.379642009735107
  ],
  "Lamp_Fill": [
    -5.640815734863281,
    -3.7880666255950928,
    2.7451999187469482
  ],
  "Camera": [
    7.943574905395508,
    -6.537581443786621,
    5.350791931152344
  ]
}