{
  "objects": [
    {
      "rotation": 0.0,
      "size": 1.5,
      "shape": "Sphere",
      "material": "Rubber",
      "pixel_coords": [
        81,
        57,
        9.287055969238281
      ],
      "3d_coords": [
        2.124067544937134,
        -0.3662366271018982,
        1.5
      ],
      "color": [
        1.0,
        0.0,
        1.0,
        1.0
      ]
    },
    {
      "rotation": 0.0,
      "size": 2.0,
      "shape": "SmoothCube_v2",
      "material": "MyMetal",
      "pixel_coords": [
        76,
        33,
        12.520709037780762
      ],
      "3d_coords": [
        -0.8861479163169861,
        2.2196273803710938,
        2.0
      ],
      "color": [
        1.0,
        1.0,
        0.0,
        1.0
      ]
    }
  ],
  "Lamp_Fill": [
    -4.591273784637451,
    -3.297273635864258,
    2.7231359481811523
  ],
  "Camera": [
    7.58590841293335,
    -6.77410888671875,
    5.604413032531738
  ],
  "Lamp_Key": [
    7.2502827644348145,
    -3.035454034805298,
    4.225560665130615
  ],
  "image_filename": "000009734241692885",
  "Lamp_Back": [
    -1.6530348062515259,
    1.7968541383743286,
    6.133696556091309
  ]
}