{
  "image_filename": "000013035670923728",
  "objects": [
    {
      "shape": "Cube",
      "size": 1.0,
      "material": "data/materials/PoliigonBricksPaintedWhite001.blend",
      "3d_coords": [
        2.8707997798919678,
        -2.262953281402588,
        1.0
      ],
      "rotation": 0.0,
      "pixel_coords": [
        68,
        82,
        6.9806694984436035
      ]
    },
    {
      "shape": "NewellTeapot",
      "size": 1.5,
      "material": "data/materials/PoliigonMetalSpottyDiscoloration001.blend",
      "3d_coords": [
        -1.1110199689865112,
        -2.4866983890533447,
        1.5
      ],
      "rotation": 0.0,
      "pixel_coords": [
        24,
        50,
        9.222783088684082
      ]
    }
  ],
  "ground_material": "data/materials/PoliigonBricksPaintedWhite001.blend",
  "Lamp_Key": [
    5.754193305969238,
    -3.817411422729492,
    3.309403657913208
  ],
  "Lamp_Back": [
    -1.4255105257034302,
    1.6721712350845337,
    6.367300033569336
  ],
  "Lamp_Fill": [
    -4.243429660797119,
    -4.118329048156738,
    3.0709047317504883
  ],
  "Camera": [
    6.997308254241943,
    -6.105247497558594,
    5.22058629989624
  ]
}