{
  "image_filename": "000003806134806338",
  "objects": [
    {
      "shape": "Cube",
      "size": 2.0,
      "material": "data/materials/PoliigonBricksPaintedWhite001.blend",
      "3d_coords": [
        -1.94270658493042,
        -2.8378427028656006,
        2.0
      ],
      "rotation": 0.0,
      "pixel_coords": [
        17,
        44,
        9.995628356933594
      ]
    },
    {
      "shape": "Suzanne",
      "size": 1.5,
      "material": "data/materials/PoliigonBricksFlemishRed001.blend",
      "3d_coords": [
        -0.6682626605033875,
        2.4006147384643555,
        1.5
      ],
      "rotation": 0.0,
      "pixel_coords": [
        78,
        38,
        12.602926254272461
      ]
    }
  ],
  "ground_material": "data/materials/PoliigonWoodFlooring061.blend",
  "Lamp_Key": [
    5.634403705596924,
    -3.6388211250305176,
    3.87866473197937
  ],
  "Lamp_Back": [
    -0.22170501947402954,
    2.3755156993865967,
    5.1100239753723145
  ],
  "Lamp_Fill": [
    -5.095306396484375,
    -4.343003749847412,
    2.0992870330810547
  ],
  "Camera": [
    7.155595302581787,
    -6.9124627113342285,
    5.7565836906433105
  ]
}