{
  "image_filename": "000008677521557456",
  "objects": [
    {
      "shape": "NewellTeapot",
      "size": 2.0,
      "material": "data/materials/PoliigonFabricFleece001.blend",
      "3d_coords": [
        0.10122520476579666,
        2.1976723670959473,
        2.0
      ],
      "rotation": 0.0,
      "pixel_coords": [
        84,
        36,
        12.001602172851562
      ]
    },
    {
      "shape": "Icosahedron",
      "size": 2.0,
      "material": "data/materials/PoliigonMetalSpottyDiscoloration001.blend",
      "3d_coords": [
        0.4699857532978058,
        -2.7601895332336426,
        2.0
      ],
      "rotation": 0.0,
      "pixel_coords": [
        36,
        51,
        8.853619575500488
      ]
    }
  ],
  "ground_material": "data/materials/PoliigonChainmailCopperRoundedThin001.blend",
  "Lamp_Key": [
    7.387616157531738,
    -3.6409032344818115,
    4.023271560668945
  ],
  "Lamp_Back": [
    -2.1306166648864746,
    2.825742721557617,
    5.667985916137695
  ],
  "Lamp_Fill": [
    -4.163787841796875,
    -3.462719678878784,
    3.940270185470581
  ],
  "Camera": [
    7.947047233581543,
    -6.81822395324707,
    5.150337219238281
  ]
}