{
  "Lamp_Key": [
    6.247984886169434,
    -2.205004930496216,
    3.571181297302246
  ],
  "Lamp_Back": [
    -0.9583007097244263,
    3.6419591903686523,
    5.669801712036133
  ],
  "Lamp_Fill": [
    -4.972468852996826,
    -3.9140124320983887,
    2.3718700408935547
  ],
  "objects": [
    {
      "pixel_coords": [
        22,
        40,
        10.3861722946167
      ],
      "rotation": 0.0,
      "material": "Rubber",
      "color": [
        1.0,
        1.0,
        0.0,
        1.0
      ],
      "size": 2.0,
      "shape": "SmoothCylinder",
      "3d_coords": [
        -2.165729522705078,
        -2.2379744052886963,
        2.0
      ]
    },
    {
      "pixel_coords": [
        105,
        44,
        9.614583969116211
      ],
      "rotation": 0.0,
      "material": "MyMetal",
      "color": [
        0.0,
        0.0,
        1.0,
        1.0
      ],
      "size": 2.0,
      "shape": "Sphere",
      "3d_coords": [
        2.515442132949829,
        1.5453269481658936,
        2.0
      ]
    }
  ],
  "Camera": [
    7.29373025894165,
    -6.7265849113464355,
    5.341307640075684
  ],
  "image_filename": "000005461411558000"
}