{
  "objects": [
    {
      "rotation": 0.0,
      "material": "MyMetal",
      "color": [
        0.0,
        0.0,
        1.0,
        1.0
      ],
      "shape": "SmoothCylinder",
      "size": 1.5,
      "pixel_coords": [
        46,
        61,
        8.384127616882324
      ],
      "3d_coords": [
        0.9960525035858154,
        -2.242248058319092,
        1.5
      ]
    },
    {
      "rotation": 0.0,
      "material": "MyMetal",
      "color": [
        1.0,
        0.0,
        0.0,
        1.0
      ],
      "shape": "SmoothCube_v2",
      "size": 2.0,
      "pixel_coords": [
        20,
        36,
        10.825446128845215
      ],
      "3d_coords": [
        -2.885084390640259,
        -2.0189690589904785,
        2.0
      ]
    }
  ],
  "Lamp_Back": [
    -0.571865439414978,
    3.0106308460235596,
    5.280497074127197
  ],
  "Lamp_Fill": [
    -3.833428382873535,
    -4.150272369384766,
    3.223111152648926
  ],
  "Lamp_Key": [
    6.248685359954834,
    -3.810468912124634,
    3.5355517864227295
  ],
  "image_filename": "000010297744894863",
  "Camera": [
    7.324223041534424,
    -6.0137763023376465,
    5.654806137084961
  ]
}