{
  "image_filename": "000015122246684251",
  "objects": [
    {
      "shape": "Icosahedron",
      "size": 2.0,
      "material": "data/materials/PoliigonBricksFlemishRed001.blend",
      "3d_coords": [
        2.6414387226104736,
        0.9500262141227722,
        2.0
      ],
      "rotation": 0.0,
      "pixel_coords": [
        102,
        48,
        9.078117370605469
      ]
    },
    {
      "shape": "Suzanne",
      "size": 1.5,
      "material": "data/materials/PoliigonChainmailCopperRoundedThin001.blend",
      "3d_coords": [
        -2.097656488418579,
        -2.715822219848633,
        1.5
      ],
      "rotation": 0.0,
      "pixel_coords": [
        17,
        48,
        10.164718627929688
      ]
    }
  ],
  "ground_material": "data/materials/PoliigonFabricDenim003.blend",
  "Lamp_Key": [
    6.026432991027832,
    -2.699626922607422,
    4.118556976318359
  ],
  "Lamp_Back": [
    -0.8220301270484924,
    1.9880117177963257,
    6.2526116371154785
  ],
  "Lamp_Fill": [
    -4.714277744293213,
    -4.711306095123291,
    3.4347336292266846
  ],
  "Camera": [
    7.047657489776611,
    -6.569926738739014,
    5.716409683227539
  ]
}