{
  "Lamp_Back": [
    -1.8279362916946411,
    2.7641632556915283,
    5.844728946685791
  ],
  "Lamp_Fill": [
    -4.368931770324707,
    -4.617734909057617,
    3.8241214752197266
  ],
  "objects": [
    {
      "3d_coords": [
        1.788791298866272,
        -1.8521602153778076,
        1.5
      ],
      "size": 1.5,
      "shape": "SmoothCube_v2",
      "color": [
        1.0,
        0.0,
        1.0,
        1.0
      ],
      "pixel_coords": [
        61,
        62,
        8.342340469360352
      ],
      "material": "Rubber",
      "rotation": 0.0
    },
    {
      "3d_coords": [
        0.040876828134059906,
        2.859816312789917,
        1.5
      ],
      "size": 1.5,
      "shape": "SmoothCube_v2",
      "color": [
        1.0,
        0.0,
        1.0,
        1.0
      ],
      "pixel_coords": [
        89,
        39,
        12.259926795959473
      ],
      "material": "Rubber",
      "rotation": 0.0
    }
  ],
  "Camera": [
    7.469537258148193,
    -6.6352338790893555,
    5.307772636413574
  ],
  "image_filename": "000003009015095427",
  "Lamp_Key": [
    6.040884971618652,
    -3.3132190704345703,
    4.050454616546631
  ]
}