{
  "Camera": [
    7.073668956756592,
    -6.687028884887695,
    5.288094520568848
  ],
  "image_filename": "000002132616920132",
  "objects": [
    {
      "rotation": 0.0,
      "pixel_coords": [
        99,
        51,
        9.615405082702637
      ],
      "color": [
        0.0,
        1.0,
        1.0,
        1.0
      ],
      "material": "MyMetal",
      "3d_coords": [
        2.2882437705993652,
        1.1841769218444824,
        1.5
      ],
      "shape": "SmoothCylinder",
      "size": 1.5
    },
    {
      "rotation": 0.0,
      "pixel_coords": [
        59,
        35,
        12.961006164550781
      ],
      "color": [
        0.0,
        1.0,
        1.0,
        1.0
      ],
      "material": "MyMetal",
      "3d_coords": [
        -2.482978105545044,
        1.6794301271438599,
        1.5
      ],
      "shape": "Sphere",
      "size": 1.5
    }
  ],
  "Lamp_Back": [
    -0.3486524522304535,
    2.5415148735046387,
    5.8845109939575195
  ],
  "Lamp_Fill": [
    -4.701307773590088,
    -3.583167314529419,
    3.312324285507202
  ],
  "Lamp_Key": [
    7.258793354034424,
    -1.9667428731918335,
    4.722153663635254
  ]
}