{
  "objects": [
    {
      "pixel_coords": [
        57,
        59,
        7.835143089294434
      ],
      "shape": "Sphere",
      "rotation": 0.0,
      "color": [
        0.0,
        0.0,
        1.0,
        1.0
      ],
      "material": "MyMetal",
      "size": 2.0,
      "3d_coords": [
        2.0786049365997314,
        -2.273296356201172,
        2.0
      ]
    },
    {
      "pixel_coords": [
        64,
        30,
        12.9912691116333
      ],
      "shape": "SmoothCylinder",
      "rotation": 0.0,
      "color": [
        1.0,
        0.0,
        0.0,
        1.0
      ],
      "material": "MyMetal",
      "size": 2.0,
      "3d_coords": [
        -2.2057042121887207,
        1.8032605648040771,
        2.0
      ]
    }
  ],
  "Lamp_Back": [
    -0.5770426988601685,
    3.055302858352661,
    5.950721740722656
  ],
  "Camera": [
    7.704437255859375,
    -6.416248798370361,
    5.5802741050720215
  ],
  "Lamp_Fill": [
    -5.64001989364624,
    -3.1697685718536377,
    3.5421128273010254
  ],
  "Lamp_Key": [
    5.851876735687256,
    -3.2234089374542236,
    4.772103309631348
  ],
  "image_filename": "000000912388075542"
}