{
  "Camera": [
    7.206195831298828,
    -6.340463161468506,
    5.609032154083252
  ],
  "Lamp_Key": [
    6.985588550567627,
    -2.7952983379364014,
    3.877723217010498
  ],
  "Lamp_Fill": [
    -5.274939060211182,
    -4.858186721801758,
    2.2855608463287354
  ],
  "image_filename": "000001286769445912",
  "objects": [
    {
      "3d_coords": [
        -2.7171695232391357,
        -0.15580885112285614,
        1.5
      ],
      "color": [
        0.0,
        0.0,
        1.0,
        1.0
      ],
      "pixel_coords": [
        42,
        38,
        12.032803535461426
      ],
      "shape": "Sphere",
      "size": 1.5,
      "material": "MyMetal",
      "rotation": 0.0
    },
    {
      "3d_coords": [
        1.5551183223724365,
        -0.42185527086257935,
        2.0
      ],
      "color": [
        1.0,
        1.0,
        0.0,
        1.0
      ],
      "pixel_coords": [
        75,
        48,
        8.859492301940918
      ],
      "shape": "SmoothCube_v2",
      "size": 2.0,
      "material": "Rubber",
      "rotation": 0.0
    }
  ],
  "Lamp_Back": [
    -0.5278927087783813,
    3.6094563007354736,
    5.360415935516357
  ]
}