{
  "image_filename": "000005314462427914",
  "objects": [
    {
      "shape": "Cylinder",
      "size": 1.0,
      "material": "data/materials/PoliigonChainmailCopperRoundedThin001.blend",
      "3d_coords": [
        -2.0697295665740967,
        -0.34484127163887024,
        1.0
      ],
      "rotation": 0.0,
      "pixel_coords": [
        44,
        46,
        11.990121841430664
      ]
    },
    {
      "shape": "Icosahedron",
      "size": 1.0,
      "material": "data/materials/PoliigonFabricFleece001.blend",
      "3d_coords": [
        2.320979595184326,
        -1.1440808773040771,
        1.0
      ],
      "rotation": 0.0,
      "pixel_coords": [
        76,
        70,
        8.780341148376465
      ]
    }
  ],
  "ground_material": "data/materials/PoliigonFabricDenim003.blend",
  "Lamp_Key": [
    7.44628381729126,
    -2.3399295806884766,
    3.8927900791168213
  ],
  "Lamp_Back": [
    -0.3608436584472656,
    2.352853536605835,
    6.519339561462402
  ],
  "Lamp_Fill": [
    -4.258859634399414,
    -3.7872231006622314,
    2.2906229496002197
  ],
  "Camera": [
    7.109919548034668,
    -6.782845497131348,
    5.808406352996826
  ]
}