{
  "Lamp_Back": [
    -1.651172399520874,
    2.253291368484497,
    6.049431324005127
  ],
  "Lamp_Fill": [
    -3.9490532875061035,
    -4.822901248931885,
    2.488436222076416
  ],
  "objects": [
    {
      "shape": "Sphere",
      "3d_coords": [
        -2.060326099395752,
        -2.0525617599487305,
        1.5
      ],
      "material": "MyMetal",
      "color": [
        0.0,
        1.0,
        0.0,
        1.0
      ],
      "pixel_coords": [
        27,
        46,
        11.030115127563477
      ],
      "size": 1.5,
      "rotation": 0.0
    },
    {
      "shape": "SmoothCube_v2",
      "3d_coords": [
        1.2529443502426147,
        0.752963662147522,
        1.0
      ],
      "material": "Rubber",
      "color": [
        1.0,
        0.0,
        0.0,
        1.0
      ],
      "pixel_coords": [
        82,
        56,
        10.650100708007812
      ],
      "size": 1.0,
      "rotation": 0.0
    }
  ],
  "Camera": [
    7.6608710289001465,
    -6.4535417556762695,
    5.768626689910889
  ],
  "image_filename": "000001253561831902",
  "Lamp_Key": [
    6.152899742126465,
    -3.042933225631714,
    5.082190990447998
  ]
}