{
  "image_filename": "000013759632793541",
  "objects": [
    {
      "shape": "Cylinder",
      "size": 1.5,
      "material": "data/materials/PoliigonWoodFlooring061.blend",
      "3d_coords": [
        1.5013153553009033,
        0.6011171936988831,
        1.5
      ],
      "rotation": 0.0,
      "pixel_coords": [
        84,
        51,
        10.413043022155762
      ]
    },
    {
      "shape": "Torus",
      "size": 2.0,
      "material": "data/materials/PoliigonChainmailCopperRoundedThin001.blend",
      "3d_coords": [
        -2.807188034057617,
        -0.8435733914375305,
        2.0
      ],
      "rotation": 0.0,
      "pixel_coords": [
        35,
        35,
        12.098309516906738
      ]
    }
  ],
  "ground_material": "data/materials/PoliigonFabricFleece001.blend",
  "Lamp_Key": [
    6.7678704261779785,
    -3.7237775325775146,
    3.9979097843170166
  ],
  "Lamp_Back": [
    -1.809293270111084,
    2.093858003616333,
    5.056971549987793
  ],
  "Lamp_Fill": [
    -5.594540119171143,
    -4.63517427444458,
    3.9018447399139404
  ],
  "Camera": [
    7.584146022796631,
    -6.898270130157471,
    5.769629001617432
  ]
}