{
  "image_filename": "000007889216549197",
  "objects": [
    {
      "shape": "Torus",
      "size": 1.0,
      "material": "data/materials/PoliigonFabricDenim003.blend",
      "3d_coords": [
        0.9724564552307129,
        -1.580744981765747,
        1.0
      ],
      "rotation": 0.0,
      "pixel_coords": [
        55,
        65,
        8.968900680541992
      ]
    },
    {
      "shape": "Cylinder",
      "size": 1.5,
      "material": "data/materials/PoliigonFabricFleece001.blend",
      "3d_coords": [
        -2.9910988807678223,
        2.8117682933807373,
        1.5
      ],
      "rotation": 0.0,
      "pixel_coords": [
        66,
        29,
        13.69360637664795
      ]
    }
  ],
  "ground_material": "data/materials/PoliigonChainmailCopperRoundedThin001.blend",
  "Lamp_Key": [
    6.003154277801514,
    -2.560636520385742,
    4.67543363571167
  ],
  "Lamp_Back": [
    -1.7552739381790161,
    3.1800272464752197,
    6.1092305183410645
  ],
  "Lamp_Fill": [
    -5.373340129852295,
    -4.070862770080566,
    3.4761133193969727
  ],
  "Camera": [
    7.129817962646484,
    -6.0517048835754395,
    5.782908916473389
  ]
}