{
  "Lamp_Key": [
    5.652681827545166,
    -2.2576076984405518,
    4.083981037139893
  ],
  "Lamp_Back": [
    -1.8919061422348022,
    3.5537221431732178,
    5.680746555328369
  ],
  "objects": [
    {
      "rotation": 0.0,
      "color": [
        1.0,
        0.0,
        1.0,
        1.0
      ],
      "size": 1.5,
      "pixel_coords": [
        86,
        60,
        8.500086784362793
      ],
      "3d_coords": [
        2.764312267303467,
        -0.6084916591644287,
        1.5
      ],
      "shape": "Sphere",
      "material": "MyMetal"
    },
    {
      "rotation": 0.0,
      "color": [
        0.0,
        1.0,
        1.0,
        1.0
      ],
      "size": 1.5,
      "pixel_coords": [
        111,
        46,
        10.83774185180664
      ],
      "3d_coords": [
        2.264996290206909,
        2.8214528560638428,
        1.5
      ],
      "shape": "SmoothCylinder",
      "material": "Rubber"
    }
  ],
  "Camera": [
    7.840995788574219,
    -6.6327972412109375,
    4.9639506340026855
  ],
  "image_filename": "000015303844927382",
  "Lamp_Fill": [
    -5.156851768493652,
    -4.025354862213135,
    3.2977285385131836
  ]
}