{
  "image_filename": "000008376919324364",
  "Camera": [
    7.665075302124023,
    -6.415149211883545,
    4.97773551940918
  ],
  "Lamp_Key": [
    6.885219573974609,
    -1.952556848526001,
    3.8195321559906006
  ],
  "Lamp_Fill": [
    -4.248406887054443,
    -3.2088816165924072,
    2.4737741947174072
  ],
  "objects": [
    {
      "color": [
        0.0,
        0.0,
        1.0,
        1.0
      ],
      "pixel_coords": [
        71,
        49,
        11.335319519042969
      ],
      "material": "Rubber",
      "rotation": 0.0,
      "shape": "SmoothCube_v2",
      "size": 1.0,
      "3d_coords": [
        -0.18576624989509583,
        0.8482387661933899,
        1.0
      ]
    },
    {
      "color": [
        0.0,
        1.0,
        1.0,
        1.0
      ],
      "pixel_coords": [
        34,
        41,
        9.920037269592285
      ],
      "material": "Rubber",
      "rotation": 0.0,
      "shape": "SmoothCube_v2",
      "size": 2.0,
      "3d_coords": [
        -1.0460517406463623,
        -1.8671820163726807,
        2.0
      ]
    }
  ],
  "Lamp_Back": [
    -0.6334299445152283,
    3.569575309753418,
    6.001768112182617
  ]
}