{
  "Lamp_Fill": [
    -4.396573066711426,
    -3.2527334690093994,
    2.6838347911834717
  ],
  "Lamp_Back": [
    -2.0787863731384277,
    2.824502468109131,
    5.355452537536621
  ],
  "objects": [
    {
      "shape": "Sphere",
      "pixel_coords": [
        55,
        65,
        8.250980377197266
      ],
      "material": "MyMetal",
      "rotation": 0.0,
      "size": 1.5,
      "color": [
        0.0,
        1.0,
        0.0,
        1.0
      ],
      "3d_coords": [
        1.790177822113037,
        -2.3510613441467285,
        1.5
      ]
    },
    {
      "shape": "Sphere",
      "pixel_coords": [
        97,
        44,
        11.390162467956543
      ],
      "material": "MyMetal",
      "rotation": 0.0,
      "size": 1.5,
      "color": [
        0.0,
        1.0,
        0.0,
        1.0
      ],
      "3d_coords": [
        1.3572007417678833,
        2.4499640464782715,
        1.5
      ]
    }
  ],
  "Camera": [
    7.477242469787598,
    -6.8600754737854,
    5.459887504577637
  ],
  "image_filename": "000009443575982451",
  "Lamp_Key": [
    7.148301124572754,
    -3.0566978454589844,
    5.206317901611328
  ]
}