{
  "image_filename": "000002415260821867",
  "objects": [
    {
      "shape": "Torus",
      "size": 2.0,
      "material": "data/materials/PoliigonBricksFlemishRed001.blend",
      "3d_coords": [
        2.913302183151245,
        2.8930232524871826,
        2.0
      ],
      "rotation": 0.0,
      "pixel_coords": [
        121,
        42,
        10.009458541870117
      ]
    },
    {
      "shape": "Cone",
      "size": 2.0,
      "material": "data/materials/PoliigonFabricDenim003.blend",
      "3d_coords": [
        -0.36563974618911743,
        -0.4265146255493164,
        2.0
      ],
      "rotation": 0.0,
      "pixel_coords": [
        56,
        41,
        10.218432426452637
      ]
    }
  ],
  "ground_material": "data/materials/PoliigonBricksFlemishRed001.blend",
  "Lamp_Key": [
    6.077051162719727,
    -2.2601091861724854,
    4.187187194824219
  ],
  "Lamp_Back": [
    -1.1621873378753662,
    2.72189998626709,
    6.517205715179443
  ],
  "Lamp_Fill": [
    -5.554619312286377,
    -3.815542221069336,
    2.489487886428833
  ],
  "Camera": [
    7.220770835876465,
    -6.424169540405273,
    5.760290145874023
  ]
}