{
  "Camera": [
    7.018548965454102,
    -6.47900915145874,
    5.668321132659912
  ],
  "image_filename": "000000214044409129",
  "objects": [
    {
      "rotation": 0.0,
      "color": [
        1.0,
        0.0,
        0.0,
        1.0
      ],
      "pixel_coords": [
        68,
        52,
        10.763786315917969
      ],
      "shape": "Sphere",
      "3d_coords": [
        0.040175240486860275,
        0.3298630118370056,
        1.0
      ],
      "size": 1.0,
      "material": "Rubber"
    },
    {
      "rotation": 0.0,
      "color": [
        1.0,
        1.0,
        0.0,
        1.0
      ],
      "pixel_coords": [
        113,
        40,
        10.056527137756348
      ],
      "shape": "Sphere",
      "3d_coords": [
        2.415945529937744,
        2.565882682800293,
        2.0
      ],
      "size": 2.0,
      "material": "MyMetal"
    }
  ],
  "Lamp_Key": [
    7.149476051330566,
    -2.8579299449920654,
    4.688531398773193
  ],
  "Lamp_Back": [
    -1.7757573127746582,
    1.695623517036438,
    5.677791595458984
  ],
  "Lamp_Fill": [
    -4.984476566314697,
    -4.859134674072266,
    3.7809622287750244
  ]
}