{
  "image_filename": "000012589839158315",
  "objects": [
    {
      "shape": "Suzanne",
      "size": 1.5,
      "material": "data/materials/PoliigonMetalSpottyDiscoloration001.blend",
      "3d_coords": [
        2.614842176437378,
        -0.019330184906721115,
        1.5
      ],
      "rotation": 0.0,
      "pixel_coords": [
        90,
        60,
        8.972939491271973
      ]
    },
    {
      "shape": "Torus",
      "size": 1.5,
      "material": "data/materials/PoliigonBricksFlemishRed001.blend",
      "3d_coords": [
        -1.6860915422439575,
        -1.3091323375701904,
        1.5
      ],
      "rotation": 0.0,
      "pixel_coords": [
        38,
        45,
        11.062553405761719
      ]
    }
  ],
  "ground_material": "data/materials/PoliigonBricksFlemishRed001.blend",
  "Lamp_Key": [
    6.38192081451416,
    -3.124469757080078,
    3.3827829360961914
  ],
  "Lamp_Back": [
    -1.251671552658081,
    2.1290769577026367,
    4.953205108642578
  ],
  "Lamp_Fill": [
    -4.8276472091674805,
    -4.241095066070557,
    3.22552752494812
  ],
  "Camera": [
    7.492695331573486,
    -6.42624568939209,
    5.812498092651367
  ]
}