{
  "image_filename": "000013761867287253",
  "objects": [
    {
      "shape": "Sphere",
      "size": 1.0,
      "material": "data/materials/PoliigonBricksPaintedWhite001.blend",
      "3d_coords": [
        2.349557399749756,
        -2.9430339336395264,
        1.0
      ],
      "rotation": 0.0,
      "pixel_coords": [
        49,
        81,
        6.8424153327941895
      ]
    },
    {
      "shape": "Sphere",
      "size": 1.5,
      "material": "data/materials/PoliigonWoodFlooring061.blend",
      "3d_coords": [
        -2.1797826290130615,
        -2.8879427909851074,
        1.5
      ],
      "rotation": 0.0,
      "pixel_coords": [
        12,
        46,
        9.69363784790039
      ]
    }
  ],
  "ground_material": "data/materials/PoliigonBricksFlemishRed001.blend",
  "Lamp_Key": [
    6.698800563812256,
    -2.7630457878112793,
    4.217734336853027
  ],
  "Lamp_Back": [
    -1.7493561506271362,
    2.450197458267212,
    6.441971302032471
  ],
  "Lamp_Fill": [
    -5.53079080581665,
    -3.0726239681243896,
    3.4257864952087402
  ],
  "Camera": [
    7.129664421081543,
    -6.0761919021606445,
    4.919172286987305
  ]
}