{
  "objects": [
    {
      "size": 1.0,
      "pixel_coords": [
        52,
        77,
        7.865762710571289
      ],
      "3d_coords": [
        2.3303446769714355,
        -2.7459609508514404,
        1.0
      ],
      "color": [
        0.0,
        1.0,
        0.0,
        1.0
      ],
      "shape": "Suzanne",
      "rotation": 0.0,
      "material": "Rubber"
    },
    {
      "size": 2.0,
      "pixel_coords": [
        73,
        41,
        10.359095573425293
      ],
      "3d_coords": [
        0.5583164691925049,
        0.3639448285102844,
        2.0
      ],
      "color": [
        1.0,
        1.0,
        0.0,
        1.0
      ],
      "shape": "SmoothCube_v2",
      "rotation": 0.0,
      "material": "Rubber"
    }
  ],
  "Lamp_Back": [
    -1.9248075485229492,
    3.4770162105560303,
    6.423174858093262
  ],
  "Camera": [
    7.870337009429932,
    -6.420238018035889,
    5.322225570678711
  ],
  "Lamp_Key": [
    7.214488506317139,
    -2.329347848892212,
    4.2006754875183105
  ],
  "Lamp_Fill": [
    -3.7313783168792725,
    -4.323625087738037,
    2.975165367126465
  ],
  "image_filename": "000004538551007922"
}