{
  "objects": [
    {
      "size": 1.0,
      "rotation": 0.0,
      "3d_coords": [
        1.4962565898895264,
        2.5829997062683105,
        1.0
      ],
      "material": "MyMetal",
      "shape": "SmoothCylinder",
      "pixel_coords": [
        100,
        50,
        11.39535140991211
      ],
      "color": [
        0.0,
        1.0,
        0.0,
        1.0
      ]
    },
    {
      "size": 1.5,
      "rotation": 0.0,
      "3d_coords": [
        -0.7772592902183533,
        -2.558351755142212,
        1.5
      ],
      "material": "MyMetal",
      "shape": "Sphere",
      "pixel_coords": [
        29,
        51,
        9.801209449768066
      ],
      "color": [
        0.0,
        0.0,
        1.0,
        1.0
      ]
    }
  ],
  "Camera": [
    7.8927812576293945,
    -6.538137435913086,
    4.9565019607543945
  ],
  "Lamp_Back": [
    -1.6320419311523438,
    2.2870583534240723,
    5.347369194030762
  ],
  "Lamp_Key": [
    5.702503681182861,
    -2.0887770652770996,
    4.735884666442871
  ],
  "Lamp_Fill": [
    -4.544370174407959,
    -4.253933429718018,
    2.5019519329071045
  ],
  "image_filename": "000006199612977927"
}