{
  "image_filename": "000006032114428187",
  "Lamp_Back": [
    -0.29497867822647095,
    2.5837576389312744,
    5.736842632293701
  ],
  "objects": [
    {
      "size": 1.5,
      "shape": "SmoothCube_v2",
      "material": "MyMetal",
      "3d_coords": [
        1.172601342201233,
        0.7370594143867493,
        1.5
      ],
      "color": [
        1.0,
        0.0,
        0.0,
        1.0
      ],
      "rotation": 0.0,
      "pixel_coords": [
        83,
        49,
        9.93367862701416
      ]
    },
    {
      "size": 2.0,
      "shape": "SmoothCube_v2",
      "material": "Rubber",
      "3d_coords": [
        -2.3820173740386963,
        -2.065351963043213,
        2.0
      ],
      "color": [
        1.0,
        0.0,
        1.0,
        1.0
      ],
      "rotation": 0.0,
      "pixel_coords": [
        22,
        38,
        10.352532386779785
      ]
    }
  ],
  "Camera": [
    7.033377170562744,
    -6.229702949523926,
    5.824924945831299
  ],
  "Lamp_Fill": [
    -5.526788234710693,
    -4.984639644622803,
    3.262568950653076
  ],
  "Lamp_Key": [
    5.994148254394531,
    -2.1427218914031982,
    4.149069786071777
  ]
}