{
  "image_filename": "000006816934034893",
  "objects": [
    {
      "shape": "Sphere",
      "size": 1.5,
      "material": "data/materials/PoliigonBricksPaintedWhite001.blend",
      "3d_coords": [
        2.307063579559326,
        -2.636317014694214,
        1.5
      ],
      "rotation": 0.0,
      "pixel_coords": [
        56,
        69,
        7.186470985412598
      ]
    },
    {
      "shape": "Sphere",
      "size": 1.5,
      "material": "data/materials/PoliigonBricksFlemishRed001.blend",
      "3d_coords": [
        -1.9191125631332397,
        2.6164023876190186,
        1.5
      ],
      "rotation": 0.0,
      "pixel_coords": [
        71,
        34,
        13.111063003540039
      ]
    }
  ],
  "ground_material": "data/materials/PoliigonFabricFleece001.blend",
  "Lamp_Key": [
    6.585110187530518,
    -3.049168348312378,
    4.487557888031006
  ],
  "Lamp_Back": [
    -1.7370389699935913,
    1.7569482326507568,
    4.948116779327393
  ],
  "Lamp_Fill": [
    -4.383876323699951,
    -4.582304954528809,
    2.900521755218506
  ],
  "Camera": [
    7.239060878753662,
    -6.545459270477295,
    5.0028076171875
  ]
}