{
  "Lamp_Key": [
    6.777744770050049,
    -1.9631352424621582,
    4.120121479034424
  ],
  "Camera": [
    7.427916049957275,
    -6.07008695602417,
    5.631484031677246
  ],
  "Lamp_Fill": [
    -4.524899005889893,
    -4.045480728149414,
    3.2177464962005615
  ],
  "image_filename": "000014831975468999",
  "Lamp_Back": [
    -0.3819173276424408,
    1.8528577089309692,
    6.557519912719727
  ],
  "objects": [
    {
      "pixel_coords": [
        29,
        53,
        10.556068420410156
      ],
      "color": [
        0.0,
        1.0,
        0.0,
        1.0
      ],
      "size": 1.0,
      "3d_coords": [
        -1.6009143590927124,
        -2.0712170600891113,
        1.0
      ],
      "rotation": 0.0,
      "shape": "Sphere",
      "material": "Rubber"
    },
    {
      "pixel_coords": [
        60,
        33,
        13.011109352111816
      ],
      "color": [
        0.0,
        1.0,
        0.0,
        1.0
      ],
      "size": 1.5,
      "3d_coords": [
        -2.5853404998779297,
        1.6869323253631592,
        1.5
      ],
      "rotation": 0.0,
      "shape": "Sphere",
      "material": "Rubber"
    }
  ]
}