{
  "image_filename": "000002413453537372",
  "objects": [
    {
      "shape": "Icosahedron",
      "size": 2.0,
      "material": "data/materials/PoliigonMetalSpottyDiscoloration001.blend",
      "3d_coords": [
        -0.7638080716133118,
        -0.7665253281593323,
        2.0
      ],
      "rotation": 0.0,
      "pixel_coords": [
        50,
        40,
        10.505820274353027
      ]
    },
    {
      "shape": "Torus",
      "size": 1.5,
      "material": "data/materials/PoliigonWoodFlooring061.blend",
      "3d_coords": [
        -0.48056674003601074,
        2.876380443572998,
        1.5
      ],
      "rotation": 0.0,
      "pixel_coords": [
        86,
        37,
        12.51507568359375
      ]
    }
  ],
  "ground_material": "data/materials/PoliigonFabricDenim003.blend",
  "Lamp_Key": [
    5.523089408874512,
    -2.035172462463379,
    3.567786455154419
  ],
  "Lamp_Back": [
    -1.5332485437393188,
    2.8981080055236816,
    5.309664726257324
  ],
  "Lamp_Fill": [
    -5.220325946807861,
    -4.350069999694824,
    2.8364827632904053
  ],
  "Camera": [
    7.72409725189209,
    -6.101850509643555,
    5.7703094482421875
  ]
}