{
  "Lamp_Back": [
    -1.4576762914657593,
    3.484586477279663,
    6.216641426086426
  ],
  "objects": [
    {
      "rotation": 0.0,
      "color": [
        1.0,
        1.0,
        0.0,
        1.0
      ],
      "pixel_coords": [
        45,
        37,
        12.057394027709961
      ],
      "shape": "SmoothCylinder",
      "size": 2.0,
      "3d_coords": [
        -2.0227489471435547,
        -0.3748353123664856,
        2.0
      ],
      "material": "MyMetal"
    },
    {
      "rotation": 0.0,
      "color": [
        1.0,
        0.0,
        1.0,
        1.0
      ],
      "pixel_coords": [
        113,
        42,
        10.79604721069336
      ],
      "shape": "Sphere",
      "size": 2.0,
      "3d_coords": [
        2.597327947616577,
        2.759720802307129,
        2.0
      ],
      "material": "MyMetal"
    }
  ],
  "Lamp_Fill": [
    -4.552559852600098,
    -3.521662712097168,
    3.239542007446289
  ],
  "Lamp_Key": [
    5.464672565460205,
    -2.7206976413726807,
    4.370794773101807
  ],
  "Camera": [
    7.926365852355957,
    -6.918652534484863,
    5.429104328155518
  ],
  "image_filename": "000015391813786372"
}