{
  "image_filename": "000007161488998579",
  "objects": [
    {
      "shape": "Torus",
      "size": 1.5,
      "material": "data/materials/PoliigonWoodFlooring061.blend",
      "3d_coords": [
        1.6315151453018188,
        1.8053606748580933,
        1.5
      ],
      "rotation": 0.0,
      "pixel_coords": [
        97,
        47,
        10.332436561584473
      ]
    },
    {
      "shape": "Cylinder",
      "size": 2.0,
      "material": "data/materials/PoliigonChainmailCopperRoundedThin001.blend",
      "3d_coords": [
        -2.299345016479492,
        -1.9167938232421875,
        2.0
      ],
      "rotation": 0.0,
      "pixel_coords": [
        26,
        37,
        10.728981971740723
      ]
    }
  ],
  "ground_material": "data/materials/PoliigonRoofTilesTerracotta004.blend",
  "Lamp_Key": [
    7.192452907562256,
    -3.774090051651001,
    3.9306676387786865
  ],
  "Lamp_Back": [
    -0.24977892637252808,
    3.643946409225464,
    6.666249752044678
  ],
  "Lamp_Fill": [
    -5.014996528625488,
    -4.308210372924805,
    2.038210391998291
  ],
  "Camera": [
    7.710017204284668,
    -6.297626972198486,
    4.924152851104736
  ]
}