{
  "image_filename": "000007759238746276",
  "Camera": [
    7.283295631408691,
    -6.923757076263428,
    5.4750752449035645
  ],
  "objects": [
    {
      "pixel_coords": [
        33,
        46,
        9.568540573120117
      ],
      "color": [
        0.0,
        0.0,
        1.0,
        1.0
      ],
      "shape": "Sphere",
      "material": "Rubber",
      "rotation": 0.0,
      "size": 2.0,
      "3d_coords": [
        -0.7052540183067322,
        -2.2598886489868164,
        2.0
      ]
    },
    {
      "pixel_coords": [
        71,
        44,
        12.735487937927246
      ],
      "color": [
        0.0,
        1.0,
        1.0,
        1.0
      ],
      "shape": "Sphere",
      "material": "MyMetal",
      "rotation": 0.0,
      "size": 1.0,
      "3d_coords": [
        -0.9917787909507751,
        1.8823837041854858,
        1.0
      ]
    }
  ],
  "Lamp_Fill": [
    -4.5203094482421875,
    -4.284806251525879,
    2.903661012649536
  ],
  "Lamp_Key": [
    5.5800909996032715,
    -2.0378804206848145,
    3.7378811836242676
  ],
  "Lamp_Back": [
    -0.6026922464370728,
    3.4392282962799072,
    6.100079536437988
  ]
}