{
  "image_filename": "00000027",
  "objects": [
    {
      "shape": "square",
      "size": 0.325,
      "rotation": 0.0,
      "2d_coords": [
        0.8399806722167346,
        0.6077219808974428
      ],
      "color": [
        0,
        127,
        255
      ]
    },
    {
      "shape": "triangle",
      "size": 0.425,
      "rotation": 0.0,
      "2d_coords": [
        0.1561682024590633,
        0.44849780523596533
      ],
      "color": [
        255,
        0,
        255
      ]
    }
  ]
}