{
  "image_filename": "00000064",
  "objects": [
    {
      "shape": "square",
      "size": 0.125,
      "rotation": 0.0,
      "2d_coords": [
        0.5140745119861266,
        0.8501539578707559
      ],
      "color": [
        0,
        255,
        0
      ]
    },
    {
      "shape": "square",
      "size": 0.225,
      "rotation": 0.0,
      "2d_coords": [
        0.6945684353656176,
        0.09422543070059906
      ],
      "color": [
        0,
        255,
        0
      ]
    }
  ]
}