{
  "Lamp_Fill": [
    -5.539306163787842,
    -3.5969767570495605,
    2.777784585952759
  ],
  "Lamp_Key": [
    6.301171779632568,
    -3.760016918182373,
    4.718541145324707
  ],
  "Camera": [
    7.366898536682129,
    -6.595954895019531,
    5.0670270919799805
  ],
  "Lamp_Back": [
    -1.1226563453674316,
    2.5636544227600098,
    6.406924724578857
  ],
  "objects": [
    {
      "color": [
        1.0,
        1.0,
        0.0,
        1.0
      ],
      "size": 1.0,
      "pixel_coords": [
        30,
        59,
        9.630184173583984
      ],
      "rotation": 0.0,
      "3d_coords": [
        -0.7202341556549072,
        -2.5305228233337402,
        1.0
      ],
      "shape": "SmoothCylinder",
      "material": "MyMetal"
    },
    {
      "color": [
        1.0,
        0.0,
        1.0,
        1.0
      ],
      "size": 2.0,
      "pixel_coords": [
        45,
        32,
        12.081912994384766
      ],
      "rotation": 0.0,
      "3d_coords": [
        -2.6630630493164062,
        0.19771964848041534,
        2.0
      ],
      "shape": "SmoothCylinder",
      "material": "Rubber"
    }
  ],
  "image_filename": "000000416960333279"
}