{
  "Lamp_Key": [
    6.320192337036133,
    -2.8753550052642822,
    4.179380416870117
  ],
  "Lamp_Back": [
    -0.6284106373786926,
    2.3033342361450195,
    5.418704986572266
  ],
  "Camera": [
    7.6638593673706055,
    -6.701706409454346,
    5.663097381591797
  ],
  "image_filename": "000015514445646469",
  "objects": [
    {
      "rotation": 0.0,
      "shape": "Sphere",
      "color": [
        1.0,
        0.0,
        1.0,
        1.0
      ],
      "pixel_coords": [
        58,
        36,
        11.6494140625
      ],
      "size": 2.0,
      "3d_coords": [
        -1.1649806499481201,
        0.3571105897426605,
        2.0
      ],
      "material": "MyMetal"
    },
    {
      "rotation": 0.0,
      "shape": "SmoothCylinder",
      "color": [
        0.0,
        0.0,
        1.0,
        1.0
      ],
      "pixel_coords": [
        76,
        59,
        8.038559913635254
      ],
      "size": 2.0,
      "3d_coords": [
        2.732386350631714,
        -1.4628629684448242,
        2.0
      ],
      "material": "MyMetal"
    }
  ],
  "Lamp_Fill": [
    -4.405172824859619,
    -3.9309568405151367,
    3.3832902908325195
  ]
}