{
  "Lamp_Key": [
    6.688441753387451,
    -1.911620855331421,
    4.060847759246826
  ],
  "image_filename": "000004056155754220",
  "Lamp_Fill": [
    -3.825538396835327,
    -3.8296539783477783,
    2.3620660305023193
  ],
  "Lamp_Back": [
    -0.6519176959991455,
    2.156930685043335,
    6.148492336273193
  ],
  "objects": [
    {
      "shape": "SmoothCylinder",
      "3d_coords": [
        -2.715402364730835,
        1.9339278936386108,
        2.0
      ],
      "rotation": 0.0,
      "size": 2.0,
      "color": [
        0.0,
        0.0,
        1.0,
        1.0
      ],
      "pixel_coords": [
        61,
        27,
        12.699913024902344
      ],
      "material": "Rubber"
    },
    {
      "shape": "SmoothCube_v2",
      "3d_coords": [
        0.3766055107116699,
        0.42641937732696533,
        1.0
      ],
      "rotation": 0.0,
      "size": 1.0,
      "color": [
        1.0,
        0.0,
        1.0,
        1.0
      ],
      "pixel_coords": [
        72,
        52,
        10.292856216430664
      ],
      "material": "Rubber"
    }
  ],
  "Camera": [
    7.113986968994141,
    -6.146289825439453,
    5.292750835418701
  ]
}