{
  "image_filename": "00000078",
  "objects": [
    {
      "shape": "star_4",
      "size": 0.325,
      "rotation": 0.0,
      "2d_coords": [
        0.2671579543647433,
        0.8669033167901299
      ],
      "color": [
        0,
        127,
        255
      ]
    },
    {
      "shape": "circle",
      "size": 0.125,
      "rotation": 0.0,
      "2d_coords": [
        0.16642018493482966,
        0.47431158741883883
      ],
      "color": [
        255,
        127,
        0
      ]
    }
  ]
}