{
  "Lamp_Key": [
    5.50570011138916,
    -3.8995723724365234,
    4.602306365966797
  ],
  "Lamp_Back": [
    -1.7675114870071411,
    2.152083158493042,
    5.636911869049072
  ],
  "objects": [
    {
      "material": "Rubber",
      "color": [
        1.0,
        0.0,
        1.0,
        1.0
      ],
      "pixel_coords": [
        60,
        68,
        8.788186073303223
      ],
      "rotation": 0.0,
      "shape": "SmoothCylinder",
      "3d_coords": [
        1.4410388469696045,
        -1.681923508644104,
        1.0
      ],
      "size": 1.0
    },
    {
      "material": "MyMetal",
      "color": [
        1.0,
        0.0,
        0.0,
        1.0
      ],
      "pixel_coords": [
        90,
        45,
        10.772937774658203
      ],
      "rotation": 0.0,
      "shape": "Sphere",
      "3d_coords": [
        1.0893694162368774,
        1.7497460842132568,
        1.5
      ],
      "size": 1.5
    }
  ],
  "Camera": [
    7.120497703552246,
    -6.561639785766602,
    5.613974094390869
  ],
  "image_filename": "000015741836780296",
  "Lamp_Fill": [
    -5.401731014251709,
    -4.6468000411987305,
    3.1612491607666016
  ]
}