{
  "image_filename": "000011985707070996",
  "objects": [
    {
      "shape": "Cone",
      "size": 1.5,
      "material": "data/materials/PoliigonBricksFlemishRed001.blend",
      "3d_coords": [
        -1.849257469177246,
        -1.8163648843765259,
        1.5
      ],
      "rotation": 0.0,
      "pixel_coords": [
        29,
        45,
        10.321697235107422
      ]
    },
    {
      "shape": "Icosahedron",
      "size": 1.0,
      "material": "data/materials/PoliigonFabricFleece001.blend",
      "3d_coords": [
        1.503401756286621,
        -2.3574771881103516,
        1.0
      ],
      "rotation": 0.0,
      "pixel_coords": [
        51,
        71,
        8.064927101135254
      ]
    }
  ],
  "ground_material": "data/materials/PoliigonChainmailCopperRoundedThin001.blend",
  "Lamp_Key": [
    6.534575939178467,
    -3.518383502960205,
    4.669137954711914
  ],
  "Lamp_Back": [
    -1.9537824392318726,
    1.9387626647949219,
    4.930935859680176
  ],
  "Lamp_Fill": [
    -5.459666728973389,
    -4.635561466217041,
    3.2020370960235596
  ],
  "Camera": [
    7.07688570022583,
    -6.484447479248047,
    5.199440002441406
  ]
}