{
  "image_filename": "00000024",
  "objects": [
    {
      "shape": "circle",
      "size": 0.125,
      "rotation": 0.0,
      "2d_coords": [
        0.12156987432808018,
        0.13064273081474487
      ],
      "color": [
        0,
        127,
        255
      ]
    },
    {
      "shape": "triangle",
      "size": 0.325,
      "rotation": 0.0,
      "2d_coords": [
        0.6273153774418967,
        0.31157173529110516
      ],
      "color": [
        0,
        255,
        0
      ]
    }
  ]
}