{
  "Lamp_Key": [
    5.858508586883545,
    -2.458348274230957,
    4.016900062561035
  ],
  "Camera": [
    7.52419900894165,
    -6.459437847137451,
    5.1125664710998535
  ],
  "Lamp_Fill": [
    -4.186757564544678,
    -3.4767327308654785,
    2.3297996520996094
  ],
  "objects": [
    {
      "rotation": 0.0,
      "3d_coords": [
        0.3506688177585602,
        -2.9301207065582275,
        2.0
      ],
      "color": [
        0.0,
        1.0,
        0.0,
        1.0
      ],
      "shape": "Sphere",
      "material": "MyMetal",
      "pixel_coords": [
        30,
        51,
        8.30748176574707
      ],
      "size": 2.0
    },
    {
      "rotation": 0.0,
      "3d_coords": [
        -1.2523579597473145,
        2.663947343826294,
        1.5
      ],
      "color": [
        0.0,
        1.0,
        0.0,
        1.0
      ],
      "shape": "SmoothCube_v2",
      "material": "Rubber",
      "pixel_coords": [
        77,
        36,
        12.856446266174316
      ],
      "size": 1.5
    }
  ],
  "image_filename": "000003673289038679",
  "Lamp_Back": [
    -1.2657891511917114,
    2.3473265171051025,
    5.859915733337402
  ]
}