{
  "image_filename": "000009863987505738",
  "objects": [
    {
      "shape": "NewellTeapot",
      "size": 1.0,
      "material": "data/materials/PoliigonMetalSpottyDiscoloration001.blend",
      "3d_coords": [
        -2.8452420234680176,
        -2.9475440979003906,
        1.0
      ],
      "rotation": 0.0,
      "pixel_coords": [
        10,
        53,
        10.6351318359375
      ]
    },
    {
      "shape": "Cylinder",
      "size": 1.5,
      "material": "data/materials/PoliigonChainmailCopperRoundedThin001.blend",
      "3d_coords": [
        2.897137403488159,
        1.0384362936019897,
        1.5
      ],
      "rotation": 0.0,
      "pixel_coords": [
        106,
        53,
        9.260942459106445
      ]
    }
  ],
  "ground_material": "data/materials/PoliigonFabricDenim003.blend",
  "Lamp_Key": [
    6.24567985534668,
    -3.488605260848999,
    4.496318340301514
  ],
  "Lamp_Back": [
    -1.611124038696289,
    2.770589590072632,
    5.083492279052734
  ],
  "Lamp_Fill": [
    -4.688745498657227,
    -4.70747184753418,
    3.9659266471862793
  ],
  "Camera": [
    7.04157018661499,
    -6.947010040283203,
    5.110473155975342
  ]
}