{
  "image_filename": "00000021",
  "objects": [
    {
      "shape": "star_4",
      "size": 0.325,
      "rotation": 0.0,
      "2d_coords": [
        0.2024049185255852,
        0.7680217228920456
      ],
      "color": [
        255,
        127,
        0
      ]
    },
    {
      "shape": "square",
      "size": 0.125,
      "rotation": 0.0,
      "2d_coords": [
        0.9256275401208174,
        0.9147511922567002
      ],
      "color": [
        255,
        127,
        0
      ]
    }
  ]
}