{
  "image_filename": "00000004",
  "objects": [
    {
      "shape": "star_4",
      "size": 0.325,
      "rotation": 0.0,
      "2d_coords": [
        0.14933762704787462,
        0.6406966305187461
      ],
      "color": [
        255,
        0,
        255
      ]
    },
    {
      "shape": "star_4",
      "size": 0.225,
      "rotation": 0.0,
      "2d_coords": [
        0.1743646562137524,
        0.22692412551204816
      ],
      "color": [
        0,
        127,
        255
      ]
    }
  ]
}