{
  "image_filename": "000006007345243750",
  "objects": [
    {
      "shape": "Cone",
      "size": 1.0,
      "material": "data/materials/PoliigonBricksFlemishRed001.blend",
      "3d_coords": [
        -1.2054814100265503,
        -1.82937753200531,
        1.0
      ],
      "rotation": 0.0,
      "pixel_coords": [
        35,
        55,
        10.397768020629883
      ]
    },
    {
      "shape": "Torus",
      "size": 1.5,
      "material": "data/materials/PoliigonWoodFlooring061.blend",
      "3d_coords": [
        1.8870209455490112,
        -1.582772970199585,
        1.5
      ],
      "rotation": 0.0,
      "pixel_coords": [
        67,
        64,
        8.364686012268066
      ]
    }
  ],
  "ground_material": "data/materials/PoliigonBricksFlemishRed001.blend",
  "Lamp_Key": [
    5.937432289123535,
    -3.397359848022461,
    3.7082324028015137
  ],
  "Lamp_Back": [
    -1.3323726654052734,
    1.7650060653686523,
    5.794211387634277
  ],
  "Lamp_Fill": [
    -5.247402191162109,
    -4.37513542175293,
    3.9199752807617188
  ],
  "Camera": [
    6.989875316619873,
    -6.654217720031738,
    5.770120143890381
  ]
}