{
  "objects": [
    {
      "pixel_coords": [
        106,
        39,
        10.792612075805664
      ],
      "material": "Rubber",
      "color": [
        0.0,
        0.0,
        1.0,
        1.0
      ],
      "size": 2.0,
      "3d_coords": [
        1.7780143022537231,
        2.6986141204833984,
        2.0
      ],
      "rotation": 0.0,
      "shape": "Sphere"
    },
    {
      "pixel_coords": [
        82,
        54,
        9.473445892333984
      ],
      "material": "MyMetal",
      "color": [
        0.0,
        1.0,
        1.0,
        1.0
      ],
      "size": 1.5,
      "3d_coords": [
        1.8923953771591187,
        0.06687389314174652,
        1.5
      ],
      "rotation": 0.0,
      "shape": "SmoothCylinder"
    }
  ],
  "Lamp_Fill": [
    -3.6726858615875244,
    -4.988367080688477,
    3.392519950866699
  ],
  "Lamp_Key": [
    6.977353572845459,
    -3.8726091384887695,
    3.566551685333252
  ],
  "Lamp_Back": [
    -1.0645442008972168,
    3.5494930744171143,
    5.091429710388184
  ],
  "image_filename": "000005432588308042",
  "Camera": [
    7.903406620025635,
    -6.383084774017334,
    5.243058681488037
  ]
}