{
  "image_filename": "000008504260993129",
  "Lamp_Fill": [
    -3.9221279621124268,
    -4.279080390930176,
    3.227224588394165
  ],
  "objects": [
    {
      "material": "Rubber",
      "shape": "SmoothCylinder",
      "color": [
        1.0,
        0.0,
        1.0,
        1.0
      ],
      "rotation": 0.0,
      "pixel_coords": [
        29,
        47,
        10.828676223754883
      ],
      "3d_coords": [
        -1.8083958625793457,
        -2.025819778442383,
        1.5
      ],
      "size": 1.5
    },
    {
      "material": "Rubber",
      "shape": "SmoothCube_v2",
      "color": [
        0.0,
        0.0,
        1.0,
        1.0
      ],
      "rotation": 0.0,
      "pixel_coords": [
        87,
        41,
        10.528311729431152
      ],
      "3d_coords": [
        1.1974973678588867,
        1.268607497215271,
        2.0
      ],
      "size": 2.0
    }
  ],
  "Camera": [
    7.515743255615234,
    -6.671510696411133,
    5.7215399742126465
  ],
  "Lamp_Key": [
    6.751507759094238,
    -2.120474100112915,
    4.0927815437316895
  ],
  "Lamp_Back": [
    -1.7874609231948853,
    2.9751744270324707,
    5.944972038269043
  ]
}