{
  "Camera": [
    7.676668643951416,
    -6.346490383148193,
    5.27876615524292
  ],
  "image_filename": "000009261837275601",
  "Lamp_Fill": [
    -4.229156970977783,
    -3.887892246246338,
    2.1755752563476562
  ],
  "Lamp_Back": [
    -0.4177584946155548,
    3.3035216331481934,
    5.9128828048706055
  ],
  "Lamp_Key": [
    6.158182144165039,
    -2.486614465713501,
    3.9089856147766113
  ],
  "objects": [
    {
      "shape": "SmoothCube_v2",
      "material": "Rubber",
      "rotation": 0.0,
      "color": [
        1.0,
        0.0,
        1.0,
        1.0
      ],
      "3d_coords": [
        -0.18324796855449677,
        2.332026720046997,
        1.5
      ],
      "size": 1.5,
      "pixel_coords": [
        84,
        40,
        12.008026123046875
      ]
    },
    {
      "shape": "SmoothCube_v2",
      "material": "Rubber",
      "rotation": 0.0,
      "color": [
        1.0,
        0.0,
        0.0,
        1.0
      ],
      "3d_coords": [
        0.30965375900268555,
        -2.366633176803589,
        1.0
      ],
      "size": 1.0,
      "pixel_coords": [
        39,
        63,
        9.261180877685547
      ]
    }
  ]
}