{
  "Camera": [
    7.403508186340332,
    -6.0629072189331055,
    5.289361476898193
  ],
  "Lamp_Fill": [
    -4.777614116668701,
    -3.852540969848633,
    2.419543981552124
  ],
  "objects": [
    {
      "3d_coords": [
        -1.2800276279449463,
        -0.28706976771354675,
        1.0
      ],
      "pixel_coords": [
        51,
        48,
        11.157594680786133
      ],
      "color": [
        1.0,
        0.0,
        0.0,
        1.0
      ],
      "shape": "SmoothCube_v2",
      "material": "Rubber",
      "size": 1.0,
      "rotation": 0.0
    },
    {
      "3d_coords": [
        2.8856773376464844,
        -2.141282558441162,
        2.0
      ],
      "pixel_coords": [
        68,
        64,
        6.824966907501221
      ],
      "color": [
        0.0,
        1.0,
        1.0,
        1.0
      ],
      "shape": "Suzanne",
      "material": "Rubber",
      "size": 2.0,
      "rotation": 0.0
    }
  ],
  "Lamp_Key": [
    6.516641616821289,
    -3.21172833442688,
    3.578451633453369
  ],
  "image_filename": "000008750246510431",
  "Lamp_Back": [
    -1.4690192937850952,
    3.115226984024048,
    5.462147235870361
  ]
}