{
  "image_filename": "000001378429917934",
  "objects": [
    {
      "shape": "Cone",
      "size": 1.0,
      "material": "data/materials/PoliigonBricksFlemishRed001.blend",
      "3d_coords": [
        0.7439149618148804,
        1.9203779697418213,
        1.0
      ],
      "rotation": 0.0,
      "pixel_coords": [
        88,
        49,
        11.159615516662598
      ]
    },
    {
      "shape": "Sphere",
      "size": 1.0,
      "material": "data/materials/PoliigonRoofTilesTerracotta004.blend",
      "3d_coords": [
        0.767166018486023,
        -1.408847689628601,
        1.0
      ],
      "rotation": 0.0,
      "pixel_coords": [
        56,
        63,
        9.256945610046387
      ]
    }
  ],
  "ground_material": "data/materials/PoliigonBricksFlemishRed001.blend",
  "Lamp_Key": [
    6.741227626800537,
    -2.5174920558929443,
    4.929965972900391
  ],
  "Lamp_Back": [
    -0.6475134491920471,
    1.8248289823532104,
    5.063571453094482
  ],
  "Lamp_Fill": [
    -4.692770004272461,
    -4.6019086837768555,
    3.960787296295166
  ],
  "Camera": [
    7.021997928619385,
    -6.276295185089111,
    5.813529014587402
  ]
}