{
  "image_filename": "000010652243404449",
  "objects": [
    {
      "shape": "Suzanne",
      "size": 1.5,
      "material": "data/materials/PoliigonRoofTilesTerracotta004.blend",
      "3d_coords": [
        -2.6662111282348633,
        -2.321033477783203,
        1.5
      ],
      "rotation": 0.0,
      "pixel_coords": [
        18,
        45,
        10.742005348205566
      ]
    },
    {
      "shape": "Cylinder",
      "size": 1.0,
      "material": "data/materials/PoliigonFabricDenim003.blend",
      "3d_coords": [
        1.4997689723968506,
        0.293125182390213,
        1.0
      ],
      "rotation": 0.0,
      "pixel_coords": [
        82,
        57,
        9.893974304199219
      ]
    }
  ],
  "ground_material": "data/materials/PoliigonWoodFlooring061.blend",
  "Lamp_Key": [
    7.219903945922852,
    -3.3551254272460938,
    5.1723103523254395
  ],
  "Lamp_Back": [
    -0.4226542115211487,
    3.6321749687194824,
    6.538017749786377
  ],
  "Lamp_Fill": [
    -4.242683410644531,
    -4.508007526397705,
    3.279256820678711
  ],
  "Camera": [
    7.154814720153809,
    -6.79849100112915,
    5.170995235443115
  ]
}