{
  "objects": [
    {
      "size": 2.0,
      "3d_coords": [
        2.754279375076294,
        0.48582369089126587,
        2.0
      ],
      "pixel_coords": [
        98,
        48,
        8.592972755432129
      ],
      "shape": "SmoothCube_v2",
      "color": [
        1.0,
        0.0,
        0.0,
        1.0
      ],
      "material": "MyMetal",
      "rotation": 0.0
    },
    {
      "size": 1.5,
      "3d_coords": [
        -1.1381419897079468,
        -2.246835708618164,
        1.5
      ],
      "pixel_coords": [
        29,
        49,
        9.978278160095215
      ],
      "shape": "SmoothCylinder",
      "color": [
        0.0,
        0.0,
        1.0,
        1.0
      ],
      "material": "MyMetal",
      "rotation": 0.0
    }
  ],
  "Lamp_Fill": [
    -4.011054992675781,
    -4.598440170288086,
    2.7152316570281982
  ],
  "Camera": [
    7.718079090118408,
    -6.267045974731445,
    4.998981952667236
  ],
  "Lamp_Back": [
    -0.7292002439498901,
    2.296563148498535,
    5.972982883453369
  ],
  "image_filename": "000002996299367330",
  "Lamp_Key": [
    7.1266889572143555,
    -2.808774709701538,
    4.433281898498535
  ]
}