{
  "image_filename": "000016073703232584",
  "objects": [
    {
      "shape": "Torus",
      "size": 1.5,
      "material": "data/materials/PoliigonWoodFlooring061.blend",
      "3d_coords": [
        0.043863020837306976,
        0.29247650504112244,
        1.5
      ],
      "rotation": 0.0,
      "pixel_coords": [
        67,
        46,
        10.895089149475098
      ]
    },
    {
      "shape": "Icosahedron",
      "size": 1.5,
      "material": "data/materials/PoliigonFabricFleece001.blend",
      "3d_coords": [
        -1.3978486061096191,
        -2.6000099182128906,
        1.5
      ],
      "rotation": 0.0,
      "pixel_coords": [
        24,
        51,
        10.055171966552734
      ]
    }
  ],
  "ground_material": "data/materials/PoliigonFabricDenim003.blend",
  "Lamp_Key": [
    6.348867893218994,
    -3.4449496269226074,
    4.556394100189209
  ],
  "Lamp_Back": [
    -0.7565922737121582,
    2.9977104663848877,
    6.131199359893799
  ],
  "Lamp_Fill": [
    -5.509057998657227,
    -4.07470178604126,
    2.4640769958496094
  ],
  "Camera": [
    7.256546497344971,
    -6.947383403778076,
    5.5338850021362305
  ]
}