{
  "image_filename": "000011210661238742",
  "objects": [
    {
      "rotation": 0.0,
      "pixel_coords": [
        29,
        50,
        9.452999114990234
      ],
      "material": "Rubber",
      "shape": "Suzanne",
      "size": 1.5,
      "color": [
        1.0,
        1.0,
        0.0,
        1.0
      ],
      "3d_coords": [
        -1.0481950044631958,
        -2.289785385131836,
        1.5
      ]
    },
    {
      "rotation": 0.0,
      "pixel_coords": [
        75,
        41,
        11.165322303771973
      ],
      "material": "MyMetal",
      "shape": "SmoothCube_v2",
      "size": 1.5,
      "color": [
        1.0,
        1.0,
        0.0,
        1.0
      ],
      "3d_coords": [
        -0.2396833300590515,
        1.4224435091018677,
        1.5
      ]
    }
  ],
  "Camera": [
    7.004831314086914,
    -6.53570556640625,
    5.117710113525391
  ],
  "Lamp_Back": [
    -0.7211747765541077,
    2.114863634109497,
    6.475476264953613
  ],
  "Lamp_Key": [
    6.327471733093262,
    -3.8494601249694824,
    4.005375385284424
  ],
  "Lamp_Fill": [
    -4.510525226593018,
    -3.8157665729522705,
    2.7775039672851562
  ]
}