{
  "Camera": [
    7.835892200469971,
    -6.739899635314941,
    5.750997543334961
  ],
  "Lamp_Key": [
    7.368893146514893,
    -2.2728664875030518,
    4.852602958679199
  ],
  "Lamp_Back": [
    -0.3060739040374756,
    2.8709566593170166,
    6.29512882232666
  ],
  "objects": [
    {
      "size": 2.0,
      "material": "Rubber",
      "rotation": 0.0,
      "color": [
        1.0,
        1.0,
        0.0,
        1.0
      ],
      "shape": "Sphere",
      "pixel_coords": [
        42,
        50,
        9.335409164428711
      ],
      "3d_coords": [
        0.37424808740615845,
        -2.2326297760009766,
        2.0
      ]
    },
    {
      "size": 1.5,
      "material": "MyMetal",
      "rotation": 0.0,
      "color": [
        0.0,
        0.0,
        1.0,
        1.0
      ],
      "shape": "SmoothCube_v2",
      "pixel_coords": [
        79,
        40,
        12.682273864746094
      ],
      "3d_coords": [
        -0.5121830105781555,
        2.183640241622925,
        1.5
      ]
    }
  ],
  "Lamp_Fill": [
    -4.2600860595703125,
    -3.168372631072998,
    3.1163172721862793
  ],
  "image_filename": "000012940787695318"
}