{
  "Lamp_Back": [
    -0.8075045943260193,
    1.8177355527877808,
    5.0988969802856445
  ],
  "Lamp_Fill": [
    -4.103232383728027,
    -4.267327785491943,
    2.610215902328491
  ],
  "Lamp_Key": [
    7.166078567504883,
    -2.3246302604675293,
    3.8847391605377197
  ],
  "image_filename": "000000983358656105",
  "objects": [
    {
      "shape": "SmoothCylinder",
      "3d_coords": [
        -0.7056342959403992,
        -1.3903380632400513,
        2.0
      ],
      "material": "MyMetal",
      "pixel_coords": [
        42,
        41,
        9.56299114227295
      ],
      "size": 2.0,
      "rotation": 0.0,
      "color": [
        1.0,
        1.0,
        0.0,
        1.0
      ]
    },
    {
      "shape": "SmoothCylinder",
      "3d_coords": [
        -2.100409984588623,
        2.232146978378296,
        1.5
      ],
      "material": "MyMetal",
      "pixel_coords": [
        67,
        34,
        12.829692840576172
      ],
      "size": 1.5,
      "rotation": 0.0,
      "color": [
        0.0,
        1.0,
        0.0,
        1.0
      ]
    }
  ],
  "Camera": [
    7.13462495803833,
    -6.335132598876953,
    5.2029337882995605
  ]
}