{
  "objects": [
    {
      "material": "Rubber",
      "3d_coords": [
        -1.748454213142395,
        1.2937817573547363,
        1.5
      ],
      "shape": "Suzanne",
      "rotation": 0.0,
      "size": 1.5,
      "pixel_coords": [
        62,
        36,
        12.066214561462402
      ],
      "color": [
        1.0,
        0.0,
        1.0,
        1.0
      ]
    },
    {
      "material": "MyMetal",
      "3d_coords": [
        1.239951729774475,
        -0.8535125851631165,
        1.0
      ],
      "shape": "Suzanne",
      "rotation": 0.0,
      "size": 1.0,
      "pixel_coords": [
        66,
        62,
        9.16103744506836
      ],
      "color": [
        0.0,
        1.0,
        1.0,
        1.0
      ]
    }
  ],
  "Camera": [
    7.21824312210083,
    -6.079543590545654,
    5.572134971618652
  ],
  "image_filename": "000011394178688540",
  "Lamp_Fill": [
    -5.646324634552002,
    -4.535455226898193,
    3.4623312950134277
  ],
  "Lamp_Back": [
    -0.791575014591217,
    2.4317078590393066,
    6.400976181030273
  ],
  "Lamp_Key": [
    6.746915340423584,
    -3.004417896270752,
    5.195963382720947
  ]
}