{
  "Camera": [
    7.782430171966553,
    -6.571382522583008,
    5.088682174682617
  ],
  "Lamp_Key": [
    6.708414554595947,
    -2.5674593448638916,
    3.6840438842773438
  ],
  "objects": [
    {
      "shape": "SmoothCylinder",
      "3d_coords": [
        -2.69925856590271,
        -1.7621231079101562,
        1.5
      ],
      "size": 1.5,
      "rotation": 0.0,
      "pixel_coords": [
        27,
        43,
        11.543706893920898
      ],
      "material": "MyMetal",
      "color": [
        0.0,
        1.0,
        0.0,
        1.0
      ]
    },
    {
      "shape": "SmoothCylinder",
      "3d_coords": [
        1.993064284324646,
        -1.5725609064102173,
        2.0
      ],
      "size": 2.0,
      "rotation": 0.0,
      "pixel_coords": [
        65,
        53,
        8.222443580627441
      ],
      "material": "MyMetal",
      "color": [
        1.0,
        1.0,
        0.0,
        1.0
      ]
    }
  ],
  "Lamp_Back": [
    -1.33876371383667,
    2.7550313472747803,
    5.106748104095459
  ],
  "image_filename": "000000209876198801",
  "Lamp_Fill": [
    -4.5734710693359375,
    -4.9789299964904785,
    3.165527105331421
  ]
}