{
  "Lamp_Fill": [
    -5.161429405212402,
    -3.5306670665740967,
    3.0664961338043213
  ],
  "objects": [
    {
      "pixel_coords": [
        39,
        44,
        12.227149963378906
      ],
      "color": [
        0.0,
        1.0,
        1.0,
        1.0
      ],
      "rotation": 0.0,
      "material": "Rubber",
      "size": 1.0,
      "3d_coords": [
        -2.7635979652404785,
        -0.31233733892440796,
        1.0
      ],
      "shape": "SmoothCube_v2"
    },
    {
      "pixel_coords": [
        78,
        60,
        8.442398071289062
      ],
      "color": [
        1.0,
        1.0,
        0.0,
        1.0
      ],
      "rotation": 0.0,
      "material": "MyMetal",
      "size": 1.5,
      "3d_coords": [
        2.2296745777130127,
        -0.9638158679008484,
        1.5
      ],
      "shape": "Sphere"
    }
  ],
  "Lamp_Back": [
    -1.1026983261108398,
    3.1777713298797607,
    5.326731204986572
  ],
  "Camera": [
    7.026042461395264,
    -6.898374080657959,
    5.226036071777344
  ],
  "image_filename": "000011160985945310",
  "Lamp_Key": [
    6.98036527633667,
    -2.462209701538086,
    4.955141544342041
  ]
}