{
  "image_filename": "000015590378457150",
  "objects": [
    {
      "shape": "Suzanne",
      "size": 1.5,
      "material": "data/materials/PoliigonRoofTilesTerracotta004.blend",
      "3d_coords": [
        -1.8773831129074097,
        -2.4672911167144775,
        1.5
      ],
      "rotation": 0.0,
      "pixel_coords": [
        20,
        47,
        9.905494689941406
      ]
    },
    {
      "shape": "Cone",
      "size": 2.0,
      "material": "data/materials/PoliigonFabricFleece001.blend",
      "3d_coords": [
        1.9241986274719238,
        -0.5688946843147278,
        2.0
      ],
      "rotation": 0.0,
      "pixel_coords": [
        79,
        48,
        8.296992301940918
      ]
    }
  ],
  "ground_material": "data/materials/PoliigonBricksPaintedWhite001.blend",
  "Lamp_Key": [
    6.399509429931641,
    -3.2041194438934326,
    4.604175567626953
  ],
  "Lamp_Back": [
    -0.8876223564147949,
    3.270984649658203,
    6.793703079223633
  ],
  "Lamp_Fill": [
    -4.4088921546936035,
    -3.0338563919067383,
    3.1860668659210205
  ],
  "Camera": [
    7.1342058181762695,
    -6.429598808288574,
    4.996438980102539
  ]
}