{
  "image_filename": "000010007349199828",
  "objects": [
    {
      "shape": "Icosahedron",
      "size": 1.5,
      "material": "data/materials/PoliigonFabricFleece001.blend",
      "3d_coords": [
        1.2759522199630737,
        -2.30898118019104,
        1.5
      ],
      "rotation": 0.0,
      "pixel_coords": [
        50,
        60,
        8.611207008361816
      ]
    },
    {
      "shape": "Icosahedron",
      "size": 1.0,
      "material": "data/materials/PoliigonChainmailCopperRoundedThin001.blend",
      "3d_coords": [
        -0.6942217946052551,
        2.613335132598877,
        1.0
      ],
      "rotation": 0.0,
      "pixel_coords": [
        80,
        44,
        13.078888893127441
      ]
    }
  ],
  "ground_material": "data/materials/PoliigonRoofTilesTerracotta004.blend",
  "Lamp_Key": [
    5.805442810058594,
    -2.0774426460266113,
    4.405611991882324
  ],
  "Lamp_Back": [
    -1.937032699584961,
    3.6330831050872803,
    6.527195453643799
  ],
  "Lamp_Fill": [
    -5.343242645263672,
    -4.273944854736328,
    3.193819522857666
  ],
  "Camera": [
    7.746069431304932,
    -6.823938846588135,
    5.072000026702881
  ]
}