{
  "Lamp_Key": [
    6.875064849853516,
    -3.4723596572875977,
    3.7333438396453857
  ],
  "image_filename": "000009711442501903",
  "Lamp_Fill": [
    -4.719699859619141,
    -3.860154628753662,
    3.6676549911499023
  ],
  "objects": [
    {
      "size": 1.0,
      "color": [
        0.0,
        0.0,
        1.0,
        1.0
      ],
      "pixel_coords": [
        75,
        77,
        7.379336357116699
      ],
      "3d_coords": [
        2.879854440689087,
        -1.7015302181243896,
        1.0
      ],
      "rotation": 0.0,
      "material": "MyMetal",
      "shape": "SmoothCylinder"
    },
    {
      "size": 2.0,
      "color": [
        0.0,
        1.0,
        1.0,
        1.0
      ],
      "pixel_coords": [
        45,
        34,
        10.979608535766602
      ],
      "3d_coords": [
        -1.965537190437317,
        -0.254055917263031,
        2.0
      ],
      "rotation": 0.0,
      "material": "MyMetal",
      "shape": "Suzanne"
    }
  ],
  "Camera": [
    7.206137180328369,
    -6.147868633270264,
    5.093972206115723
  ],
  "Lamp_Back": [
    -1.1021437644958496,
    3.4762258529663086,
    6.709802627563477
  ]
}