{
  "image_filename": "000004803385880250",
  "objects": [
    {
      "shape": "Sphere",
      "size": 1.0,
      "material": "data/materials/PoliigonMetalSpottyDiscoloration001.blend",
      "3d_coords": [
        2.1249847412109375,
        2.822995185852051,
        1.0
      ],
      "rotation": 0.0,
      "pixel_coords": [
        107,
        51,
        11.533596992492676
      ]
    },
    {
      "shape": "Sphere",
      "size": 2.0,
      "material": "data/materials/PoliigonMetalSpottyDiscoloration001.blend",
      "3d_coords": [
        2.699997663497925,
        -1.8215805292129517,
        2.0
      ],
      "rotation": 0.0,
      "pixel_coords": [
        73,
        61,
        7.931484699249268
      ]
    }
  ],
  "ground_material": "data/materials/PoliigonBricksPaintedWhite001.blend",
  "Lamp_Key": [
    7.4033308029174805,
    -3.8126561641693115,
    4.294437408447266
  ],
  "Lamp_Back": [
    -0.9991044402122498,
    3.085369348526001,
    5.214478492736816
  ],
  "Lamp_Fill": [
    -3.9829373359680176,
    -3.5778422355651855,
    2.8307251930236816
  ],
  "Camera": [
    7.486264705657959,
    -6.916370391845703,
    5.782888889312744
  ]
}