{
  "image_filename": "000002808055145268",
  "Lamp_Key": [
    6.00139045715332,
    -2.6356396675109863,
    4.209623336791992
  ],
  "Lamp_Back": [
    -1.1210426092147827,
    3.128169059753418,
    6.410452365875244
  ],
  "Camera": [
    7.716435432434082,
    -6.0977959632873535,
    5.046799182891846
  ],
  "objects": [
    {
      "size": 1.5,
      "pixel_coords": [
        44,
        61,
        8.14963150024414
      ],
      "3d_coords": [
        1.2458748817443848,
        -2.447542667388916,
        1.5
      ],
      "rotation": 0.0,
      "color": [
        1.0,
        0.0,
        0.0,
        1.0
      ],
      "shape": "SmoothCylinder",
      "material": "Rubber"
    },
    {
      "size": 2.0,
      "pixel_coords": [
        41,
        33,
        11.745463371276855
      ],
      "3d_coords": [
        -2.610872507095337,
        -0.39560046792030334,
        2.0
      ],
      "rotation": 0.0,
      "color": [
        1.0,
        0.0,
        1.0,
        1.0
      ],
      "shape": "Sphere",
      "material": "Rubber"
    }
  ],
  "Lamp_Fill": [
    -5.544692516326904,
    -3.9786477088928223,
    3.9400546550750732
  ]
}