{
  "Lamp_Back": [
    -0.3504887819290161,
    3.1460771560668945,
    5.857213020324707
  ],
  "Lamp_Key": [
    7.088356018066406,
    -3.2955613136291504,
    3.6660287380218506
  ],
  "Camera": [
    7.593384742736816,
    -6.010010242462158,
    5.063796520233154
  ],
  "Lamp_Fill": [
    -3.7834949493408203,
    -4.228604316711426,
    3.935093641281128
  ],
  "image_filename": "000006017393488115",
  "objects": [
    {
      "material": "Rubber",
      "3d_coords": [
        2.6862223148345947,
        1.0174307823181152,
        2.0
      ],
      "size": 2.0,
      "rotation": 0.0,
      "shape": "SmoothCube_v2",
      "color": [
        0.0,
        0.0,
        1.0,
        1.0
      ],
      "pixel_coords": [
        104,
        46,
        8.694287300109863
      ]
    },
    {
      "material": "Rubber",
      "3d_coords": [
        -1.3514305353164673,
        -0.3410656154155731,
        2.0
      ],
      "size": 2.0,
      "rotation": 0.0,
      "shape": "SmoothCube_v2",
      "color": [
        0.0,
        0.0,
        1.0,
        1.0
      ],
      "pixel_coords": [
        50,
        36,
        10.752744674682617
      ]
    }
  ]
}