{
  "image_filename": "000001250152360457",
  "objects": [
    {
      "shape": "NewellTeapot",
      "size": 1.0,
      "material": "data/materials/PoliigonFabricDenim003.blend",
      "3d_coords": [
        -0.059762828052043915,
        2.988384962081909,
        1.0
      ],
      "rotation": 0.0,
      "pixel_coords": [
        90,
        43,
        11.976847648620605
      ]
    },
    {
      "shape": "NewellTeapot",
      "size": 1.5,
      "material": "data/materials/PoliigonMetalSpottyDiscoloration001.blend",
      "3d_coords": [
        -1.5260493755340576,
        -0.283884733915329,
        1.5
      ],
      "rotation": 0.0,
      "pixel_coords": [
        48,
        41,
        10.833045959472656
      ]
    }
  ],
  "ground_material": "data/materials/PoliigonChainmailCopperRoundedThin001.blend",
  "Lamp_Key": [
    7.180381774902344,
    -3.113511085510254,
    4.139843463897705
  ],
  "Lamp_Back": [
    -0.5853391289710999,
    3.0776209831237793,
    6.630061626434326
  ],
  "Lamp_Fill": [
    -4.209535121917725,
    -4.600882053375244,
    2.595695734024048
  ],
  "Camera": [
    7.148741722106934,
    -6.1749348640441895,
    4.968768119812012
  ]
}