{
  "image_filename": "000012317138814714",
  "objects": [
    {
      "shape": "NewellTeapot",
      "size": 1.0,
      "material": "data/materials/PoliigonMetalSpottyDiscoloration001.blend",
      "3d_coords": [
        -2.3759095668792725,
        2.1156935691833496,
        1.0
      ],
      "rotation": 0.0,
      "pixel_coords": [
        65,
        40,
        13.969118118286133
      ]
    },
    {
      "shape": "NewellTeapot",
      "size": 1.0,
      "material": "data/materials/PoliigonBricksPaintedWhite001.blend",
      "3d_coords": [
        -2.343993663787842,
        -1.4486523866653442,
        1.0
      ],
      "rotation": 0.0,
      "pixel_coords": [
        33,
        49,
        11.945877075195312
      ]
    }
  ],
  "ground_material": "data/materials/PoliigonFabricDenim003.blend",
  "Lamp_Key": [
    5.574580669403076,
    -3.3727478981018066,
    4.0101399421691895
  ],
  "Lamp_Back": [
    -2.0870392322540283,
    1.6843228340148926,
    4.816399097442627
  ],
  "Lamp_Fill": [
    -5.212945938110352,
    -3.5348949432373047,
    3.641986608505249
  ],
  "Camera": [
    7.939337253570557,
    -6.52814245223999,
    5.432425022125244
  ]
}