{
  "image_filename": "000006112888913502",
  "objects": [
    {
      "shape": "Cylinder",
      "size": 2.0,
      "material": "data/materials/PoliigonChainmailCopperRoundedThin001.blend",
      "3d_coords": [
        2.8823628425598145,
        2.62085223197937,
        2.0
      ],
      "rotation": 0.0,
      "pixel_coords": [
        120,
        41,
        9.718530654907227
      ]
    },
    {
      "shape": "Cube",
      "size": 2.0,
      "material": "data/materials/PoliigonFabricDenim003.blend",
      "3d_coords": [
        1.0196343660354614,
        -2.813016414642334,
        2.0
      ],
      "rotation": 0.0,
      "pixel_coords": [
        38,
        53,
        7.8045759201049805
      ]
    }
  ],
  "ground_material": "data/materials/PoliigonFabricDenim003.blend",
  "Lamp_Key": [
    5.44871711730957,
    -2.5959553718566895,
    4.448080539703369
  ],
  "Lamp_Back": [
    -1.080474853515625,
    2.8798322677612305,
    5.432753086090088
  ],
  "Lamp_Fill": [
    -4.134128093719482,
    -3.0725173950195312,
    3.460191488265991
  ],
  "Camera": [
    7.481656074523926,
    -6.450169086456299,
    4.909785747528076
  ]
}