{
  "image_filename": "000006112888913502",
  "objects": [
    {
      "shape": "Cylinder",
      "size": 1.5,
      "material": "data/materials/PoliigonFabricDenim003.blend",
      "3d_coords": [
        2.8823628425598145,
        2.62085223197937,
        1.5
      ],
      "rotation": 0.0,
      "pixel_coords": [
        118,
        48,
        9.941072463989258
      ]
    },
    {
      "shape": "Cube",
      "size": 1.0,
      "material": "data/materials/PoliigonMetalSpottyDiscoloration001.blend",
      "3d_coords": [
        1.0196343660354614,
        -2.813016414642334,
        1.0
      ],
      "rotation": 0.0,
      "pixel_coords": [
        39,
        69,
        8.24966049194336
      ]
    }
  ],
  "ground_material": "data/materials/PoliigonFabricDenim003.blend",
  "Lamp_Key": [
    5.44871711730957,
    -2.5959553718566895,
    4.448080539703369
  ],
  "Lamp_Back": [
    -1.080474853515625,
    2.8798322677612305,
    5.432753086090088
  ],
  "Lamp_Fill": [
    -4.134128093719482,
    -3.0725173950195312,
    3.460191488265991
  ],
  "Camera": [
    7.481656074523926,
    -6.450169086456299,
    4.909785747528076
  ]
}