{
  "image_filename": "000007096294270894",
  "objects": [
    {
      "shape": "Icosahedron",
      "size": 1.0,
      "material": "data/materials/PoliigonFabricFleece001.blend",
      "3d_coords": [
        -2.569950819015503,
        -1.3857059478759766,
        1.0
      ],
      "rotation": 0.0,
      "pixel_coords": [
        30,
        47,
        11.224553108215332
      ]
    },
    {
      "shape": "Torus",
      "size": 1.5,
      "material": "data/materials/PoliigonWoodFlooring061.blend",
      "3d_coords": [
        -1.2550262212753296,
        2.914454221725464,
        1.5
      ],
      "rotation": 0.0,
      "pixel_coords": [
        79,
        35,
        12.687274932861328
      ]
    }
  ],
  "ground_material": "data/materials/PoliigonBricksFlemishRed001.blend",
  "Lamp_Key": [
    6.314906120300293,
    -2.51057767868042,
    3.984220504760742
  ],
  "Lamp_Back": [
    -1.500929832458496,
    1.8239635229110718,
    6.757053375244141
  ],
  "Lamp_Fill": [
    -4.5130438804626465,
    -3.4023871421813965,
    3.113487720489502
  ],
  "Camera": [
    7.1208815574646,
    -6.437671661376953,
    4.989502906799316
  ]
}