{
  "Lamp_Key": [
    6.922904014587402,
    -2.664159059524536,
    3.561347007751465
  ],
  "Camera": [
    7.679723262786865,
    -6.318098068237305,
    4.9328413009643555
  ],
  "objects": [
    {
      "pixel_coords": [
        110,
        57,
        9.828940391540527
      ],
      "shape": "SmoothCube_v2",
      "size": 1.0,
      "color": [
        1.0,
        0.0,
        0.0,
        1.0
      ],
      "material": "Rubber",
      "rotation": 0.0,
      "3d_coords": [
        2.7453384399414062,
        1.8829542398452759,
        1.0
      ]
    },
    {
      "pixel_coords": [
        25,
        59,
        9.547236442565918
      ],
      "shape": "Sphere",
      "size": 1.0,
      "color": [
        0.0,
        1.0,
        0.0,
        1.0
      ],
      "material": "Rubber",
      "rotation": 0.0,
      "3d_coords": [
        -0.7436394691467285,
        -2.852893590927124,
        1.0
      ]
    }
  ],
  "Lamp_Fill": [
    -4.438131809234619,
    -3.6727709770202637,
    2.057215929031372
  ],
  "Lamp_Back": [
    -1.9635145664215088,
    1.9691462516784668,
    5.043702125549316
  ],
  "image_filename": "000012763995633992"
}