{
  "Lamp_Key": [
    5.583662509918213,
    -3.475142240524292,
    4.248332500457764
  ],
  "Lamp_Back": [
    -1.8160163164138794,
    1.7378908395767212,
    5.138554096221924
  ],
  "image_filename": "000006660661715165",
  "objects": [
    {
      "material": "MyMetal",
      "rotation": 0.0,
      "color": [
        0.0,
        1.0,
        0.0,
        1.0
      ],
      "3d_coords": [
        2.20711350440979,
        -1.1518913507461548,
        1.5
      ],
      "pixel_coords": [
        75,
        61,
        7.856668949127197
      ],
      "shape": "Sphere",
      "size": 1.5
    },
    {
      "material": "MyMetal",
      "rotation": 0.0,
      "color": [
        0.0,
        1.0,
        0.0,
        1.0
      ],
      "3d_coords": [
        -2.8264968395233154,
        2.4991812705993652,
        1.5
      ],
      "pixel_coords": [
        64,
        31,
        13.303855895996094
      ],
      "shape": "Sphere",
      "size": 1.5
    }
  ],
  "Lamp_Fill": [
    -4.851021766662598,
    -4.449219226837158,
    3.314141273498535
  ],
  "Camera": [
    6.986446380615234,
    -6.315817832946777,
    5.055778980255127
  ]
}