{
  "image_filename": "000002948862900949",
  "objects": [
    {
      "shape": "Suzanne",
      "size": 1.0,
      "material": "data/materials/PoliigonFabricFleece001.blend",
      "3d_coords": [
        0.7183172106742859,
        -0.7030020356178284,
        1.0
      ],
      "rotation": 0.0,
      "pixel_coords": [
        63,
        59,
        9.692290306091309
      ]
    },
    {
      "shape": "Sphere",
      "size": 1.5,
      "material": "data/materials/PoliigonChainmailCopperRoundedThin001.blend",
      "3d_coords": [
        0.8045383095741272,
        2.7320995330810547,
        1.5
      ],
      "rotation": 0.0,
      "pixel_coords": [
        96,
        40,
        11.327678680419922
      ]
    }
  ],
  "ground_material": "data/materials/PoliigonBricksFlemishRed001.blend",
  "Lamp_Key": [
    7.429069519042969,
    -2.698035478591919,
    4.002297401428223
  ],
  "Lamp_Back": [
    -1.92951238155365,
    2.5546913146972656,
    5.953272819519043
  ],
  "Lamp_Fill": [
    -4.863320827484131,
    -4.299678802490234,
    2.668724298477173
  ],
  "Camera": [
    7.003902912139893,
    -6.294818878173828,
    5.823817253112793
  ]
}