{
  "image_filename": "000011208587194817",
  "objects": [
    {
      "shape": "NewellTeapot",
      "size": 2.0,
      "material": "data/materials/PoliigonMetalSpottyDiscoloration001.blend",
      "3d_coords": [
        1.6334985494613647,
        -2.680576801300049,
        2.0
      ],
      "rotation": 0.0,
      "pixel_coords": [
        47,
        61,
        7.453396797180176
      ]
    },
    {
      "shape": "NewellTeapot",
      "size": 2.0,
      "material": "data/materials/PoliigonMetalSpottyDiscoloration001.blend",
      "3d_coords": [
        -0.7600769996643066,
        1.6798650026321411,
        2.0
      ],
      "rotation": 0.0,
      "pixel_coords": [
        73,
        33,
        11.490707397460938
      ]
    }
  ],
  "ground_material": "data/materials/PoliigonBricksFlemishRed001.blend",
  "Lamp_Key": [
    6.205841541290283,
    -3.2881593704223633,
    5.058095455169678
  ],
  "Lamp_Back": [
    -0.7129853367805481,
    2.8177237510681152,
    5.232179641723633
  ],
  "Lamp_Fill": [
    -5.357292175292969,
    -3.8539719581604004,
    2.9685263633728027
  ],
  "Camera": [
    7.051298141479492,
    -6.371758460998535,
    5.661442756652832
  ]
}