{
  "image_filename": "000011393379513521",
  "objects": [
    {
      "shape": "Cube",
      "size": 1.5,
      "material": "data/materials/PoliigonFabricFleece001.blend",
      "3d_coords": [
        1.4335532188415527,
        2.9237844944000244,
        1.5
      ],
      "rotation": 0.0,
      "pixel_coords": [
        104,
        42,
        11.018280982971191
      ]
    },
    {
      "shape": "Cube",
      "size": 2.0,
      "material": "data/materials/PoliigonBricksPaintedWhite001.blend",
      "3d_coords": [
        -1.8667460680007935,
        1.1137709617614746,
        2.0
      ],
      "rotation": 0.0,
      "pixel_coords": [
        59,
        31,
        11.826910972595215
      ]
    }
  ],
  "ground_material": "data/materials/PoliigonBricksPaintedWhite001.blend",
  "Lamp_Key": [
    7.236685752868652,
    -3.4775054454803467,
    3.9928321838378906
  ],
  "Lamp_Back": [
    -0.5582823157310486,
    2.2181894779205322,
    5.197584629058838
  ],
  "Lamp_Fill": [
    -4.179677486419678,
    -3.112715482711792,
    2.303403377532959
  ],
  "Camera": [
    7.036106586456299,
    -6.492579936981201,
    5.267132759094238
  ]
}