{
  "image_filename": "000002902198956411",
  "objects": [
    {
      "shape": "Sphere",
      "size": 1.5,
      "material": "data/materials/PoliigonBricksPaintedWhite001.blend",
      "3d_coords": [
        -2.106713056564331,
        -1.0766994953155518,
        1.5
      ],
      "rotation": 0.0,
      "pixel_coords": [
        36,
        42,
        10.996618270874023
      ]
    },
    {
      "shape": "Suzanne",
      "size": 1.0,
      "material": "data/materials/PoliigonMetalSpottyDiscoloration001.blend",
      "3d_coords": [
        -2.7123444080352783,
        2.150829553604126,
        1.0
      ],
      "rotation": 0.0,
      "pixel_coords": [
        63,
        37,
        13.444475173950195
      ]
    }
  ],
  "ground_material": "data/materials/PoliigonBricksPaintedWhite001.blend",
  "Lamp_Key": [
    6.926449298858643,
    -3.4854495525360107,
    4.044684886932373
  ],
  "Lamp_Back": [
    -1.3227832317352295,
    2.4492878913879395,
    6.725094795227051
  ],
  "Lamp_Fill": [
    -5.170106887817383,
    -3.288466215133667,
    3.7368733882904053
  ],
  "Camera": [
    7.284215927124023,
    -6.087069988250732,
    5.433996200561523
  ]
}