{
  "Lamp_Fill": [
    -4.418924808502197,
    -4.450334548950195,
    3.7804763317108154
  ],
  "Lamp_Back": [
    -1.0708166360855103,
    3.069380760192871,
    5.676668643951416
  ],
  "objects": [
    {
      "shape": "Sphere",
      "rotation": 0.0,
      "color": [
        0.0,
        1.0,
        0.0,
        1.0
      ],
      "size": 2.0,
      "3d_coords": [
        -1.1340811252593994,
        0.9173380732536316,
        2.0
      ],
      "pixel_coords": [
        63,
        34,
        11.592330932617188
      ],
      "material": "MyMetal"
    },
    {
      "shape": "SmoothCube_v2",
      "rotation": 0.0,
      "color": [
        0.0,
        0.0,
        1.0,
        1.0
      ],
      "size": 1.5,
      "3d_coords": [
        1.3350613117218018,
        -2.3029489517211914,
        1.5
      ],
      "pixel_coords": [
        51,
        62,
        8.287127494812012
      ],
      "material": "MyMetal"
    }
  ],
  "image_filename": "000012862499932379",
  "Lamp_Key": [
    5.924574375152588,
    -3.8739962577819824,
    4.013086318969727
  ],
  "Camera": [
    7.311299800872803,
    -6.738363265991211,
    5.2323832511901855
  ]
}