{
  "objects": [
    {
      "shape": "SmoothCylinder",
      "color": [
        1.0,
        0.0,
        0.0,
        1.0
      ],
      "material": "MyMetal",
      "rotation": 0.0,
      "3d_coords": [
        -1.3431564569473267,
        2.888296127319336,
        1.5
      ],
      "size": 1.5,
      "pixel_coords": [
        78,
        35,
        13.091511726379395
      ]
    },
    {
      "shape": "Suzanne",
      "color": [
        0.0,
        1.0,
        1.0,
        1.0
      ],
      "material": "MyMetal",
      "rotation": 0.0,
      "3d_coords": [
        -0.5552902817726135,
        -2.486257553100586,
        1.0
      ],
      "size": 1.0,
      "pixel_coords": [
        32,
        60,
        9.694957733154297
      ]
    }
  ],
  "image_filename": "000009679895482648",
  "Camera": [
    7.435523509979248,
    -6.5148820877075195,
    5.358575820922852
  ],
  "Lamp_Fill": [
    -5.275266170501709,
    -4.479787349700928,
    2.0446622371673584
  ],
  "Lamp_Back": [
    -1.32169508934021,
    2.2727887630462646,
    5.642947673797607
  ],
  "Lamp_Key": [
    7.367748260498047,
    -2.8115968704223633,
    3.8563833236694336
  ]
}