{
  "Lamp_Back": [
    -0.24938535690307617,
    3.3489279747009277,
    6.389145374298096
  ],
  "Camera": [
    7.042830467224121,
    -6.459588527679443,
    5.035034656524658
  ],
  "Lamp_Key": [
    7.066164016723633,
    -2.6959474086761475,
    3.588501453399658
  ],
  "objects": [
    {
      "pixel_coords": [
        91,
        39,
        9.914105415344238
      ],
      "shape": "SmoothCube_v2",
      "rotation": 0.0,
      "material": "Rubber",
      "color": [
        1.0,
        0.0,
        0.0,
        1.0
      ],
      "3d_coords": [
        1.2374979257583618,
        1.4237169027328491,
        2.0
      ],
      "size": 2.0
    },
    {
      "pixel_coords": [
        49,
        66,
        8.44836139678955
      ],
      "shape": "Sphere",
      "rotation": 0.0,
      "material": "MyMetal",
      "color": [
        0.0,
        1.0,
        0.0,
        1.0
      ],
      "3d_coords": [
        0.9734526872634888,
        -2.0946743488311768,
        1.0
      ],
      "size": 1.0
    }
  ],
  "Lamp_Fill": [
    -4.3920369148254395,
    -3.2314603328704834,
    2.4449071884155273
  ],
  "image_filename": "000011234116953934"
}