{
  "image_filename": "000005086154716995",
  "objects": [
    {
      "shape": "Suzanne",
      "size": 1.5,
      "material": "data/materials/PoliigonWoodFlooring061.blend",
      "3d_coords": [
        0.8771892189979553,
        -1.4064861536026,
        1.5
      ],
      "rotation": 0.0,
      "pixel_coords": [
        56,
        56,
        8.741874694824219
      ]
    },
    {
      "shape": "NewellTeapot",
      "size": 1.5,
      "material": "data/materials/PoliigonWoodFlooring061.blend",
      "3d_coords": [
        -1.2841932773590088,
        0.9096368551254272,
        1.5
      ],
      "rotation": 0.0,
      "pixel_coords": [
        62,
        38,
        11.446968078613281
      ]
    }
  ],
  "ground_material": "data/materials/PoliigonFabricFleece001.blend",
  "Lamp_Key": [
    5.486425399780273,
    -2.466478109359741,
    5.0286078453063965
  ],
  "Lamp_Back": [
    -0.42483463883399963,
    2.840085506439209,
    5.364494323730469
  ],
  "Lamp_Fill": [
    -4.272697925567627,
    -4.205153942108154,
    2.6127493381500244
  ],
  "Camera": [
    7.132445812225342,
    -6.033269882202148,
    5.54681921005249
  ]
}