{
  "Lamp_Fill": [
    -3.8904480934143066,
    -3.4377031326293945,
    3.3505911827087402
  ],
  "image_filename": "000002877668376738",
  "objects": [
    {
      "3d_coords": [
        1.3222026824951172,
        0.6110641956329346,
        1.0
      ],
      "shape": "SmoothCube_v2",
      "color": [
        1.0,
        0.0,
        0.0,
        1.0
      ],
      "pixel_coords": [
        83,
        56,
        9.89967155456543
      ],
      "material": "MyMetal",
      "size": 1.0,
      "rotation": 0.0
    },
    {
      "3d_coords": [
        -1.978776454925537,
        -0.025728516280651093,
        2.0
      ],
      "shape": "SmoothCube_v2",
      "color": [
        1.0,
        0.0,
        0.0,
        1.0
      ],
      "pixel_coords": [
        48,
        33,
        11.326509475708008
      ],
      "material": "Rubber",
      "size": 2.0,
      "rotation": 0.0
    }
  ],
  "Lamp_Back": [
    -1.9552578926086426,
    1.7805168628692627,
    5.26869010925293
  ],
  "Camera": [
    7.452394485473633,
    -6.150020122528076,
    5.096820831298828
  ],
  "Lamp_Key": [
    7.18367338180542,
    -2.57287335395813,
    3.268322229385376
  ]
}