{
  "image_filename": "000003329990256910",
  "objects": [
    {
      "shape": "Cube",
      "size": 1.5,
      "material": "data/materials/PoliigonBricksPaintedWhite001.blend",
      "3d_coords": [
        2.7820322513580322,
        2.722376823425293,
        1.5
      ],
      "rotation": 0.0,
      "pixel_coords": [
        120,
        46,
        9.622901916503906
      ]
    },
    {
      "shape": "Cube",
      "size": 1.5,
      "material": "data/materials/PoliigonBricksPaintedWhite001.blend",
      "3d_coords": [
        -2.268059730529785,
        1.1702336072921753,
        1.5
      ],
      "rotation": 0.0,
      "pixel_coords": [
        57,
        35,
        12.050700187683105
      ]
    }
  ],
  "ground_material": "data/materials/PoliigonBricksFlemishRed001.blend",
  "Lamp_Key": [
    6.817376136779785,
    -2.5678775310516357,
    4.810616970062256
  ],
  "Lamp_Back": [
    -0.5416741967201233,
    3.311880350112915,
    6.742315292358398
  ],
  "Lamp_Fill": [
    -3.716648817062378,
    -4.827835559844971,
    3.4248178005218506
  ],
  "Camera": [
    6.986454010009766,
    -6.2342329025268555,
    4.854015350341797
  ]
}