{
  "image_filename": "000013375803825149",
  "Camera": [
    7.6291985511779785,
    -6.5511155128479,
    5.701209545135498
  ],
  "Lamp_Back": [
    -1.794256329536438,
    3.408005952835083,
    5.469674587249756
  ],
  "Lamp_Key": [
    5.763543128967285,
    -2.4132497310638428,
    4.936062335968018
  ],
  "objects": [
    {
      "size": 1.0,
      "shape": "SmoothCylinder",
      "color": [
        0.0,
        1.0,
        1.0,
        1.0
      ],
      "rotation": 0.0,
      "material": "MyMetal",
      "pixel_coords": [
        109,
        59,
        10.192978858947754
      ],
      "3d_coords": [
        2.8908236026763916,
        1.825278639793396,
        1.0
      ]
    },
    {
      "size": 1.0,
      "shape": "Sphere",
      "color": [
        1.0,
        0.0,
        1.0,
        1.0
      ],
      "rotation": 0.0,
      "material": "Rubber",
      "pixel_coords": [
        37,
        52,
        11.168717384338379
      ],
      "3d_coords": [
        -1.491089105606079,
        -1.556021809577942,
        1.0
      ]
    }
  ],
  "Lamp_Fill": [
    -5.30011510848999,
    -3.5236873626708984,
    2.4076132774353027
  ]
}