{
  "Camera": [
    7.026321887969971,
    -6.798967361450195,
    5.230798721313477
  ],
  "Lamp_Fill": [
    -5.026025772094727,
    -3.5059659481048584,
    3.4448041915893555
  ],
  "Lamp_Back": [
    -2.102620840072632,
    2.600362539291382,
    6.6177978515625
  ],
  "image_filename": "000007705275526195",
  "objects": [
    {
      "shape": "SmoothCube_v2",
      "pixel_coords": [
        77,
        52,
        10.72690486907959
      ],
      "material": "Rubber",
      "rotation": 0.0,
      "3d_coords": [
        0.6008222103118896,
        0.8004159927368164,
        1.0
      ],
      "size": 1.0,
      "color": [
        1.0,
        0.0,
        0.0,
        1.0
      ]
    },
    {
      "shape": "SmoothCylinder",
      "pixel_coords": [
        56,
        30,
        12.632345199584961
      ],
      "material": "MyMetal",
      "rotation": 0.0,
      "3d_coords": [
        -2.5599656105041504,
        1.4109054803848267,
        2.0
      ],
      "size": 2.0,
      "color": [
        1.0,
        0.0,
        1.0,
        1.0
      ]
    }
  ],
  "Lamp_Key": [
    5.884307861328125,
    -3.485386848449707,
    3.311699390411377
  ]
}