{
  "Lamp_Fill": [
    -4.535308837890625,
    -3.5280895233154297,
    3.231102705001831
  ],
  "Lamp_Key": [
    6.702630043029785,
    -3.199172019958496,
    3.998037576675415
  ],
  "Camera": [
    7.556613922119141,
    -6.222042083740234,
    5.587716579437256
  ],
  "image_filename": "000007781751860555",
  "objects": [
    {
      "size": 1.0,
      "shape": "Suzanne",
      "color": [
        1.0,
        0.0,
        0.0,
        1.0
      ],
      "3d_coords": [
        2.6078920364379883,
        2.0705695152282715,
        1.0
      ],
      "pixel_coords": [
        109,
        57,
        10.169983863830566
      ],
      "rotation": 0.0,
      "material": "Rubber"
    },
    {
      "size": 1.5,
      "shape": "Suzanne",
      "color": [
        0.0,
        0.0,
        1.0,
        1.0
      ],
      "3d_coords": [
        0.3611680269241333,
        -0.29184097051620483,
        1.5
      ],
      "pixel_coords": [
        64,
        49,
        10.12427043914795
      ],
      "rotation": 0.0,
      "material": "Rubber"
    }
  ],
  "Lamp_Back": [
    -1.6744275093078613,
    2.6974709033966064,
    6.1293487548828125
  ]
}