{
  "image_filename": "00000077",
  "objects": [
    {
      "shape": "square",
      "size": 0.325,
      "rotation": 0.0,
      "2d_coords": [
        0.49219939022167664,
        0.31032162770811184
      ],
      "color": [
        255,
        127,
        0
      ]
    },
    {
      "shape": "square",
      "size": 0.225,
      "rotation": 0.0,
      "2d_coords": [
        0.5726839802394289,
        0.707656898065585
      ],
      "color": [
        0,
        127,
        255
      ]
    }
  ]
}