{
  "Lamp_Key": [
    5.941969871520996,
    -3.539778232574463,
    4.0594658851623535
  ],
  "Lamp_Back": [
    -0.5532198548316956,
    2.892134666442871,
    5.774196147918701
  ],
  "Camera": [
    7.565887451171875,
    -6.292847156524658,
    4.855584144592285
  ],
  "image_filename": "000006135331751340",
  "Lamp_Fill": [
    -4.79085636138916,
    -3.8530430793762207,
    3.4281935691833496
  ],
  "objects": [
    {
      "rotation": 0.0,
      "3d_coords": [
        0.9345260262489319,
        1.8235883712768555,
        1.5
      ],
      "pixel_coords": [
        90,
        44,
        10.711275100708008
      ],
      "material": "Rubber",
      "color": [
        1.0,
        0.0,
        1.0,
        1.0
      ],
      "shape": "SmoothCube_v2",
      "size": 1.5
    },
    {
      "rotation": 0.0,
      "3d_coords": [
        -2.7754709720611572,
        1.6399009227752686,
        1.0
      ],
      "pixel_coords": [
        59,
        40,
        13.385089874267578
      ],
      "material": "Rubber",
      "color": [
        1.0,
        0.0,
        0.0,
        1.0
      ],
      "shape": "SmoothCube_v2",
      "size": 1.0
    }
  ]
}