{
  "image_filename": "00000071",
  "objects": [
    {
      "shape": "square",
      "size": 0.125,
      "rotation": 0.0,
      "2d_coords": [
        0.6967637513070368,
        0.3523797881062297
      ],
      "color": [
        255,
        127,
        0
      ]
    },
    {
      "shape": "star_4",
      "size": 0.125,
      "rotation": 0.0,
      "2d_coords": [
        0.7049941458929763,
        0.7836794557828822
      ],
      "color": [
        255,
        127,
        0
      ]
    }
  ]
}