{
  "image_filename": "00000069",
  "objects": [
    {
      "shape": "triangle",
      "size": 0.425,
      "rotation": 0.0,
      "2d_coords": [
        0.6459829765384051,
        0.47287457239982894
      ],
      "color": [
        255,
        0,
        255
      ]
    },
    {
      "shape": "triangle",
      "size": 0.225,
      "rotation": 0.0,
      "2d_coords": [
        0.3258184519703951,
        0.5558950773496916
      ],
      "color": [
        255,
        127,
        0
      ]
    }
  ]
}