{
  "image_filename": "000016737274197735",
  "Camera": [
    7.050712585449219,
    -6.985157489776611,
    4.903190612792969
  ],
  "Lamp_Back": [
    -1.1390124559402466,
    2.666102170944214,
    6.65491247177124
  ],
  "Lamp_Fill": [
    -4.08339262008667,
    -4.063210964202881,
    3.8944923877716064
  ],
  "Lamp_Key": [
    6.000303268432617,
    -2.512022018432617,
    3.331780433654785
  ],
  "objects": [
    {
      "shape": "SmoothCube_v2",
      "3d_coords": [
        -0.09046916663646698,
        -1.9546314477920532,
        1.5
      ],
      "color": [
        0.0,
        0.0,
        1.0,
        1.0
      ],
      "material": "MyMetal",
      "size": 1.5,
      "pixel_coords": [
        42,
        52,
        9.229934692382812
      ],
      "rotation": 0.0
    },
    {
      "shape": "SmoothCube_v2",
      "3d_coords": [
        2.6443939208984375,
        1.7300729751586914,
        1.5
      ],
      "color": [
        0.0,
        0.0,
        1.0,
        1.0
      ],
      "material": "MyMetal",
      "size": 1.5,
      "pixel_coords": [
        108,
        49,
        9.813084602355957
      ],
      "rotation": 0.0
    }
  ]
}