{
  "Lamp_Key": [
    5.919332504272461,
    -2.2078676223754883,
    3.5666215419769287
  ],
  "objects": [
    {
      "size": 1.0,
      "pixel_coords": [
        76,
        72,
        8.791297912597656
      ],
      "color": [
        0.0,
        0.0,
        1.0,
        1.0
      ],
      "rotation": 0.0,
      "material": "Rubber",
      "3d_coords": [
        2.688598394393921,
        -1.2377036809921265,
        1.0
      ],
      "shape": "Sphere"
    },
    {
      "size": 1.5,
      "pixel_coords": [
        100,
        47,
        11.051214218139648
      ],
      "color": [
        0.0,
        0.0,
        1.0,
        1.0
      ],
      "rotation": 0.0,
      "material": "MyMetal",
      "3d_coords": [
        1.8469728231430054,
        2.194575071334839,
        1.5
      ],
      "shape": "Sphere"
    }
  ],
  "Camera": [
    7.930115699768066,
    -6.632236480712891,
    5.642691612243652
  ],
  "Lamp_Back": [
    -0.3302013874053955,
    2.2335822582244873,
    5.858626365661621
  ],
  "Lamp_Fill": [
    -3.785078525543213,
    -4.251201629638672,
    2.9879801273345947
  ],
  "image_filename": "000010450398226568"
}