{
  "image_filename": "000005179660984193",
  "objects": [
    {
      "shape": "Icosahedron",
      "size": 2.0,
      "material": "data/materials/PoliigonFabricFleece001.blend",
      "3d_coords": [
        -1.4541707038879395,
        -1.2242748737335205,
        2.0
      ],
      "rotation": 0.0,
      "pixel_coords": [
        38,
        38,
        10.136905670166016
      ]
    },
    {
      "shape": "NewellTeapot",
      "size": 1.5,
      "material": "data/materials/PoliigonMetalSpottyDiscoloration001.blend",
      "3d_coords": [
        1.2708537578582764,
        2.015042781829834,
        1.5
      ],
      "rotation": 0.0,
      "pixel_coords": [
        96,
        44,
        10.455696105957031
      ]
    }
  ],
  "ground_material": "data/materials/PoliigonBricksPaintedWhite001.blend",
  "Lamp_Key": [
    7.155090808868408,
    -2.513237714767456,
    4.233247756958008
  ],
  "Lamp_Back": [
    -2.0321786403656006,
    3.1496787071228027,
    5.143077850341797
  ],
  "Lamp_Fill": [
    -5.536299228668213,
    -3.2139744758605957,
    3.089118242263794
  ],
  "Camera": [
    7.120111465454102,
    -6.233805179595947,
    5.349355697631836
  ]
}