{
  "objects": [
    {
      "rotation": 0.0,
      "size": 1.0,
      "material": "MyMetal",
      "pixel_coords": [
        71,
        68,
        8.707648277282715
      ],
      "color": [
        1.0,
        0.0,
        1.0,
        1.0
      ],
      "3d_coords": [
        2.2064359188079834,
        -1.1773091554641724,
        1.0
      ],
      "shape": "SmoothCube_v2"
    },
    {
      "rotation": 0.0,
      "size": 1.0,
      "material": "Rubber",
      "pixel_coords": [
        36,
        49,
        11.540390014648438
      ],
      "color": [
        0.0,
        1.0,
        1.0,
        1.0
      ],
      "3d_coords": [
        -1.9945083856582642,
        -1.3957569599151611,
        1.0
      ],
      "shape": "SmoothCube_v2"
    }
  ],
  "Camera": [
    7.978081703186035,
    -6.152802467346191,
    5.241598129272461
  ],
  "Lamp_Fill": [
    -4.426229476928711,
    -4.6579365730285645,
    3.002708673477173
  ],
  "Lamp_Key": [
    5.961788654327393,
    -2.2443320751190186,
    4.624178886413574
  ],
  "image_filename": "000005561783233800",
  "Lamp_Back": [
    -0.9665236473083496,
    3.0875895023345947,
    5.82636022567749
  ]
}