{
  "image_filename": "000013707931572050",
  "objects": [
    {
      "shape": "Torus",
      "size": 1.0,
      "material": "data/materials/PoliigonWoodFlooring061.blend",
      "3d_coords": [
        2.750574827194214,
        -2.57688570022583,
        1.0
      ],
      "rotation": 0.0,
      "pixel_coords": [
        61,
        80,
        7.407099723815918
      ]
    },
    {
      "shape": "NewellTeapot",
      "size": 1.5,
      "material": "data/materials/PoliigonMetalSpottyDiscoloration001.blend",
      "3d_coords": [
        -2.0605227947235107,
        -1.409126877784729,
        1.5
      ],
      "rotation": 0.0,
      "pixel_coords": [
        33,
        43,
        11.067048072814941
      ]
    }
  ],
  "ground_material": "data/materials/PoliigonBricksFlemishRed001.blend",
  "Lamp_Key": [
    6.412963390350342,
    -3.890900135040283,
    5.110487937927246
  ],
  "Lamp_Back": [
    -1.8487706184387207,
    2.186541795730591,
    6.6349663734436035
  ],
  "Lamp_Fill": [
    -5.028398036956787,
    -4.055568218231201,
    3.5715396404266357
  ],
  "Camera": [
    7.486551284790039,
    -6.510462760925293,
    5.21095609664917
  ]
}