{
  "image_filename": "00000026",
  "objects": [
    {
      "shape": "circle",
      "size": 0.325,
      "rotation": 0.0,
      "2d_coords": [
        0.799456111238129,
        0.5381554585826953
      ],
      "color": [
        0,
        255,
        0
      ]
    },
    {
      "shape": "circle",
      "size": 0.325,
      "rotation": 0.0,
      "2d_coords": [
        0.23432933455882332,
        0.5803078038990181
      ],
      "color": [
        0,
        255,
        0
      ]
    }
  ]
}