{
  "image_filename": "000013137898724588",
  "objects": [
    {
      "shape": "Cylinder",
      "size": 1.0,
      "material": "data/materials/PoliigonFabricDenim003.blend",
      "3d_coords": [
        -0.71921306848526,
        -0.2755025327205658,
        1.0
      ],
      "rotation": 0.0,
      "pixel_coords": [
        55,
        51,
        11.174967765808105
      ]
    },
    {
      "shape": "Suzanne",
      "size": 2.0,
      "material": "data/materials/PoliigonChainmailCopperRoundedThin001.blend",
      "3d_coords": [
        2.883798599243164,
        1.188136339187622,
        2.0
      ],
      "rotation": 0.0,
      "pixel_coords": [
        107,
        45,
        9.274144172668457
      ]
    }
  ],
  "ground_material": "data/materials/PoliigonChainmailCopperRoundedThin001.blend",
  "Lamp_Key": [
    6.937899112701416,
    -2.511253833770752,
    5.145791530609131
  ],
  "Lamp_Back": [
    -0.9452077746391296,
    1.6583642959594727,
    6.443911552429199
  ],
  "Lamp_Fill": [
    -5.243721008300781,
    -4.983030796051025,
    3.0754446983337402
  ],
  "Camera": [
    7.417544364929199,
    -6.955007076263428,
    4.953738212585449
  ]
}