{
  "image_filename": "000011917134112411",
  "objects": [
    {
      "shape": "Cone",
      "size": 2.0,
      "material": "data/materials/PoliigonFabricDenim003.blend",
      "3d_coords": [
        2.99906849861145,
        1.5637364387512207,
        2.0
      ],
      "rotation": 0.0,
      "pixel_coords": [
        115,
        45,
        8.565896987915039
      ]
    },
    {
      "shape": "NewellTeapot",
      "size": 1.5,
      "material": "data/materials/PoliigonFabricDenim003.blend",
      "3d_coords": [
        0.7774242162704468,
        -1.5411792993545532,
        1.5
      ],
      "rotation": 0.0,
      "pixel_coords": [
        53,
        55,
        8.495720863342285
      ]
    }
  ],
  "ground_material": "data/materials/PoliigonFabricFleece001.blend",
  "Lamp_Key": [
    5.8197736740112305,
    -2.5043721199035645,
    4.36019229888916
  ],
  "Lamp_Back": [
    -0.9070644974708557,
    3.0705838203430176,
    6.504131317138672
  ],
  "Lamp_Fill": [
    -5.453572750091553,
    -4.547271728515625,
    3.6955270767211914
  ],
  "Camera": [
    7.055240631103516,
    -6.103400230407715,
    5.062892913818359
  ]
}