{
  "image_filename": "000006030544426780",
  "objects": [
    {
      "shape": "Cube",
      "size": 1.5,
      "material": "data/materials/PoliigonBricksPaintedWhite001.blend",
      "3d_coords": [
        2.083805561065674,
        -2.575626850128174,
        1.5
      ],
      "rotation": 0.0,
      "pixel_coords": [
        55,
        69,
        8.11496353149414
      ]
    },
    {
      "shape": "Sphere",
      "size": 2.0,
      "material": "data/materials/PoliigonMetalSpottyDiscoloration001.blend",
      "3d_coords": [
        1.2873249053955078,
        2.861100196838379,
        2.0
      ],
      "rotation": 0.0,
      "pixel_coords": [
        100,
        37,
        11.528132438659668
      ]
    }
  ],
  "ground_material": "data/materials/PoliigonChainmailCopperRoundedThin001.blend",
  "Lamp_Key": [
    6.215031147003174,
    -3.5268936157226562,
    5.16555643081665
  ],
  "Lamp_Back": [
    -1.3951492309570312,
    3.2877390384674072,
    6.623146057128906
  ],
  "Lamp_Fill": [
    -4.101807117462158,
    -3.5433573722839355,
    2.9302730560302734
  ],
  "Camera": [
    7.623401641845703,
    -6.756129264831543,
    5.751684188842773
  ]
}