{
  "image_filename": "000001935056353960",
  "objects": [
    {
      "shape": "Sphere",
      "size": 1.5,
      "material": "data/materials/PoliigonBricksPaintedWhite001.blend",
      "3d_coords": [
        -0.3372684121131897,
        -2.983036518096924,
        1.5
      ],
      "rotation": 0.0,
      "pixel_coords": [
        26,
        58,
        8.977506637573242
      ]
    },
    {
      "shape": "Cylinder",
      "size": 1.0,
      "material": "data/materials/PoliigonFabricFleece001.blend",
      "3d_coords": [
        -2.9859519004821777,
        1.262297511100769,
        1.0
      ],
      "rotation": 0.0,
      "pixel_coords": [
        52,
        39,
        13.414068222045898
      ]
    }
  ],
  "ground_material": "data/materials/PoliigonRoofTilesTerracotta004.blend",
  "Lamp_Key": [
    7.0140581130981445,
    -3.592010259628296,
    4.4259467124938965
  ],
  "Lamp_Back": [
    -0.39379897713661194,
    2.0934667587280273,
    6.795419216156006
  ],
  "Lamp_Fill": [
    -5.500753402709961,
    -3.449702024459839,
    2.9568445682525635
  ],
  "Camera": [
    7.163370609283447,
    -6.646935939788818,
    5.613396644592285
  ]
}