{
  "image_filename": "000014992189694248",
  "objects": [
    {
      "shape": "Sphere",
      "size": 1.5,
      "material": "data/materials/PoliigonChainmailCopperRoundedThin001.blend",
      "3d_coords": [
        -2.820101499557495,
        -0.4809863865375519,
        1.5
      ],
      "rotation": 0.0,
      "pixel_coords": [
        40,
        38,
        12.210339546203613
      ]
    },
    {
      "shape": "Sphere",
      "size": 2.0,
      "material": "data/materials/PoliigonFabricDenim003.blend",
      "3d_coords": [
        1.7711962461471558,
        0.1280220001935959,
        2.0
      ],
      "rotation": 0.0,
      "pixel_coords": [
        82,
        46,
        9.06100845336914
      ]
    }
  ],
  "ground_material": "data/materials/PoliigonBricksFlemishRed001.blend",
  "Lamp_Key": [
    7.046796798706055,
    -3.0972657203674316,
    4.616031169891357
  ],
  "Lamp_Back": [
    -1.9964274168014526,
    3.6348371505737305,
    5.565980911254883
  ],
  "Lamp_Fill": [
    -4.789975643157959,
    -3.322643518447876,
    2.9566941261291504
  ],
  "Camera": [
    7.898101329803467,
    -6.02148962020874,
    5.083309173583984
  ]
}