{
  "Lamp_Key": [
    6.115163803100586,
    -3.4635753631591797,
    3.950427770614624
  ],
  "image_filename": "000014039851940899",
  "Camera": [
    7.467248916625977,
    -6.113044261932373,
    5.6493239402771
  ],
  "objects": [
    {
      "pixel_coords": [
        113,
        47,
        9.155058860778809
      ],
      "shape": "SmoothCube_v2",
      "size": 2.0,
      "3d_coords": [
        2.9531540870666504,
        1.7472926378250122,
        2.0
      ],
      "color": [
        1.0,
        0.0,
        0.0,
        1.0
      ],
      "material": "Rubber",
      "rotation": 0.0
    },
    {
      "pixel_coords": [
        60,
        68,
        8.796923637390137
      ],
      "shape": "SmoothCylinder",
      "size": 1.0,
      "3d_coords": [
        1.5408574342727661,
        -1.55712890625,
        1.0
      ],
      "color": [
        0.0,
        0.0,
        1.0,
        1.0
      ],
      "material": "Rubber",
      "rotation": 0.0
    }
  ],
  "Lamp_Fill": [
    -5.0956501960754395,
    -3.467465400695801,
    3.895730495452881
  ],
  "Lamp_Back": [
    -1.2336809635162354,
    3.3048977851867676,
    5.341331958770752
  ]
}