{
  "image_filename": "000006872169046870",
  "objects": [
    {
      "shape": "Suzanne",
      "size": 1.5,
      "material": "data/materials/PoliigonBricksFlemishRed001.blend",
      "3d_coords": [
        2.123995542526245,
        1.8641810417175293,
        1.5
      ],
      "rotation": 0.0,
      "pixel_coords": [
        102,
        49,
        10.347212791442871
      ]
    },
    {
      "shape": "Cone",
      "size": 1.0,
      "material": "data/materials/PoliigonRoofTilesTerracotta004.blend",
      "3d_coords": [
        -0.3276767134666443,
        -0.8949705958366394,
        1.0
      ],
      "rotation": 0.0,
      "pixel_coords": [
        52,
        55,
        10.547493934631348
      ]
    }
  ],
  "ground_material": "data/materials/PoliigonWoodFlooring061.blend",
  "Lamp_Key": [
    7.209660053253174,
    -2.090439796447754,
    5.213750839233398
  ],
  "Lamp_Back": [
    -1.9374350309371948,
    2.305185556411743,
    5.689451694488525
  ],
  "Lamp_Fill": [
    -4.526034832000732,
    -4.593684196472168,
    2.54600191116333
  ],
  "Camera": [
    7.242142677307129,
    -6.644033908843994,
    5.705048084259033
  ]
}