{
  "image_filename": "000002970335924530",
  "objects": [
    {
      "shape": "Cube",
      "size": 1.0,
      "material": "data/materials/PoliigonFabricDenim003.blend",
      "3d_coords": [
        -0.139801487326622,
        -2.481672525405884,
        1.0
      ],
      "rotation": 0.0,
      "pixel_coords": [
        37,
        62,
        9.926862716674805
      ]
    },
    {
      "shape": "Suzanne",
      "size": 2.0,
      "material": "data/materials/PoliigonRoofTilesTerracotta004.blend",
      "3d_coords": [
        2.1222808361053467,
        1.4342846870422363,
        2.0
      ],
      "rotation": 0.0,
      "pixel_coords": [
        98,
        44,
        10.25689697265625
      ]
    }
  ],
  "ground_material": "data/materials/PoliigonBricksPaintedWhite001.blend",
  "Lamp_Key": [
    7.094893455505371,
    -3.2682480812072754,
    3.8127894401550293
  ],
  "Lamp_Back": [
    -1.687591314315796,
    2.2251462936401367,
    4.884230136871338
  ],
  "Lamp_Fill": [
    -5.180471897125244,
    -4.474851608276367,
    2.612717866897583
  ],
  "Camera": [
    7.652798652648926,
    -6.8740763664245605,
    5.722391128540039
  ]
}