{
  "Lamp_Key": [
    5.932158470153809,
    -2.389354944229126,
    4.896176815032959
  ],
  "Lamp_Back": [
    -1.0206810235977173,
    2.1248762607574463,
    4.872300148010254
  ],
  "Camera": [
    7.630541801452637,
    -6.011964797973633,
    4.929390907287598
  ],
  "objects": [
    {
      "material": "Rubber",
      "color": [
        0.0,
        0.0,
        1.0,
        1.0
      ],
      "3d_coords": [
        -0.17728613317012787,
        2.7046008110046387,
        2.0
      ],
      "size": 2.0,
      "pixel_coords": [
        88,
        33,
        11.605273246765137
      ],
      "shape": "Sphere",
      "rotation": 0.0
    },
    {
      "material": "Rubber",
      "color": [
        1.0,
        0.0,
        1.0,
        1.0
      ],
      "3d_coords": [
        0.4092833399772644,
        -1.8724957704544067,
        1.5
      ],
      "size": 1.5,
      "pixel_coords": [
        45,
        53,
        8.894615173339844
      ],
      "shape": "SmoothCylinder",
      "rotation": 0.0
    }
  ],
  "Lamp_Fill": [
    -4.054900646209717,
    -3.3354616165161133,
    2.3649842739105225
  ],
  "image_filename": "000008209314593879"
}