{
  "Lamp_Key": [
    6.567900657653809,
    -3.3282229900360107,
    4.813006401062012
  ],
  "Lamp_Fill": [
    -4.712954998016357,
    -4.865114688873291,
    2.415126323699951
  ],
  "Lamp_Back": [
    -2.0642614364624023,
    3.0770108699798584,
    5.469607830047607
  ],
  "image_filename": "000013594718488376",
  "Camera": [
    7.64558219909668,
    -6.419879913330078,
    5.065886974334717
  ],
  "objects": [
    {
      "pixel_coords": [
        32,
        46,
        9.089729309082031
      ],
      "size": 2.0,
      "color": [
        0.0,
        0.0,
        1.0,
        1.0
      ],
      "material": "MyMetal",
      "rotation": 0.0,
      "3d_coords": [
        -0.3242226839065552,
        -2.479571580886841,
        2.0
      ],
      "shape": "Sphere"
    },
    {
      "pixel_coords": [
        53,
        30,
        12.850480079650879
      ],
      "size": 2.0,
      "color": [
        0.0,
        1.0,
        1.0,
        1.0
      ],
      "material": "MyMetal",
      "rotation": 0.0,
      "3d_coords": [
        -2.847881317138672,
        1.0730801820755005,
        2.0
      ],
      "shape": "SmoothCylinder"
    }
  ]
}