{
  "objects": [
    {
      "pixel_coords": [
        96,
        46,
        11.68263053894043
      ],
      "color": [
        0.0,
        1.0,
        1.0,
        1.0
      ],
      "rotation": 0.0,
      "size": 1.0,
      "material": "Rubber",
      "shape": "SmoothCube_v2",
      "3d_coords": [
        0.9062999486923218,
        2.8093414306640625,
        1.0
      ]
    },
    {
      "pixel_coords": [
        69,
        43,
        12.3290376663208
      ],
      "color": [
        1.0,
        0.0,
        0.0,
        1.0
      ],
      "rotation": 0.0,
      "size": 1.0,
      "material": "MyMetal",
      "shape": "SmoothCube_v2",
      "3d_coords": [
        -1.1747450828552246,
        1.5815110206604004,
        1.0
      ]
    }
  ],
  "Lamp_Back": [
    -1.2440385818481445,
    2.4568939208984375,
    5.294437408447266
  ],
  "image_filename": "000011237893707909",
  "Lamp_Fill": [
    -4.358493804931641,
    -4.329717636108398,
    2.079866886138916
  ],
  "Camera": [
    7.201472282409668,
    -6.307937145233154,
    5.818019866943359
  ],
  "Lamp_Key": [
    6.94505500793457,
    -2.4565629959106445,
    3.635429620742798
  ]
}