{
  "image_filename": "000005469430863312",
  "objects": [
    {
      "shape": "Sphere",
      "size": 2.0,
      "material": "data/materials/PoliigonWoodFlooring061.blend",
      "3d_coords": [
        0.8937855958938599,
        2.993079423904419,
        2.0
      ],
      "rotation": 0.0,
      "pixel_coords": [
        99,
        35,
        11.443320274353027
      ]
    },
    {
      "shape": "Cylinder",
      "size": 1.5,
      "material": "data/materials/PoliigonMetalSpottyDiscoloration001.blend",
      "3d_coords": [
        -2.720404863357544,
        -0.6878548860549927,
        1.5
      ],
      "rotation": 0.0,
      "pixel_coords": [
        37,
        39,
        11.918022155761719
      ]
    }
  ],
  "ground_material": "data/materials/PoliigonMetalSpottyDiscoloration001.blend",
  "Lamp_Key": [
    5.914348602294922,
    -3.4052207469940186,
    4.392314434051514
  ],
  "Lamp_Back": [
    -1.4298186302185059,
    1.8685439825057983,
    6.00148344039917
  ],
  "Lamp_Fill": [
    -4.696505069732666,
    -3.8523073196411133,
    3.0170745849609375
  ],
  "Camera": [
    7.268809795379639,
    -6.465575218200684,
    5.819465637207031
  ]
}