{
  "objects": [
    {
      "size": 1.5,
      "color": [
        0.0,
        1.0,
        0.0,
        1.0
      ],
      "shape": "Sphere",
      "3d_coords": [
        2.9369330406188965,
        -2.4036991596221924,
        1.5
      ],
      "pixel_coords": [
        66,
        74,
        7.677444934844971
      ],
      "rotation": 0.0,
      "material": "MyMetal"
    },
    {
      "size": 1.0,
      "color": [
        0.0,
        1.0,
        1.0,
        1.0
      ],
      "shape": "Suzanne",
      "3d_coords": [
        2.9626262187957764,
        2.058838367462158,
        1.0
      ],
      "pixel_coords": [
        111,
        58,
        10.45798110961914
      ],
      "rotation": 0.0,
      "material": "MyMetal"
    }
  ],
  "image_filename": "000005716499532046",
  "Lamp_Key": [
    6.955961227416992,
    -2.498107671737671,
    3.97160005569458
  ],
  "Camera": [
    7.719419956207275,
    -6.705280780792236,
    5.728150367736816
  ],
  "Lamp_Back": [
    -1.543988823890686,
    3.02933931350708,
    4.994233131408691
  ],
  "Lamp_Fill": [
    -4.515646457672119,
    -3.7203640937805176,
    3.9115045070648193
  ]
}