{
  "Lamp_Key": [
    6.595250129699707,
    -2.699786424636841,
    3.638942241668701
  ],
  "Lamp_Back": [
    -1.2602119445800781,
    2.4020836353302,
    6.510166168212891
  ],
  "Camera": [
    7.756048679351807,
    -6.551019191741943,
    5.121809959411621
  ],
  "image_filename": "000012659581876360",
  "Lamp_Fill": [
    -4.422351837158203,
    -3.138735294342041,
    3.846738338470459
  ],
  "objects": [
    {
      "material": "Rubber",
      "pixel_coords": [
        51,
        47,
        12.10978889465332
      ],
      "shape": "SmoothCube_v2",
      "size": 1.0,
      "color": [
        0.0,
        0.0,
        1.0,
        1.0
      ],
      "3d_coords": [
        -1.7419081926345825,
        0.001481871702708304,
        1.0
      ],
      "rotation": 0.0
    },
    {
      "material": "Rubber",
      "pixel_coords": [
        92,
        46,
        12.223490715026855
      ],
      "shape": "SmoothCylinder",
      "size": 1.0,
      "color": [
        0.0,
        1.0,
        1.0,
        1.0
      ],
      "3d_coords": [
        0.4691074788570404,
        2.816566228866577,
        1.0
      ],
      "rotation": 0.0
    }
  ]
}