{
  "Lamp_Back": [
    -1.6032605171203613,
    2.506072521209717,
    6.190469741821289
  ],
  "Lamp_Key": [
    6.234878063201904,
    -3.554335117340088,
    5.189491271972656
  ],
  "Lamp_Fill": [
    -4.093751907348633,
    -4.397861480712891,
    3.2582995891571045
  ],
  "Camera": [
    7.28107213973999,
    -6.698587417602539,
    5.233678817749023
  ],
  "objects": [
    {
      "shape": "SmoothCube_v2",
      "material": "Rubber",
      "pixel_coords": [
        68,
        56,
        10.189833641052246
      ],
      "color": [
        1.0,
        0.0,
        0.0,
        1.0
      ],
      "size": 1.0,
      "rotation": 0.0,
      "3d_coords": [
        0.6447980403900146,
        -0.19351330399513245,
        1.0
      ]
    },
    {
      "shape": "SmoothCube_v2",
      "material": "Rubber",
      "pixel_coords": [
        41,
        54,
        10.476822853088379
      ],
      "color": [
        1.0,
        0.0,
        0.0,
        1.0
      ],
      "size": 1.0,
      "rotation": 0.0,
      "3d_coords": [
        -0.9393943548202515,
        -1.4359288215637207,
        1.0
      ]
    }
  ],
  "image_filename": "000008600790273418"
}