{
  "Lamp_Back": [
    -1.6743297576904297,
    2.2047922611236572,
    6.081742763519287
  ],
  "Lamp_Fill": [
    -4.817145347595215,
    -3.7135696411132812,
    2.857595443725586
  ],
  "objects": [
    {
      "color": [
        0.0,
        1.0,
        0.0,
        1.0
      ],
      "3d_coords": [
        1.633037805557251,
        -2.841339588165283,
        1.0
      ],
      "shape": "SmoothCylinder",
      "material": "MyMetal",
      "pixel_coords": [
        48,
        74,
        7.857022285461426
      ],
      "size": 1.0,
      "rotation": 0.0
    },
    {
      "color": [
        1.0,
        0.0,
        0.0,
        1.0
      ],
      "3d_coords": [
        1.011268973350525,
        2.653939962387085,
        1.0
      ],
      "shape": "SmoothCube_v2",
      "material": "Rubber",
      "pixel_coords": [
        95,
        47,
        11.635212898254395
      ],
      "size": 1.0,
      "rotation": 0.0
    }
  ],
  "image_filename": "000006530083958707",
  "Camera": [
    7.059743881225586,
    -6.839725494384766,
    5.177879333496094
  ],
  "Lamp_Key": [
    6.997334957122803,
    -3.2227447032928467,
    4.532052993774414
  ]
}