{
  "image_filename": "000004699152360667",
  "Lamp_Key": [
    5.469893455505371,
    -2.0564866065979004,
    4.384073734283447
  ],
  "Lamp_Back": [
    -1.619272232055664,
    2.006659746170044,
    5.78552770614624
  ],
  "Camera": [
    7.193027973175049,
    -6.212655067443848,
    5.26364278793335
  ],
  "objects": [
    {
      "shape": "SmoothCube_v2",
      "pixel_coords": [
        105,
        42,
        10.904695510864258
      ],
      "color": [
        1.0,
        0.0,
        0.0,
        1.0
      ],
      "size": 1.5,
      "rotation": 0.0,
      "material": "MyMetal",
      "3d_coords": [
        1.4052692651748657,
        2.9677603244781494,
        1.5
      ]
    },
    {
      "shape": "SmoothCube_v2",
      "pixel_coords": [
        23,
        47,
        9.973909378051758
      ],
      "color": [
        0.0,
        1.0,
        1.0,
        1.0
      ],
      "size": 1.5,
      "rotation": 0.0,
      "material": "MyMetal",
      "3d_coords": [
        -1.7531605958938599,
        -2.316843271255493,
        1.5
      ]
    }
  ],
  "Lamp_Fill": [
    -4.918336391448975,
    -4.787446975708008,
    2.4035701751708984
  ]
}