{
  "Lamp_Back": [
    -1.9159287214279175,
    2.996096611022949,
    5.484951972961426
  ],
  "objects": [
    {
      "material": "MyMetal",
      "rotation": 0.0,
      "3d_coords": [
        -2.4332213401794434,
        0.4501986503601074,
        1.0
      ],
      "size": 1.0,
      "pixel_coords": [
        51,
        44,
        13.387726783752441
      ],
      "color": [
        1.0,
        0.0,
        1.0,
        1.0
      ],
      "shape": "SmoothCylinder"
    },
    {
      "material": "MyMetal",
      "rotation": 0.0,
      "3d_coords": [
        0.79413241147995,
        0.0207171980291605,
        2.0
      ],
      "size": 2.0,
      "pixel_coords": [
        71,
        44,
        10.52413558959961
      ],
      "color": [
        0.0,
        0.0,
        1.0,
        1.0
      ],
      "shape": "Sphere"
    }
  ],
  "Lamp_Key": [
    5.506402969360352,
    -1.9485305547714233,
    4.9433274269104
  ],
  "Lamp_Fill": [
    -4.8072590827941895,
    -3.905134677886963,
    2.444481134414673
  ],
  "image_filename": "000006749029393429",
  "Camera": [
    7.9661455154418945,
    -6.98764181137085,
    5.569351673126221
  ]
}