{
  "image_filename": "000001674756622661",
  "objects": [
    {
      "shape": "Icosahedron",
      "size": 1.0,
      "material": "data/materials/PoliigonFabricDenim003.blend",
      "3d_coords": [
        0.7881567478179932,
        -0.22958630323410034,
        1.0
      ],
      "rotation": 0.0,
      "pixel_coords": [
        69,
        57,
        9.91843032836914
      ]
    },
    {
      "shape": "Torus",
      "size": 1.0,
      "material": "data/materials/PoliigonChainmailCopperRoundedThin001.blend",
      "3d_coords": [
        -1.4512900114059448,
        -2.8003807067871094,
        1.0
      ],
      "rotation": 0.0,
      "pixel_coords": [
        21,
        58,
        9.828283309936523
      ]
    }
  ],
  "ground_material": "data/materials/PoliigonRoofTilesTerracotta004.blend",
  "Lamp_Key": [
    6.457006931304932,
    -2.16731595993042,
    3.383193254470825
  ],
  "Lamp_Back": [
    -0.9168925881385803,
    2.9664082527160645,
    5.704150199890137
  ],
  "Lamp_Fill": [
    -5.3371381759643555,
    -3.5777089595794678,
    3.9033353328704834
  ],
  "Camera": [
    6.987913131713867,
    -6.475029468536377,
    5.615885257720947
  ]
}