{
  "image_filename": "000005520131259017",
  "Lamp_Key": [
    6.240176677703857,
    -3.0154824256896973,
    5.181396007537842
  ],
  "Lamp_Fill": [
    -4.435302257537842,
    -4.047977924346924,
    3.9476816654205322
  ],
  "Camera": [
    7.495800018310547,
    -6.774256229400635,
    5.780519485473633
  ],
  "Lamp_Back": [
    -2.109386444091797,
    2.9157440662384033,
    6.203052043914795
  ],
  "objects": [
    {
      "shape": "Sphere",
      "pixel_coords": [
        42,
        54,
        11.004834175109863
      ],
      "color": [
        0.0,
        1.0,
        0.0,
        1.0
      ],
      "material": "MyMetal",
      "rotation": 0.0,
      "size": 1.0,
      "3d_coords": [
        -1.0542722940444946,
        -1.4048296213150024,
        1.0
      ]
    },
    {
      "shape": "Suzanne",
      "pixel_coords": [
        80,
        41,
        12.102458000183105
      ],
      "color": [
        0.0,
        1.0,
        1.0,
        1.0
      ],
      "material": "MyMetal",
      "rotation": 0.0,
      "size": 1.5,
      "3d_coords": [
        -0.10140170156955719,
        1.9622182846069336,
        1.5
      ]
    }
  ]
}