{
  "image_filename": "000014314945301655",
  "objects": [
    {
      "shape": "Cone",
      "size": 1.0,
      "material": "data/materials/PoliigonFabricDenim003.blend",
      "3d_coords": [
        -2.941864013671875,
        -1.4810924530029297,
        1.0
      ],
      "rotation": 0.0,
      "pixel_coords": [
        30,
        47,
        12.48859977722168
      ]
    },
    {
      "shape": "Suzanne",
      "size": 1.0,
      "material": "data/materials/PoliigonBricksFlemishRed001.blend",
      "3d_coords": [
        -1.0259531736373901,
        2.793562412261963,
        1.0
      ],
      "rotation": 0.0,
      "pixel_coords": [
        80,
        42,
        13.55468463897705
      ]
    }
  ],
  "ground_material": "data/materials/PoliigonBricksFlemishRed001.blend",
  "Lamp_Key": [
    5.920135974884033,
    -2.033118963241577,
    4.8679423332214355
  ],
  "Lamp_Back": [
    -0.5662292242050171,
    3.316185712814331,
    6.500112056732178
  ],
  "Lamp_Fill": [
    -5.423402309417725,
    -3.4159905910491943,
    3.726945161819458
  ],
  "Camera": [
    7.976710796356201,
    -6.519966125488281,
    5.769073009490967
  ]
}