{
  "Camera": [
    7.258900165557861,
    -6.524118423461914,
    5.275783061981201
  ],
  "objects": [
    {
      "material": "MyMetal",
      "color": [
        0.0,
        1.0,
        0.0,
        1.0
      ],
      "3d_coords": [
        2.7010436058044434,
        -1.658011555671692,
        1.5
      ],
      "shape": "Suzanne",
      "pixel_coords": [
        74,
        67,
        7.639073848724365
      ],
      "rotation": 0.0,
      "size": 1.5
    },
    {
      "material": "MyMetal",
      "color": [
        1.0,
        0.0,
        1.0,
        1.0
      ],
      "3d_coords": [
        -2.052685022354126,
        -0.5086361765861511,
        1.5
      ],
      "shape": "Sphere",
      "pixel_coords": [
        43,
        41,
        11.425203323364258
      ],
      "rotation": 0.0,
      "size": 1.5
    }
  ],
  "image_filename": "000006169371848860",
  "Lamp_Key": [
    7.049050807952881,
    -3.355123519897461,
    4.6519365310668945
  ],
  "Lamp_Back": [
    -0.533362090587616,
    3.492262125015259,
    6.662629127502441
  ],
  "Lamp_Fill": [
    -4.804559707641602,
    -3.06010103225708,
    3.791745901107788
  ]
}