{
  "image_filename": "000006462614277275",
  "objects": [
    {
      "shape": "Cone",
      "size": 1.0,
      "material": "data/materials/PoliigonChainmailCopperRoundedThin001.blend",
      "3d_coords": [
        2.7168941497802734,
        2.3208272457122803,
        1.0
      ],
      "rotation": 0.0,
      "pixel_coords": [
        112,
        55,
        10.410097122192383
      ]
    },
    {
      "shape": "Sphere",
      "size": 1.5,
      "material": "data/materials/PoliigonRoofTilesTerracotta004.blend",
      "3d_coords": [
        -0.748230516910553,
        -1.7899396419525146,
        1.5
      ],
      "rotation": 0.0,
      "pixel_coords": [
        38,
        49,
        10.015045166015625
      ]
    }
  ],
  "ground_material": "data/materials/PoliigonWoodFlooring061.blend",
  "Lamp_Key": [
    7.181811809539795,
    -2.078094005584717,
    4.409522533416748
  ],
  "Lamp_Back": [
    -0.3214433491230011,
    3.0955278873443604,
    5.5104660987854
  ],
  "Lamp_Fill": [
    -5.453652858734131,
    -4.6900529861450195,
    3.403235673904419
  ],
  "Camera": [
    7.457544326782227,
    -6.75167989730835,
    5.076462745666504
  ]
}