{
  "Lamp_Fill": [
    -4.957090377807617,
    -4.934889316558838,
    2.652071237564087
  ],
  "image_filename": "000015012001217186",
  "objects": [
    {
      "pixel_coords": [
        80,
        50,
        11.655850410461426
      ],
      "material": "Rubber",
      "size": 1.0,
      "color": [
        1.0,
        1.0,
        0.0,
        1.0
      ],
      "shape": "Suzanne",
      "rotation": 0.0,
      "3d_coords": [
        0.3948216140270233,
        1.4727468490600586,
        1.0
      ]
    },
    {
      "pixel_coords": [
        61,
        42,
        13.344515800476074
      ],
      "material": "MyMetal",
      "size": 1.0,
      "color": [
        0.0,
        1.0,
        1.0,
        1.0
      ],
      "shape": "Suzanne",
      "rotation": 0.0,
      "3d_coords": [
        -2.1424901485443115,
        1.4655653238296509,
        1.0
      ]
    }
  ],
  "Camera": [
    7.696425437927246,
    -6.676286697387695,
    5.4101176261901855
  ],
  "Lamp_Back": [
    -0.7947280406951904,
    3.302938222885132,
    5.5091776847839355
  ],
  "Lamp_Key": [
    7.355959892272949,
    -2.137547492980957,
    3.8762121200561523
  ]
}