{
  "Lamp_Key": [
    5.648320198059082,
    -2.271109104156494,
    3.9602344036102295
  ],
  "objects": [
    {
      "pixel_coords": [
        58,
        54,
        9.0671968460083
      ],
      "shape": "SmoothCube_v2",
      "color": [
        1.0,
        0.0,
        0.0,
        1.0
      ],
      "rotation": 0.0,
      "3d_coords": [
        0.8785350918769836,
        -1.2930169105529785,
        1.5
      ],
      "material": "MyMetal",
      "size": 1.5
    },
    {
      "pixel_coords": [
        22,
        46,
        10.320392608642578
      ],
      "shape": "SmoothCube_v2",
      "color": [
        1.0,
        0.0,
        1.0,
        1.0
      ],
      "rotation": 0.0,
      "3d_coords": [
        -2.0009799003601074,
        -2.372727632522583,
        1.5
      ],
      "material": "Rubber",
      "size": 1.5
    }
  ],
  "Lamp_Back": [
    -1.8603521585464478,
    2.3313100337982178,
    6.1983771324157715
  ],
  "image_filename": "000012504884141232",
  "Camera": [
    7.348490238189697,
    -6.722094535827637,
    4.8863205909729
  ],
  "Lamp_Fill": [
    -4.294267177581787,
    -3.6810381412506104,
    3.591543436050415
  ]
}