{
  "image_filename": "00000024",
  "objects": [
    {
      "shape": "circle",
      "size": 0.125,
      "rotation": 0.0,
      "2d_coords": [
        0.42016228958852,
        0.23372274248612235
      ],
      "color": [
        0,
        255,
        0
      ]
    },
    {
      "shape": "square",
      "size": 0.325,
      "rotation": 0.0,
      "2d_coords": [
        0.2805256196732411,
        0.5827416423696048
      ],
      "color": [
        0,
        127,
        255
      ]
    }
  ]
}