{
  "image_filename": "000001494075133065",
  "objects": [
    {
      "shape": "NewellTeapot",
      "size": 2.0,
      "material": "data/materials/PoliigonMetalSpottyDiscoloration001.blend",
      "3d_coords": [
        -1.1600242853164673,
        -2.4355006217956543,
        2.0
      ],
      "rotation": 0.0,
      "pixel_coords": [
        27,
        43,
        9.963207244873047
      ]
    },
    {
      "shape": "NewellTeapot",
      "size": 2.0,
      "material": "data/materials/PoliigonMetalSpottyDiscoloration001.blend",
      "3d_coords": [
        2.8150525093078613,
        -1.5393879413604736,
        2.0
      ],
      "rotation": 0.0,
      "pixel_coords": [
        75,
        59,
        7.764469623565674
      ]
    }
  ],
  "ground_material": "data/materials/PoliigonWoodFlooring061.blend",
  "Lamp_Key": [
    5.4555463790893555,
    -3.8520047664642334,
    4.7575602531433105
  ],
  "Lamp_Back": [
    -0.9148762822151184,
    2.194563150405884,
    4.868268013000488
  ],
  "Lamp_Fill": [
    -4.139927387237549,
    -4.849578857421875,
    2.085118532180786
  ],
  "Camera": [
    7.8146867752075195,
    -6.490612983703613,
    5.353250026702881
  ]
}