{
  "image_filename": "000010464172614832",
  "objects": [
    {
      "shape": "Suzanne",
      "size": 1.0,
      "material": "data/materials/PoliigonBricksFlemishRed001.blend",
      "3d_coords": [
        -1.5500022172927856,
        2.678304672241211,
        1.0
      ],
      "rotation": 0.0,
      "pixel_coords": [
        73,
        40,
        13.390266418457031
      ]
    },
    {
      "shape": "Suzanne",
      "size": 2.0,
      "material": "data/materials/PoliigonFabricDenim003.blend",
      "3d_coords": [
        2.508284091949463,
        2.950955867767334,
        2.0
      ],
      "rotation": 0.0,
      "pixel_coords": [
        116,
        39,
        10.502872467041016
      ]
    }
  ],
  "ground_material": "data/materials/PoliigonWoodFlooring061.blend",
  "Lamp_Key": [
    7.247519016265869,
    -3.1301560401916504,
    4.333517074584961
  ],
  "Lamp_Back": [
    -1.9481195211410522,
    3.1943366527557373,
    5.953937530517578
  ],
  "Lamp_Fill": [
    -4.138982772827148,
    -3.413905620574951,
    2.7971205711364746
  ],
  "Camera": [
    7.124075889587402,
    -6.782267093658447,
    5.555129051208496
  ]
}