{
  "image_filename": "00000047",
  "objects": [
    {
      "shape": "star_4",
      "size": 0.125,
      "rotation": 0.0,
      "2d_coords": [
        0.6516462397205186,
        0.6285448059214863
      ],
      "color": [
        255,
        127,
        0
      ]
    },
    {
      "shape": "triangle",
      "size": 0.325,
      "rotation": 0.0,
      "2d_coords": [
        0.7679263209298933,
        0.20197091614285406
      ],
      "color": [
        255,
        0,
        255
      ]
    }
  ]
}