{
  "image_filename": "000003702259202044",
  "objects": [
    {
      "shape": "Cylinder",
      "size": 1.5,
      "material": "data/materials/PoliigonWoodFlooring061.blend",
      "3d_coords": [
        -1.635680079460144,
        -1.8848474025726318,
        1.5
      ],
      "rotation": 0.0,
      "pixel_coords": [
        30,
        47,
        10.412611961364746
      ]
    },
    {
      "shape": "Cylinder",
      "size": 1.5,
      "material": "data/materials/PoliigonFabricFleece001.blend",
      "3d_coords": [
        2.674837827682495,
        -1.8903642892837524,
        1.5
      ],
      "rotation": 0.0,
      "pixel_coords": [
        69,
        72,
        7.61198091506958
      ]
    }
  ],
  "ground_material": "data/materials/PoliigonFabricDenim003.blend",
  "Lamp_Key": [
    6.0135650634765625,
    -2.5080490112304688,
    4.687711715698242
  ],
  "Lamp_Back": [
    -1.9412634372711182,
    2.2422642707824707,
    4.957223415374756
  ],
  "Lamp_Fill": [
    -4.281536102294922,
    -4.352274417877197,
    3.0423099994659424
  ],
  "Camera": [
    7.254175662994385,
    -6.188828468322754,
    5.831522464752197
  ]
}