{
  "Camera": [
    7.554272174835205,
    -6.043018341064453,
    4.919111251831055
  ],
  "Lamp_Back": [
    -0.18620017170906067,
    3.1553690433502197,
    6.693838119506836
  ],
  "Lamp_Fill": [
    -5.127577304840088,
    -4.8429951667785645,
    3.0705630779266357
  ],
  "image_filename": "000003231243457806",
  "objects": [
    {
      "rotation": 0.0,
      "pixel_coords": [
        23,
        54,
        10.022956848144531
      ],
      "material": "Rubber",
      "shape": "SmoothCube_v2",
      "size": 1.0,
      "3d_coords": [
        -1.507369041442871,
        -2.560608386993408,
        1.0
      ],
      "color": [
        0.0,
        1.0,
        1.0,
        1.0
      ]
    },
    {
      "rotation": 0.0,
      "pixel_coords": [
        98,
        50,
        9.445996284484863
      ],
      "material": "MyMetal",
      "shape": "Sphere",
      "size": 1.5,
      "3d_coords": [
        2.0890488624572754,
        1.3060448169708252,
        1.5
      ],
      "color": [
        1.0,
        1.0,
        0.0,
        1.0
      ]
    }
  ],
  "Lamp_Key": [
    6.5176568031311035,
    -2.4718377590179443,
    3.4678022861480713
  ]
}