{
  "Lamp_Fill": [
    -4.809664249420166,
    -3.759995460510254,
    3.2739603519439697
  ],
  "objects": [
    {
      "3d_coords": [
        2.90864896774292,
        0.8139737248420715,
        2.0
      ],
      "rotation": 0.0,
      "material": "MyMetal",
      "size": 2.0,
      "shape": "SmoothCube_v2",
      "pixel_coords": [
        102,
        47,
        9.252535820007324
      ],
      "color": [
        1.0,
        1.0,
        0.0,
        1.0
      ]
    },
    {
      "3d_coords": [
        -2.117900848388672,
        1.614175796508789,
        1.5
      ],
      "rotation": 0.0,
      "material": "MyMetal",
      "size": 1.5,
      "shape": "SmoothCylinder",
      "pixel_coords": [
        62,
        38,
        13.389832496643066
      ],
      "color": [
        1.0,
        1.0,
        0.0,
        1.0
      ]
    }
  ],
  "Lamp_Key": [
    5.594456672668457,
    -3.7933483123779297,
    3.723153591156006
  ],
  "Camera": [
    7.970930099487305,
    -6.89244270324707,
    4.860780715942383
  ],
  "image_filename": "000013867494306543",
  "Lamp_Back": [
    -1.3514271974563599,
    1.8569822311401367,
    6.271541118621826
  ]
}