{
  "image_filename": "000012285766810691",
  "objects": [
    {
      "shape": "NewellTeapot",
      "size": 2.0,
      "material": "data/materials/PoliigonMetalSpottyDiscoloration001.blend",
      "3d_coords": [
        2.31325626373291,
        -2.4913275241851807,
        2.0
      ],
      "rotation": 0.0,
      "pixel_coords": [
        55,
        63,
        7.612288951873779
      ]
    },
    {
      "shape": "Sphere",
      "size": 2.0,
      "material": "data/materials/PoliigonMetalSpottyDiscoloration001.blend",
      "3d_coords": [
        -1.3750150203704834,
        1.6137279272079468,
        2.0
      ],
      "rotation": 0.0,
      "pixel_coords": [
        69,
        32,
        12.31082820892334
      ]
    }
  ],
  "ground_material": "data/materials/PoliigonWoodFlooring061.blend",
  "Lamp_Key": [
    6.146517276763916,
    -2.9629104137420654,
    3.59242844581604
  ],
  "Lamp_Back": [
    -1.5411157608032227,
    2.398178815841675,
    6.507646083831787
  ],
  "Lamp_Fill": [
    -3.912869453430176,
    -3.819704055786133,
    2.8633344173431396
  ],
  "Camera": [
    7.767697334289551,
    -6.211705207824707,
    5.821848392486572
  ]
}