{
  "objects": [
    {
      "shape": "SmoothCube_v2",
      "color": [
        1.0,
        0.0,
        0.0,
        1.0
      ],
      "material": "Rubber",
      "3d_coords": [
        2.938230514526367,
        2.949533462524414,
        2.0
      ],
      "rotation": 0.0,
      "size": 2.0,
      "pixel_coords": [
        122,
        40,
        9.963357925415039
      ]
    },
    {
      "shape": "SmoothCube_v2",
      "color": [
        1.0,
        0.0,
        0.0,
        1.0
      ],
      "material": "Rubber",
      "3d_coords": [
        -1.8230066299438477,
        -1.002210021018982,
        2.0
      ],
      "rotation": 0.0,
      "size": 2.0,
      "pixel_coords": [
        38,
        37,
        10.615280151367188
      ]
    }
  ],
  "Lamp_Back": [
    -1.7836594581604004,
    3.4662766456604004,
    5.915348529815674
  ],
  "Camera": [
    7.092296600341797,
    -6.7387847900390625,
    4.917084217071533
  ],
  "Lamp_Key": [
    5.46677303314209,
    -2.1021008491516113,
    4.998121738433838
  ],
  "image_filename": "000012433696669050",
  "Lamp_Fill": [
    -3.8487119674682617,
    -4.451268672943115,
    2.8234689235687256
  ]
}