{
  "image_filename": "00000095",
  "objects": [
    {
      "shape": "star_4",
      "size": 0.425,
      "rotation": 0.0,
      "2d_coords": [
        0.5971638619058536,
        0.42458778356893856
      ],
      "color": [
        255,
        127,
        0
      ]
    },
    {
      "shape": "star_4",
      "size": 0.425,
      "rotation": 0.0,
      "2d_coords": [
        0.1908392347308835,
        0.764665221668721
      ],
      "color": [
        0,
        255,
        0
      ]
    }
  ]
}