{
  "Lamp_Fill": [
    -5.2122368812561035,
    -3.125441551208496,
    2.869415283203125
  ],
  "image_filename": "000011842323476216",
  "objects": [
    {
      "3d_coords": [
        2.2325031757354736,
        -2.821504831314087,
        2.0
      ],
      "pixel_coords": [
        50,
        66,
        6.863434314727783
      ],
      "rotation": 0.0,
      "shape": "SmoothCube_v2",
      "material": "Rubber",
      "color": [
        0.0,
        0.0,
        1.0,
        1.0
      ],
      "size": 2.0
    },
    {
      "3d_coords": [
        2.699958086013794,
        2.149005174636841,
        1.5
      ],
      "pixel_coords": [
        113,
        50,
        9.58292293548584
      ],
      "rotation": 0.0,
      "shape": "SmoothCylinder",
      "material": "Rubber",
      "color": [
        1.0,
        0.0,
        1.0,
        1.0
      ],
      "size": 1.5
    }
  ],
  "Lamp_Key": [
    6.5045905113220215,
    -3.2017695903778076,
    3.2871437072753906
  ],
  "Camera": [
    7.097805023193359,
    -6.073027610778809,
    5.654646396636963
  ],
  "Lamp_Back": [
    -1.1107624769210815,
    2.033238410949707,
    5.600542068481445
  ]
}