{
  "Lamp_Key": [
    6.397435665130615,
    -2.7466256618499756,
    4.793887615203857
  ],
  "Lamp_Fill": [
    -4.991146564483643,
    -4.6958699226379395,
    2.0985968112945557
  ],
  "image_filename": "000004108964798770",
  "objects": [
    {
      "rotation": 0.0,
      "material": "Rubber",
      "color": [
        0.0,
        1.0,
        1.0,
        1.0
      ],
      "size": 2.0,
      "shape": "Suzanne",
      "3d_coords": [
        -2.406485080718994,
        1.4301276206970215,
        2.0
      ],
      "pixel_coords": [
        59,
        29,
        12.324074745178223
      ]
    },
    {
      "rotation": 0.0,
      "material": "Rubber",
      "color": [
        1.0,
        0.0,
        0.0,
        1.0
      ],
      "size": 1.0,
      "shape": "SmoothCube_v2",
      "3d_coords": [
        1.1247782707214355,
        1.1121553182601929,
        1.0
      ],
      "pixel_coords": [
        86,
        53,
        10.207889556884766
      ]
    }
  ],
  "Camera": [
    7.322390556335449,
    -6.177254676818848,
    4.97642183303833
  ],
  "Lamp_Back": [
    -1.1244310140609741,
    3.13680362701416,
    5.425587177276611
  ]
}