{
  "image_filename": "000014853599378819",
  "objects": [
    {
      "shape": "Cylinder",
      "size": 2.0,
      "material": "data/materials/PoliigonChainmailCopperRoundedThin001.blend",
      "3d_coords": [
        -1.785050630569458,
        0.7424371838569641,
        2.0
      ],
      "rotation": 0.0,
      "pixel_coords": [
        58,
        33,
        11.949455261230469
      ]
    },
    {
      "shape": "Cone",
      "size": 1.0,
      "material": "data/materials/PoliigonBricksFlemishRed001.blend",
      "3d_coords": [
        1.3341717720031738,
        -2.527153253555298,
        1.0
      ],
      "rotation": 0.0,
      "pixel_coords": [
        44,
        68,
        8.381377220153809
      ]
    }
  ],
  "ground_material": "data/materials/PoliigonChainmailCopperRoundedThin001.blend",
  "Lamp_Key": [
    6.9912614822387695,
    -2.7872841358184814,
    4.364544868469238
  ],
  "Lamp_Back": [
    -1.4877649545669556,
    2.2638914585113525,
    5.258404731750488
  ],
  "Lamp_Fill": [
    -4.863214015960693,
    -4.705038070678711,
    3.6074185371398926
  ],
  "Camera": [
    7.918438911437988,
    -6.127500534057617,
    4.923349857330322
  ]
}