{
  "image_filename": "000009812766970283",
  "objects": [
    {
      "shape": "NewellTeapot",
      "size": 1.0,
      "material": "data/materials/PoliigonRoofTilesTerracotta004.blend",
      "3d_coords": [
        -2.4278416633605957,
        2.1690468788146973,
        1.0
      ],
      "rotation": 0.0,
      "pixel_coords": [
        65,
        39,
        13.802170753479004
      ]
    },
    {
      "shape": "NewellTeapot",
      "size": 1.5,
      "material": "data/materials/PoliigonWoodFlooring061.blend",
      "3d_coords": [
        -2.6267588138580322,
        -1.473358154296875,
        1.5
      ],
      "rotation": 0.0,
      "pixel_coords": [
        30,
        42,
        11.643964767456055
      ]
    }
  ],
  "ground_material": "data/materials/PoliigonFabricDenim003.blend",
  "Lamp_Key": [
    5.722822666168213,
    -3.370905637741089,
    5.220088481903076
  ],
  "Lamp_Back": [
    -2.051859140396118,
    2.5382542610168457,
    5.93401575088501
  ],
  "Lamp_Fill": [
    -3.6946301460266113,
    -3.586939811706543,
    2.314143419265747
  ],
  "Camera": [
    7.657093048095703,
    -6.435621738433838,
    5.559652328491211
  ]
}