{
  "image_filename": "000005392541564907",
  "objects": [
    {
      "shape": "NewellTeapot",
      "size": 1.5,
      "material": "data/materials/PoliigonBricksFlemishRed001.blend",
      "3d_coords": [
        1.8152323961257935,
        -2.041360855102539,
        1.5
      ],
      "rotation": 0.0,
      "pixel_coords": [
        58,
        62,
        8.180071830749512
      ]
    },
    {
      "shape": "Torus",
      "size": 2.0,
      "material": "data/materials/PoliigonWoodFlooring061.blend",
      "3d_coords": [
        0.004873775877058506,
        2.740729808807373,
        2.0
      ],
      "rotation": 0.0,
      "pixel_coords": [
        88,
        34,
        11.989376068115234
      ]
    }
  ],
  "ground_material": "data/materials/PoliigonFabricFleece001.blend",
  "Lamp_Key": [
    6.3794050216674805,
    -3.770711898803711,
    3.984337091445923
  ],
  "Lamp_Back": [
    -2.1322131156921387,
    3.6046371459960938,
    5.56536865234375
  ],
  "Lamp_Fill": [
    -4.057714462280273,
    -4.585930347442627,
    2.239581346511841
  ],
  "Camera": [
    7.614564418792725,
    -6.623354911804199,
    5.025146007537842
  ]
}