{
  "Lamp_Fill": [
    -4.327239990234375,
    -3.68211030960083,
    2.853266954421997
  ],
  "objects": [
    {
      "color": [
        0.0,
        0.0,
        1.0,
        1.0
      ],
      "material": "Rubber",
      "shape": "Suzanne",
      "pixel_coords": [
        50,
        47,
        11.716293334960938
      ],
      "rotation": 0.0,
      "3d_coords": [
        -1.6520137786865234,
        -0.21573853492736816,
        1.0
      ],
      "size": 1.0
    },
    {
      "color": [
        0.0,
        1.0,
        0.0,
        1.0
      ],
      "material": "Rubber",
      "shape": "Suzanne",
      "pixel_coords": [
        71,
        41,
        13.247822761535645
      ],
      "rotation": 0.0,
      "3d_coords": [
        -1.8358080387115479,
        2.2939507961273193,
        1.0
      ],
      "size": 1.0
    }
  ],
  "Lamp_Key": [
    6.455948829650879,
    -2.6876604557037354,
    4.987765312194824
  ],
  "image_filename": "000008440878172199",
  "Camera": [
    7.7801432609558105,
    -6.220757484436035,
    4.959139823913574
  ],
  "Lamp_Back": [
    -1.6456732749938965,
    2.639364719390869,
    6.488974571228027
  ]
}