{
  "image_filename": "00000072",
  "objects": [
    {
      "shape": "circle",
      "size": 0.125,
      "rotation": 0.0,
      "2d_coords": [
        0.5558311007461608,
        0.6693914534242064
      ],
      "color": [
        0,
        255,
        0
      ]
    },
    {
      "shape": "star_4",
      "size": 0.325,
      "rotation": 0.0,
      "2d_coords": [
        0.2962003061511638,
        0.8544821530861154
      ],
      "color": [
        255,
        127,
        0
      ]
    }
  ]
}