{
  "Lamp_Fill": [
    -4.586563587188721,
    -3.2476344108581543,
    2.898719549179077
  ],
  "image_filename": "000012237763112970",
  "Lamp_Back": [
    -1.9004489183425903,
    2.3205714225769043,
    6.562448024749756
  ],
  "Camera": [
    7.869107723236084,
    -6.594630718231201,
    5.249223709106445
  ],
  "objects": [
    {
      "pixel_coords": [
        58,
        58,
        8.974123001098633
      ],
      "size": 1.5,
      "shape": "Suzanne",
      "3d_coords": [
        1.34785795211792,
        -1.6687089204788208,
        1.5
      ],
      "material": "MyMetal",
      "color": [
        1.0,
        0.0,
        0.0,
        1.0
      ],
      "rotation": 0.0
    },
    {
      "pixel_coords": [
        60,
        35,
        13.936834335327148
      ],
      "size": 1.5,
      "shape": "SmoothCylinder",
      "3d_coords": [
        -2.885920763015747,
        1.9568898677825928,
        1.5
      ],
      "material": "MyMetal",
      "color": [
        0.0,
        1.0,
        1.0,
        1.0
      ],
      "rotation": 0.0
    }
  ],
  "Lamp_Key": [
    6.930246829986572,
    -2.602914333343506,
    3.282888412475586
  ]
}