{
  "image_filename": "00000053",
  "objects": [
    {
      "shape": "circle",
      "size": 0.325,
      "rotation": 0.0,
      "2d_coords": [
        0.47590914121281974,
        0.18498388106672592
      ],
      "color": [
        255,
        127,
        0
      ]
    },
    {
      "shape": "triangle",
      "size": 0.425,
      "rotation": 0.0,
      "2d_coords": [
        0.46822348338521186,
        0.8551721214933089
      ],
      "color": [
        255,
        127,
        0
      ]
    }
  ]
}