{
  "image_filename": "00000028",
  "objects": [
    {
      "shape": "circle",
      "size": 0.325,
      "rotation": 0.0,
      "2d_coords": [
        0.758288348237098,
        0.1546454236445552
      ],
      "color": [
        0,
        255,
        0
      ]
    },
    {
      "shape": "circle",
      "size": 0.125,
      "rotation": 0.0,
      "2d_coords": [
        0.9130844496771262,
        0.36983196362473664
      ],
      "color": [
        255,
        127,
        0
      ]
    }
  ]
}