{
  "image_filename": "000008801901967359",
  "objects": [
    {
      "shape": "Icosahedron",
      "size": 2.0,
      "material": "data/materials/PoliigonWoodFlooring061.blend",
      "3d_coords": [
        -2.8824872970581055,
        0.7952779531478882,
        2.0
      ],
      "rotation": 0.0,
      "pixel_coords": [
        51,
        31,
        12.776119232177734
      ]
    },
    {
      "shape": "Icosahedron",
      "size": 2.0,
      "material": "data/materials/PoliigonBricksFlemishRed001.blend",
      "3d_coords": [
        0.4986863136291504,
        -2.423105001449585,
        2.0
      ],
      "rotation": 0.0,
      "pixel_coords": [
        39,
        49,
        8.607429504394531
      ]
    }
  ],
  "ground_material": "data/materials/PoliigonFabricFleece001.blend",
  "Lamp_Key": [
    6.444450378417969,
    -2.3065292835235596,
    4.923583030700684
  ],
  "Lamp_Back": [
    -1.092647671699524,
    3.286391496658325,
    4.904134750366211
  ],
  "Lamp_Fill": [
    -3.806347608566284,
    -4.408144950866699,
    3.3654351234436035
  ],
  "Camera": [
    7.790645599365234,
    -6.339160919189453,
    4.985124588012695
  ]
}