{
  "image_filename": "000011297282878201",
  "objects": [
    {
      "shape": "Cone",
      "size": 1.0,
      "material": "data/materials/PoliigonBricksFlemishRed001.blend",
      "3d_coords": [
        0.7883700132369995,
        -2.0768284797668457,
        1.0
      ],
      "rotation": 0.0,
      "pixel_coords": [
        47,
        65,
        9.09949016571045
      ]
    },
    {
      "shape": "Cube",
      "size": 1.5,
      "material": "data/materials/PoliigonBricksPaintedWhite001.blend",
      "3d_coords": [
        0.16729727387428284,
        1.6415746212005615,
        1.5
      ],
      "rotation": 0.0,
      "pixel_coords": [
        81,
        42,
        11.313075065612793
      ]
    }
  ],
  "ground_material": "data/materials/PoliigonBricksPaintedWhite001.blend",
  "Lamp_Key": [
    5.61993932723999,
    -3.7310776710510254,
    4.881004810333252
  ],
  "Lamp_Back": [
    -1.4840161800384521,
    2.370330333709717,
    6.707910060882568
  ],
  "Lamp_Fill": [
    -5.573436737060547,
    -4.2068963050842285,
    3.825340747833252
  ],
  "Camera": [
    7.640364646911621,
    -6.16918420791626,
    5.512612819671631
  ]
}