{
  "Lamp_Key": [
    6.548326015472412,
    -3.4256503582000732,
    4.487081527709961
  ],
  "Lamp_Fill": [
    -5.0465006828308105,
    -3.0557456016540527,
    2.321985960006714
  ],
  "Camera": [
    7.102125644683838,
    -6.030839443206787,
    4.995695114135742
  ],
  "objects": [
    {
      "color": [
        0.0,
        0.0,
        1.0,
        1.0
      ],
      "material": "MyMetal",
      "pixel_coords": [
        83,
        44,
        8.653910636901855
      ],
      "size": 2.0,
      "shape": "SmoothCylinder",
      "rotation": 0.0,
      "3d_coords": [
        1.6074094772338867,
        0.18717092275619507,
        2.0
      ]
    },
    {
      "color": [
        0.0,
        1.0,
        1.0,
        1.0
      ],
      "material": "Rubber",
      "pixel_coords": [
        44,
        31,
        11.235677719116211
      ],
      "size": 2.0,
      "shape": "Suzanne",
      "rotation": 0.0,
      "3d_coords": [
        -2.455101251602173,
        -0.071150042116642,
        2.0
      ]
    }
  ],
  "Lamp_Back": [
    -0.529017984867096,
    1.9871041774749756,
    6.673935413360596
  ],
  "image_filename": "000006972237630155"
}