{
  "objects": [
    {
      "material": "Rubber",
      "size": 1.5,
      "rotation": 0.0,
      "pixel_coords": [
        108,
        51,
        10.312116622924805
      ],
      "3d_coords": [
        2.6518919467926025,
        2.0414044857025146,
        1.5
      ],
      "shape": "Suzanne",
      "color": [
        1.0,
        0.0,
        1.0,
        1.0
      ]
    },
    {
      "material": "MyMetal",
      "size": 1.0,
      "rotation": 0.0,
      "pixel_coords": [
        32,
        51,
        11.554056167602539
      ],
      "3d_coords": [
        -2.0817341804504395,
        -1.7392818927764893,
        1.0
      ],
      "shape": "Suzanne",
      "color": [
        0.0,
        1.0,
        1.0,
        1.0
      ]
    }
  ],
  "Lamp_Back": [
    -1.4543287754058838,
    3.3932125568389893,
    4.965768337249756
  ],
  "image_filename": "000000706375437400",
  "Lamp_Key": [
    5.8615498542785645,
    -2.6915810108184814,
    4.35011100769043
  ],
  "Lamp_Fill": [
    -5.128714561462402,
    -3.2107040882110596,
    3.597170114517212
  ],
  "Camera": [
    7.708540916442871,
    -6.5836029052734375,
    5.746396064758301
  ]
}