{
  "image_filename": "00000054",
  "objects": [
    {
      "shape": "triangle",
      "size": 0.125,
      "rotation": 0.0,
      "2d_coords": [
        0.3602463146379569,
        0.6923901815690148
      ],
      "color": [
        255,
        0,
        255
      ]
    },
    {
      "shape": "square",
      "size": 0.325,
      "rotation": 0.0,
      "2d_coords": [
        0.6029983054267904,
        0.42537924748853206
      ],
      "color": [
        0,
        255,
        0
      ]
    }
  ]
}