{
  "image_filename": "000013856454345847",
  "objects": [
    {
      "shape": "Suzanne",
      "size": 1.5,
      "material": "data/materials/PoliigonFabricDenim003.blend",
      "3d_coords": [
        -2.6048147678375244,
        0.594444990158081,
        1.5
      ],
      "rotation": 0.0,
      "pixel_coords": [
        51,
        36,
        12.645112037658691
      ]
    },
    {
      "shape": "Torus",
      "size": 2.0,
      "material": "data/materials/PoliigonFabricFleece001.blend",
      "3d_coords": [
        1.1002987623214722,
        2.941009521484375,
        2.0
      ],
      "rotation": 0.0,
      "pixel_coords": [
        101,
        36,
        11.219451904296875
      ]
    }
  ],
  "ground_material": "data/materials/PoliigonChainmailCopperRoundedThin001.blend",
  "Lamp_Key": [
    7.359488487243652,
    -3.209239959716797,
    3.8666062355041504
  ],
  "Lamp_Back": [
    -1.7586992979049683,
    1.8521636724472046,
    6.565244197845459
  ],
  "Lamp_Fill": [
    -4.184329509735107,
    -4.45222806930542,
    2.5592875480651855
  ],
  "Camera": [
    7.521813869476318,
    -6.213627815246582,
    5.830358028411865
  ]
}