{
  "Lamp_Key": [
    6.156857967376709,
    -2.496318817138672,
    4.6721367835998535
  ],
  "image_filename": "000006105225729634",
  "Camera": [
    7.662198066711426,
    -6.887518405914307,
    5.337932109832764
  ],
  "objects": [
    {
      "material": "MyMetal",
      "color": [
        1.0,
        0.0,
        0.0,
        1.0
      ],
      "pixel_coords": [
        74,
        60,
        7.638932228088379
      ],
      "size": 2.0,
      "3d_coords": [
        2.915714979171753,
        -1.8854196071624756,
        2.0
      ],
      "rotation": 0.0,
      "shape": "Suzanne"
    },
    {
      "material": "MyMetal",
      "color": [
        1.0,
        1.0,
        0.0,
        1.0
      ],
      "pixel_coords": [
        48,
        47,
        12.377634048461914
      ],
      "size": 1.0,
      "3d_coords": [
        -1.953770399093628,
        -0.09427562355995178,
        1.0
      ],
      "rotation": 0.0,
      "shape": "Suzanne"
    }
  ],
  "Lamp_Fill": [
    -5.1653852462768555,
    -3.1656839847564697,
    2.211353063583374
  ],
  "Lamp_Back": [
    -0.6971274018287659,
    3.5335304737091064,
    6.5905232429504395
  ]
}