{
  "Camera": [
    7.158031940460205,
    -6.979340553283691,
    5.097039222717285
  ],
  "Lamp_Key": [
    5.550532817840576,
    -3.639108180999756,
    4.993008136749268
  ],
  "Lamp_Fill": [
    -5.614023208618164,
    -4.533980369567871,
    2.5289182662963867
  ],
  "objects": [
    {
      "shape": "SmoothCube_v2",
      "material": "MyMetal",
      "color": [
        0.0,
        1.0,
        0.0,
        1.0
      ],
      "3d_coords": [
        1.266687035560608,
        2.547455072402954,
        2.0
      ],
      "pixel_coords": [
        98,
        37,
        11.089760780334473
      ],
      "rotation": 0.0,
      "size": 2.0
    },
    {
      "shape": "Sphere",
      "material": "Rubber",
      "color": [
        1.0,
        1.0,
        0.0,
        1.0
      ],
      "3d_coords": [
        2.2308993339538574,
        -1.7141085863113403,
        2.0
      ],
      "pixel_coords": [
        70,
        55,
        7.824258804321289
      ],
      "rotation": 0.0,
      "size": 2.0
    }
  ],
  "Lamp_Back": [
    -1.398659348487854,
    2.21122670173645,
    6.180155277252197
  ],
  "image_filename": "000010539094920055"
}