{
  "objects": [
    {
      "shape": "SmoothCube_v2",
      "size": 2.0,
      "color": [
        0.0,
        0.0,
        1.0,
        1.0
      ],
      "rotation": 0.0,
      "3d_coords": [
        -1.6247597932815552,
        2.987941026687622,
        2.0
      ],
      "pixel_coords": [
        75,
        30,
        13.490951538085938
      ],
      "material": "MyMetal"
    },
    {
      "shape": "Sphere",
      "size": 1.5,
      "color": [
        1.0,
        0.0,
        1.0,
        1.0
      ],
      "rotation": 0.0,
      "3d_coords": [
        -0.43261638283729553,
        -0.7092721462249756,
        1.5
      ],
      "pixel_coords": [
        53,
        48,
        10.77172565460205
      ],
      "material": "Rubber"
    }
  ],
  "Lamp_Key": [
    5.706808090209961,
    -2.356760025024414,
    3.6728577613830566
  ],
  "Lamp_Fill": [
    -4.752758502960205,
    -4.880394458770752,
    3.1055991649627686
  ],
  "image_filename": "000002437541022471",
  "Lamp_Back": [
    -0.9917259216308594,
    3.354523181915283,
    6.338611602783203
  ],
  "Camera": [
    7.466344356536865,
    -6.920674800872803,
    5.651440620422363
  ]
}