{
  "objects": [
    {
      "3d_coords": [
        2.598930597305298,
        2.246638059616089,
        1.5
      ],
      "shape": "SmoothCube_v2",
      "rotation": 0.0,
      "size": 1.5,
      "pixel_coords": [
        109,
        49,
        10.489977836608887
      ],
      "material": "MyMetal",
      "color": [
        1.0,
        0.0,
        0.0,
        1.0
      ]
    },
    {
      "3d_coords": [
        -2.979376792907715,
        -1.2925077676773071,
        1.5
      ],
      "shape": "SmoothCube_v2",
      "rotation": 0.0,
      "size": 1.5,
      "pixel_coords": [
        30,
        42,
        12.15153694152832
      ],
      "material": "MyMetal",
      "color": [
        1.0,
        1.0,
        0.0,
        1.0
      ]
    }
  ],
  "Lamp_Back": [
    -0.6224086284637451,
    2.779176712036133,
    6.369718074798584
  ],
  "Camera": [
    7.813686847686768,
    -6.889786243438721,
    5.004894733428955
  ],
  "Lamp_Fill": [
    -4.602059841156006,
    -4.707723140716553,
    3.967468738555908
  ],
  "image_filename": "000009946136632201",
  "Lamp_Key": [
    6.033720016479492,
    -3.4140002727508545,
    4.327175140380859
  ]
}