{
  "image_filename": "00000059",
  "objects": [
    {
      "shape": "star_4",
      "size": 0.325,
      "rotation": 0.0,
      "2d_coords": [
        0.8902247721031973,
        0.8547001871630191
      ],
      "color": [
        255,
        127,
        0
      ]
    },
    {
      "shape": "circle",
      "size": 0.325,
      "rotation": 0.0,
      "2d_coords": [
        0.4199297345378527,
        0.30921215965330323
      ],
      "color": [
        0,
        255,
        0
      ]
    }
  ]
}