{
  "image_filename": "000010415393493077",
  "Camera": [
    6.981803894042969,
    -6.036718368530273,
    4.954766750335693
  ],
  "objects": [
    {
      "3d_coords": [
        -1.4141589403152466,
        2.1652302742004395,
        1.0
      ],
      "pixel_coords": [
        72,
        40,
        12.192839622497559
      ],
      "size": 1.0,
      "material": "Rubber",
      "rotation": 0.0,
      "color": [
        0.0,
        0.0,
        1.0,
        1.0
      ],
      "shape": "Sphere"
    },
    {
      "3d_coords": [
        2.753087282180786,
        1.8155041933059692,
        1.5
      ],
      "pixel_coords": [
        113,
        50,
        8.97740364074707
      ],
      "size": 1.5,
      "material": "MyMetal",
      "rotation": 0.0,
      "color": [
        0.0,
        1.0,
        1.0,
        1.0
      ],
      "shape": "Suzanne"
    }
  ],
  "Lamp_Key": [
    6.352718353271484,
    -3.0872745513916016,
    3.4065709114074707
  ],
  "Lamp_Back": [
    -0.9546995759010315,
    3.0852837562561035,
    5.581380367279053
  ],
  "Lamp_Fill": [
    -3.787454128265381,
    -3.4427614212036133,
    2.528042793273926
  ]
}