{
  "Camera": [
    7.363875389099121,
    -6.184846878051758,
    5.73821496963501
  ],
  "image_filename": "000005770562447772",
  "Lamp_Back": [
    -0.40150725841522217,
    1.980225682258606,
    4.929847240447998
  ],
  "Lamp_Key": [
    7.336433410644531,
    -2.6768977642059326,
    4.021121978759766
  ],
  "objects": [
    {
      "rotation": 0.0,
      "color": [
        1.0,
        0.0,
        1.0,
        1.0
      ],
      "size": 1.5,
      "3d_coords": [
        0.16749083995819092,
        -2.124837875366211,
        1.5
      ],
      "pixel_coords": [
        41,
        56,
        9.146202087402344
      ],
      "material": "Rubber",
      "shape": "SmoothCube_v2"
    },
    {
      "rotation": 0.0,
      "color": [
        0.0,
        0.0,
        1.0,
        1.0
      ],
      "size": 2.0,
      "3d_coords": [
        2.161548614501953,
        1.3982774019241333,
        2.0
      ],
      "pixel_coords": [
        100,
        44,
        9.524540901184082
      ],
      "material": "Rubber",
      "shape": "SmoothCylinder"
    }
  ],
  "Lamp_Fill": [
    -4.55988073348999,
    -3.2394206523895264,
    2.257256507873535
  ]
}