{
  "objects": [
    {
      "3d_coords": [
        -2.174290418624878,
        2.1511590480804443,
        2.0
      ],
      "color": [
        1.0,
        1.0,
        0.0,
        1.0
      ],
      "shape": "Sphere",
      "size": 2.0,
      "material": "MyMetal",
      "rotation": 0.0,
      "pixel_coords": [
        66,
        28,
        12.578622817993164
      ]
    },
    {
      "3d_coords": [
        0.020059697329998016,
        -0.28055450320243835,
        1.0
      ],
      "color": [
        0.0,
        0.0,
        1.0,
        1.0
      ],
      "shape": "Suzanne",
      "size": 1.0,
      "material": "Rubber",
      "rotation": 0.0,
      "pixel_coords": [
        61,
        53,
        10.182044982910156
      ]
    }
  ],
  "Lamp_Fill": [
    -4.456174850463867,
    -3.164637565612793,
    3.0695676803588867
  ],
  "image_filename": "000011011943873393",
  "Lamp_Back": [
    -2.0647764205932617,
    2.270327568054199,
    5.340750694274902
  ],
  "Camera": [
    7.134430408477783,
    -6.342701435089111,
    5.11906099319458
  ],
  "Lamp_Key": [
    6.362880229949951,
    -2.3529446125030518,
    4.2215256690979
  ]
}