{
  "Lamp_Fill": [
    -4.610293388366699,
    -4.549673080444336,
    2.0835459232330322
  ],
  "Lamp_Back": [
    -1.8094676733016968,
    2.0585334300994873,
    5.6965508460998535
  ],
  "Camera": [
    7.4031171798706055,
    -6.255926609039307,
    4.855140686035156
  ],
  "image_filename": "000005799609352545",
  "Lamp_Key": [
    5.788793087005615,
    -1.9378455877304077,
    4.590061664581299
  ],
  "objects": [
    {
      "size": 1.5,
      "rotation": 0.0,
      "3d_coords": [
        1.9131041765213013,
        0.531071662902832,
        1.5
      ],
      "color": [
        1.0,
        0.0,
        0.0,
        1.0
      ],
      "pixel_coords": [
        89,
        51,
        9.168618202209473
      ],
      "shape": "Sphere",
      "material": "MyMetal"
    },
    {
      "size": 2.0,
      "rotation": 0.0,
      "3d_coords": [
        -2.441415786743164,
        2.735785484313965,
        2.0
      ],
      "color": [
        1.0,
        1.0,
        0.0,
        1.0
      ],
      "pixel_coords": [
        69,
        28,
        13.190777778625488
      ],
      "shape": "SmoothCube_v2",
      "material": "MyMetal"
    }
  ]
}