{
  "Camera": [
    7.971503257751465,
    -6.706340789794922,
    4.89835262298584
  ],
  "Lamp_Key": [
    6.10186767578125,
    -2.283895492553711,
    3.455256700515747
  ],
  "image_filename": "000003856764271899",
  "Lamp_Back": [
    -1.9226733446121216,
    1.8837978839874268,
    5.975377082824707
  ],
  "Lamp_Fill": [
    -3.854135751724243,
    -3.285883665084839,
    2.152026891708374
  ],
  "objects": [
    {
      "size": 1.0,
      "shape": "SmoothCube_v2",
      "material": "MyMetal",
      "pixel_coords": [
        21,
        55,
        10.558883666992188
      ],
      "color": [
        1.0,
        0.0,
        0.0,
        1.0
      ],
      "rotation": 0.0,
      "3d_coords": [
        -1.6266772747039795,
        -2.8382480144500732,
        1.0
      ]
    },
    {
      "size": 2.0,
      "shape": "Sphere",
      "material": "Rubber",
      "pixel_coords": [
        83,
        44,
        9.85153579711914
      ],
      "color": [
        0.0,
        1.0,
        0.0,
        1.0
      ],
      "rotation": 0.0,
      "3d_coords": [
        1.5647011995315552,
        0.4714299440383911,
        2.0
      ]
    }
  ]
}