{
  "Lamp_Key": [
    5.891974925994873,
    -3.032768964767456,
    4.375728130340576
  ],
  "objects": [
    {
      "rotation": 0.0,
      "pixel_coords": [
        52,
        50,
        8.88132381439209
      ],
      "color": [
        1.0,
        0.0,
        0.0,
        1.0
      ],
      "material": "MyMetal",
      "shape": "SmoothCube_v2",
      "3d_coords": [
        0.8182481527328491,
        -1.6765228509902954,
        2.0
      ],
      "size": 2.0
    },
    {
      "rotation": 0.0,
      "pixel_coords": [
        73,
        28,
        13.261826515197754
      ],
      "color": [
        0.0,
        0.0,
        1.0,
        1.0
      ],
      "material": "Rubber",
      "shape": "SmoothCube_v2",
      "3d_coords": [
        -1.9914193153381348,
        2.7901453971862793,
        2.0
      ],
      "size": 2.0
    }
  ],
  "Lamp_Fill": [
    -5.607917308807373,
    -3.0171778202056885,
    3.625619888305664
  ],
  "image_filename": "000001111186142330",
  "Camera": [
    7.5360894203186035,
    -6.393512725830078,
    5.587460041046143
  ],
  "Lamp_Back": [
    -0.24766318500041962,
    2.689267873764038,
    5.343936443328857
  ]
}