{
  "image_filename": "00000071",
  "objects": [
    {
      "shape": "triangle",
      "size": 0.225,
      "rotation": 0.0,
      "2d_coords": [
        0.651435755296752,
        0.5516188304336781
      ],
      "color": [
        255,
        0,
        255
      ]
    },
    {
      "shape": "triangle",
      "size": 0.325,
      "rotation": 0.0,
      "2d_coords": [
        0.34123377398193433,
        0.9007741825359954
      ],
      "color": [
        255,
        0,
        255
      ]
    }
  ]
}