{
  "Lamp_Key": [
    5.633796215057373,
    -3.2474701404571533,
    3.4123828411102295
  ],
  "Camera": [
    7.109036922454834,
    -6.183104038238525,
    5.4496331214904785
  ],
  "image_filename": "000000613544104173",
  "objects": [
    {
      "3d_coords": [
        -1.9960464239120483,
        -2.5409679412841797,
        2.0
      ],
      "material": "MyMetal",
      "size": 2.0,
      "rotation": 0.0,
      "pixel_coords": [
        18,
        40,
        9.743157386779785
      ],
      "color": [
        1.0,
        1.0,
        0.0,
        1.0
      ],
      "shape": "Sphere"
    },
    {
      "3d_coords": [
        1.5588526725769043,
        -1.9025073051452637,
        1.5
      ],
      "material": "MyMetal",
      "size": 1.5,
      "rotation": 0.0,
      "pixel_coords": [
        57,
        63,
        8.034324645996094
      ],
      "color": [
        0.0,
        0.0,
        1.0,
        1.0
      ],
      "shape": "SmoothCylinder"
    }
  ],
  "Lamp_Back": [
    -0.47134941816329956,
    2.5096065998077393,
    5.521613121032715
  ],
  "Lamp_Fill": [
    -4.334736347198486,
    -4.212650299072266,
    2.047125816345215
  ]
}