{
  "Lamp_Fill": [
    -4.849763870239258,
    -4.870568752288818,
    3.3136539459228516
  ],
  "Camera": [
    7.355747222900391,
    -6.27849006652832,
    5.561211585998535
  ],
  "Lamp_Key": [
    6.521345138549805,
    -2.1701860427856445,
    4.672720432281494
  ],
  "image_filename": "000009147154658860",
  "objects": [
    {
      "shape": "SmoothCube_v2",
      "pixel_coords": [
        24,
        51,
        9.723563194274902
      ],
      "rotation": 0.0,
      "color": [
        1.0,
        0.0,
        0.0,
        1.0
      ],
      "3d_coords": [
        -1.1953151226043701,
        -2.6167595386505127,
        1.5
      ],
      "size": 1.5,
      "material": "MyMetal"
    },
    {
      "shape": "SmoothCube_v2",
      "pixel_coords": [
        57,
        64,
        7.187182903289795
      ],
      "rotation": 0.0,
      "color": [
        1.0,
        1.0,
        0.0,
        1.0
      ],
      "3d_coords": [
        2.364865303039551,
        -2.5095913410186768,
        2.0
      ],
      "size": 2.0,
      "material": "MyMetal"
    }
  ],
  "Lamp_Back": [
    -1.2319753170013428,
    2.545133352279663,
    6.327578067779541
  ]
}