{
  "image_filename": "000013221774529316",
  "objects": [
    {
      "rotation": 0.0,
      "material": "Rubber",
      "shape": "SmoothCube_v2",
      "pixel_coords": [
        85,
        37,
        11.129890441894531
      ],
      "3d_coords": [
        0.509350597858429,
        1.7838162183761597,
        2.0
      ],
      "size": 2.0,
      "color": [
        0.0,
        1.0,
        0.0,
        1.0
      ]
    },
    {
      "rotation": 0.0,
      "material": "MyMetal",
      "shape": "Sphere",
      "pixel_coords": [
        53,
        55,
        8.171056747436523
      ],
      "3d_coords": [
        1.4912421703338623,
        -2.166335344314575,
        2.0
      ],
      "size": 2.0,
      "color": [
        1.0,
        1.0,
        0.0,
        1.0
      ]
    }
  ],
  "Lamp_Key": [
    5.752613544464111,
    -3.4880571365356445,
    5.097809791564941
  ],
  "Lamp_Fill": [
    -3.775905132293701,
    -4.913559913635254,
    3.7607555389404297
  ],
  "Lamp_Back": [
    -0.24429267644882202,
    2.9868478775024414,
    5.5392045974731445
  ],
  "Camera": [
    7.425817966461182,
    -6.673634052276611,
    5.448249816894531
  ]
}