{
  "objects": [
    {
      "pixel_coords": [
        63,
        34,
        13.376860618591309
      ],
      "rotation": 0.0,
      "3d_coords": [
        -2.5989067554473877,
        1.9744418859481812,
        1.5
      ],
      "size": 1.5,
      "color": [
        1.0,
        0.0,
        1.0,
        1.0
      ],
      "material": "Rubber",
      "shape": "SmoothCylinder"
    },
    {
      "pixel_coords": [
        24,
        35,
        11.2942476272583
      ],
      "rotation": 0.0,
      "3d_coords": [
        -2.963757276535034,
        -1.7799155712127686,
        2.0
      ],
      "size": 2.0,
      "color": [
        0.0,
        0.0,
        1.0,
        1.0
      ],
      "material": "Rubber",
      "shape": "SmoothCube_v2"
    }
  ],
  "Lamp_Key": [
    5.772941589355469,
    -3.3494009971618652,
    5.193905830383301
  ],
  "Camera": [
    7.649791717529297,
    -6.256784915924072,
    5.288599491119385
  ],
  "Lamp_Back": [
    -1.0007497072219849,
    1.8649429082870483,
    6.162085056304932
  ],
  "image_filename": "000008292260385214",
  "Lamp_Fill": [
    -5.489800930023193,
    -3.7528371810913086,
    3.689180850982666
  ]
}