{
  "objects": [
    {
      "color": [
        1.0,
        0.0,
        0.0,
        1.0
      ],
      "material": "Rubber",
      "rotation": 0.0,
      "size": 1.0,
      "pixel_coords": [
        33,
        62,
        8.988475799560547
      ],
      "shape": "SmoothCube_v2",
      "3d_coords": [
        -0.16977207362651825,
        -2.526207447052002,
        1.0
      ]
    },
    {
      "color": [
        1.0,
        0.0,
        1.0,
        1.0
      ],
      "material": "Rubber",
      "rotation": 0.0,
      "size": 1.5,
      "pixel_coords": [
        62,
        42,
        10.840498924255371
      ],
      "shape": "SmoothCube_v2",
      "3d_coords": [
        -0.7399738430976868,
        0.45134857296943665,
        1.5
      ]
    }
  ],
  "Lamp_Fill": [
    -4.016877174377441,
    -4.639235496520996,
    3.938662052154541
  ],
  "Lamp_Key": [
    6.431668281555176,
    -2.349104404449463,
    5.0536789894104
  ],
  "Camera": [
    7.0132670402526855,
    -6.29841423034668,
    5.353004455566406
  ],
  "image_filename": "000012697210321781",
  "Lamp_Back": [
    -1.4245330095291138,
    3.1920218467712402,
    6.245445251464844
  ]
}