{
  "image_filename": "000009581928594284",
  "objects": [
    {
      "shape": "Sphere",
      "size": 1.0,
      "material": "data/materials/PoliigonBricksFlemishRed001.blend",
      "3d_coords": [
        -1.172454595565796,
        2.921020984649658,
        1.0
      ],
      "rotation": 0.0,
      "pixel_coords": [
        79,
        41,
        13.546027183532715
      ]
    },
    {
      "shape": "NewellTeapot",
      "size": 1.5,
      "material": "data/materials/PoliigonRoofTilesTerracotta004.blend",
      "3d_coords": [
        2.8419110774993896,
        0.48964133858680725,
        1.5
      ],
      "rotation": 0.0,
      "pixel_coords": [
        98,
        58,
        9.261455535888672
      ]
    }
  ],
  "ground_material": "data/materials/PoliigonFabricFleece001.blend",
  "Lamp_Key": [
    5.593776226043701,
    -3.690443515777588,
    3.7710745334625244
  ],
  "Lamp_Back": [
    -2.0597870349884033,
    3.6422128677368164,
    5.065916538238525
  ],
  "Lamp_Fill": [
    -5.578840255737305,
    -3.6872570514678955,
    2.7642171382904053
  ],
  "Camera": [
    7.687098026275635,
    -6.583677768707275,
    5.667207717895508
  ]
}