{
  "Camera": [
    7.925185680389404,
    -6.950015068054199,
    4.99975061416626
  ],
  "objects": [
    {
      "3d_coords": [
        -2.2219080924987793,
        -2.3808939456939697,
        1.0
      ],
      "material": "Rubber",
      "pixel_coords": [
        24,
        52,
        11.329024314880371
      ],
      "color": [
        1.0,
        0.0,
        0.0,
        1.0
      ],
      "shape": "Sphere",
      "size": 1.0,
      "rotation": 0.0
    },
    {
      "3d_coords": [
        1.9381414651870728,
        0.5038528442382812,
        1.5
      ],
      "material": "MyMetal",
      "pixel_coords": [
        87,
        52,
        10.00729751586914
      ],
      "color": [
        0.0,
        1.0,
        0.0,
        1.0
      ],
      "shape": "SmoothCube_v2",
      "size": 1.5,
      "rotation": 0.0
    }
  ],
  "Lamp_Back": [
    -1.7472578287124634,
    1.9683783054351807,
    4.8616042137146
  ],
  "Lamp_Fill": [
    -3.8430302143096924,
    -3.934074878692627,
    2.3106348514556885
  ],
  "image_filename": "000009099259374300",
  "Lamp_Key": [
    6.271501541137695,
    -2.2451791763305664,
    4.920506954193115
  ]
}