{
  "image_filename": "000014222732605602",
  "objects": [
    {
      "shape": "Torus",
      "size": 2.0,
      "material": "data/materials/PoliigonRoofTilesTerracotta004.blend",
      "3d_coords": [
        2.979335308074951,
        0.8484465479850769,
        2.0
      ],
      "rotation": 0.0,
      "pixel_coords": [
        105,
        49,
        8.723329544067383
      ]
    },
    {
      "shape": "Icosahedron",
      "size": 2.0,
      "material": "data/materials/PoliigonChainmailCopperRoundedThin001.blend",
      "3d_coords": [
        -1.5774694681167603,
        -0.8726613521575928,
        2.0
      ],
      "rotation": 0.0,
      "pixel_coords": [
        42,
        37,
        10.84676456451416
      ]
    }
  ],
  "ground_material": "data/materials/PoliigonMetalSpottyDiscoloration001.blend",
  "Lamp_Key": [
    6.991127967834473,
    -3.4990272521972656,
    5.202641487121582
  ],
  "Lamp_Back": [
    -0.9611796736717224,
    3.4843411445617676,
    5.365097522735596
  ],
  "Lamp_Fill": [
    -4.718109130859375,
    -4.456591606140137,
    3.0549728870391846
  ],
  "Camera": [
    7.617105484008789,
    -6.353090286254883,
    5.19445276260376
  ]
}