{
  "image_filename": "000014707805675704",
  "objects": [
    {
      "shape": "Cylinder",
      "size": 2.0,
      "material": "data/materials/PoliigonMetalSpottyDiscoloration001.blend",
      "3d_coords": [
        2.3549489974975586,
        -0.6959328055381775,
        2.0
      ],
      "rotation": 0.0,
      "pixel_coords": [
        81,
        51,
        7.849425315856934
      ]
    },
    {
      "shape": "Suzanne",
      "size": 2.0,
      "material": "data/materials/PoliigonRoofTilesTerracotta004.blend",
      "3d_coords": [
        -2.768279790878296,
        0.6138046383857727,
        2.0
      ],
      "rotation": 0.0,
      "pixel_coords": [
        49,
        30,
        12.077632904052734
      ]
    }
  ],
  "ground_material": "data/materials/PoliigonChainmailCopperRoundedThin001.blend",
  "Lamp_Key": [
    6.202986717224121,
    -2.0436480045318604,
    4.568397521972656
  ],
  "Lamp_Back": [
    -0.9872621297836304,
    2.3213038444519043,
    6.176907539367676
  ],
  "Lamp_Fill": [
    -5.265087604522705,
    -4.454330921173096,
    3.5701239109039307
  ],
  "Camera": [
    7.326815605163574,
    -6.119422435760498,
    4.993457317352295
  ]
}