{
  "Lamp_Back": [
    -2.0471994876861572,
    3.640993595123291,
    5.538280487060547
  ],
  "image_filename": "000006046466958889",
  "Lamp_Key": [
    7.427995204925537,
    -3.5315492153167725,
    4.78520393371582
  ],
  "Camera": [
    7.185428619384766,
    -6.54588508605957,
    5.314435958862305
  ],
  "Lamp_Fill": [
    -5.158341884613037,
    -4.220950126647949,
    3.1662275791168213
  ],
  "objects": [
    {
      "shape": "Sphere",
      "pixel_coords": [
        43,
        47,
        8.887075424194336
      ],
      "material": "MyMetal",
      "size": 2.0,
      "color": [
        1.0,
        1.0,
        0.0,
        1.0
      ],
      "3d_coords": [
        0.13620004057884216,
        -1.9345909357070923,
        2.0
      ],
      "rotation": 0.0
    },
    {
      "shape": "SmoothCylinder",
      "pixel_coords": [
        107,
        44,
        9.285382270812988
      ],
      "material": "Rubber",
      "size": 2.0,
      "color": [
        0.0,
        0.0,
        1.0,
        1.0
      ],
      "3d_coords": [
        2.6117987632751465,
        1.4569565057754517,
        2.0
      ],
      "rotation": 0.0
    }
  ]
}