{
  "objects": [
    {
      "shape": "SmoothCylinder",
      "rotation": 0.0,
      "color": [
        1.0,
        0.0,
        1.0,
        1.0
      ],
      "size": 2.0,
      "material": "MyMetal",
      "pixel_coords": [
        105,
        44,
        9.035998344421387
      ],
      "3d_coords": [
        2.507741928100586,
        1.3827189207077026,
        2.0
      ]
    },
    {
      "shape": "SmoothCylinder",
      "rotation": 0.0,
      "color": [
        0.0,
        0.0,
        1.0,
        1.0
      ],
      "size": 2.0,
      "material": "MyMetal",
      "pixel_coords": [
        42,
        50,
        8.26516056060791
      ],
      "3d_coords": [
        0.6283298134803772,
        -2.211923837661743,
        2.0
      ]
    }
  ],
  "image_filename": "000001380480486155",
  "Lamp_Fill": [
    -5.308021068572998,
    -4.378778457641602,
    3.036201000213623
  ],
  "Lamp_Back": [
    -1.7109545469284058,
    2.854430675506592,
    5.669681072235107
  ],
  "Camera": [
    7.3068671226501465,
    -6.15725564956665,
    5.24044132232666
  ],
  "Lamp_Key": [
    6.0764479637146,
    -2.681364059448242,
    4.873039245605469
  ]
}