{
  "image_filename": "000006188179163705",
  "objects": [
    {
      "shape": "Cube",
      "size": 1.0,
      "material": "data/materials/PoliigonMetalSpottyDiscoloration001.blend",
      "3d_coords": [
        -0.7668784260749817,
        0.03767707571387291,
        1.0
      ],
      "rotation": 0.0,
      "pixel_coords": [
        58,
        50,
        11.40987777709961
      ]
    },
    {
      "shape": "Cube",
      "size": 1.0,
      "material": "data/materials/PoliigonBricksPaintedWhite001.blend",
      "3d_coords": [
        -0.7388797402381897,
        2.4382286071777344,
        1.0
      ],
      "rotation": 0.0,
      "pixel_coords": [
        80,
        44,
        12.716598510742188
      ]
    }
  ],
  "ground_material": "data/materials/PoliigonBricksFlemishRed001.blend",
  "Lamp_Key": [
    6.820334434509277,
    -3.823056697845459,
    4.66406774520874
  ],
  "Lamp_Back": [
    -1.990910291671753,
    2.7755138874053955,
    5.380609035491943
  ],
  "Lamp_Fill": [
    -5.517082691192627,
    -3.369067907333374,
    2.1057145595550537
  ],
  "Camera": [
    7.844839096069336,
    -6.253973960876465,
    5.2450408935546875
  ]
}