{
  "Camera": [
    7.176123142242432,
    -6.888657093048096,
    5.571459770202637
  ],
  "image_filename": "000001462359177864",
  "Lamp_Key": [
    6.5749831199646,
    -3.213019847869873,
    5.041110992431641
  ],
  "objects": [
    {
      "3d_coords": [
        -2.877565860748291,
        -0.7532570362091064,
        1.0
      ],
      "rotation": 0.0,
      "color": [
        0.0,
        1.0,
        0.0,
        1.0
      ],
      "shape": "Sphere",
      "pixel_coords": [
        35,
        45,
        12.268766403198242
      ],
      "size": 1.0,
      "material": "MyMetal"
    },
    {
      "3d_coords": [
        0.26438963413238525,
        1.9113205671310425,
        2.0
      ],
      "rotation": 0.0,
      "color": [
        1.0,
        0.0,
        0.0,
        1.0
      ],
      "shape": "SmoothCube_v2",
      "pixel_coords": [
        83,
        36,
        11.412452697753906
      ],
      "size": 2.0,
      "material": "Rubber"
    }
  ],
  "Lamp_Fill": [
    -3.766347646713257,
    -3.70847487449646,
    3.414113998413086
  ],
  "Lamp_Back": [
    -0.46582749485969543,
    3.4139745235443115,
    5.482812881469727
  ]
}