{
  "objects": [
    {
      "color": [
        0.0,
        1.0,
        1.0,
        1.0
      ],
      "shape": "Suzanne",
      "size": 1.5,
      "3d_coords": [
        2.41361403465271,
        1.4041837453842163,
        1.5
      ],
      "material": "MyMetal",
      "rotation": 0.0,
      "pixel_coords": [
        104,
        51,
        9.318243980407715
      ]
    },
    {
      "color": [
        0.0,
        1.0,
        1.0,
        1.0
      ],
      "shape": "Suzanne",
      "size": 1.0,
      "3d_coords": [
        0.013366864994168282,
        -2.416923999786377,
        1.0
      ],
      "material": "MyMetal",
      "rotation": 0.0,
      "pixel_coords": [
        35,
        62,
        9.00825309753418
      ]
    }
  ],
  "Lamp_Back": [
    -1.004008173942566,
    2.017909526824951,
    4.897984027862549
  ],
  "Camera": [
    7.240910530090332,
    -6.124481678009033,
    5.306961536407471
  ],
  "Lamp_Key": [
    6.755765438079834,
    -3.5475902557373047,
    4.56460428237915
  ],
  "image_filename": "000009115243747042",
  "Lamp_Fill": [
    -3.7990119457244873,
    -3.5633232593536377,
    2.1189498901367188
  ]
}