{
  "image_filename": "000010833289050905",
  "objects": [
    {
      "shape": "Icosahedron",
      "size": 2.0,
      "material": "data/materials/PoliigonMetalSpottyDiscoloration001.blend",
      "3d_coords": [
        -2.842033863067627,
        0.1903560757637024,
        2.0
      ],
      "rotation": 0.0,
      "pixel_coords": [
        44,
        33,
        12.587158203125
      ]
    },
    {
      "shape": "Icosahedron",
      "size": 1.5,
      "material": "data/materials/PoliigonWoodFlooring061.blend",
      "3d_coords": [
        2.473284959793091,
        -2.3422112464904785,
        1.5
      ],
      "rotation": 0.0,
      "pixel_coords": [
        63,
        66,
        7.730679988861084
      ]
    }
  ],
  "ground_material": "data/materials/PoliigonWoodFlooring061.blend",
  "Lamp_Key": [
    6.446273326873779,
    -2.848996162414551,
    5.078322410583496
  ],
  "Lamp_Back": [
    -0.28438490629196167,
    3.2993319034576416,
    5.311018466949463
  ],
  "Lamp_Fill": [
    -5.357690811157227,
    -4.772769451141357,
    3.445756673812866
  ],
  "Camera": [
    7.589478015899658,
    -7.005073070526123,
    4.9440484046936035
  ]
}