{
  "Camera": [
    7.699211120605469,
    -6.745154857635498,
    5.507943153381348
  ],
  "Lamp_Back": [
    -0.5035508871078491,
    2.786841869354248,
    5.291700839996338
  ],
  "image_filename": "000004689746562907",
  "Lamp_Key": [
    7.06320858001709,
    -2.721714735031128,
    5.11801815032959
  ],
  "Lamp_Fill": [
    -5.051102161407471,
    -4.343078136444092,
    2.814840793609619
  ],
  "objects": [
    {
      "3d_coords": [
        -2.8970963954925537,
        -1.3925446271896362,
        1.5
      ],
      "size": 1.5,
      "color": [
        1.0,
        0.0,
        0.0,
        1.0
      ],
      "material": "Rubber",
      "shape": "SmoothCube_v2",
      "rotation": 0.0,
      "pixel_coords": [
        30,
        42,
        12.023871421813965
      ]
    },
    {
      "3d_coords": [
        1.227209448814392,
        0.7010296583175659,
        1.5
      ],
      "size": 1.5,
      "color": [
        1.0,
        0.0,
        1.0,
        1.0
      ],
      "material": "MyMetal",
      "shape": "Sphere",
      "rotation": 0.0,
      "pixel_coords": [
        82,
        49,
        10.506945610046387
      ]
    }
  ]
}