{
  "Lamp_Fill": [
    -4.197901248931885,
    -4.3523030281066895,
    3.6176934242248535
  ],
  "Lamp_Key": [
    6.135416507720947,
    -3.5477139949798584,
    5.2339701652526855
  ],
  "image_filename": "000006833066420547",
  "Lamp_Back": [
    -1.396763801574707,
    3.5179507732391357,
    5.811220645904541
  ],
  "objects": [
    {
      "shape": "Sphere",
      "material": "Rubber",
      "3d_coords": [
        0.8286985754966736,
        -2.8606748580932617,
        1.0
      ],
      "pixel_coords": [
        39,
        68,
        8.942764282226562
      ],
      "size": 1.0,
      "color": [
        0.0,
        1.0,
        1.0,
        1.0
      ],
      "rotation": 0.0
    },
    {
      "shape": "Sphere",
      "material": "Rubber",
      "3d_coords": [
        2.9733452796936035,
        -1.0725961923599243,
        1.0
      ],
      "pixel_coords": [
        83,
        71,
        8.58849048614502
      ],
      "size": 1.0,
      "color": [
        0.0,
        1.0,
        1.0,
        1.0
      ],
      "rotation": 0.0
    }
  ],
  "Camera": [
    7.723380088806152,
    -6.954974174499512,
    5.266761779785156
  ]
}