{
  "image_filename": "00000090",
  "objects": [
    {
      "shape": "circle",
      "size": 0.225,
      "rotation": 0.0,
      "2d_coords": [
        0.38805504709384797,
        0.22070283985933997
      ],
      "color": [
        0,
        255,
        0
      ]
    },
    {
      "shape": "circle",
      "size": 0.125,
      "rotation": 0.0,
      "2d_coords": [
        0.5955246643524464,
        0.38966845101243774
      ],
      "color": [
        0,
        255,
        0
      ]
    }
  ]
}