{
  "Lamp_Fill": [
    -4.387374401092529,
    -4.49204683303833,
    2.12788462638855
  ],
  "Camera": [
    7.451933860778809,
    -6.621642112731934,
    5.111887454986572
  ],
  "Lamp_Back": [
    -1.6423890590667725,
    2.7815680503845215,
    4.979690074920654
  ],
  "objects": [
    {
      "size": 1.5,
      "pixel_coords": [
        74,
        36,
        12.94957447052002
      ],
      "color": [
        0.0,
        1.0,
        1.0,
        1.0
      ],
      "material": "MyMetal",
      "3d_coords": [
        -1.422076940536499,
        2.5124881267547607,
        1.5
      ],
      "rotation": 0.0,
      "shape": "Sphere"
    },
    {
      "size": 1.5,
      "pixel_coords": [
        32,
        44,
        10.918025016784668
      ],
      "color": [
        1.0,
        0.0,
        1.0,
        1.0
      ],
      "material": "MyMetal",
      "3d_coords": [
        -1.97454833984375,
        -1.5464116334915161,
        1.5
      ],
      "rotation": 0.0,
      "shape": "Sphere"
    }
  ],
  "image_filename": "000012403630052444",
  "Lamp_Key": [
    6.658957004547119,
    -2.7800848484039307,
    3.750535726547241
  ]
}