{
  "Camera": [
    7.0244598388671875,
    -6.882999420166016,
    5.586873531341553
  ],
  "objects": [
    {
      "color": [
        0.0,
        0.0,
        1.0,
        1.0
      ],
      "3d_coords": [
        -2.1322970390319824,
        -1.387913465499878,
        1.5
      ],
      "material": "MyMetal",
      "rotation": 0.0,
      "pixel_coords": [
        33,
        44,
        11.049432754516602
      ],
      "size": 1.5,
      "shape": "Sphere"
    },
    {
      "color": [
        0.0,
        0.0,
        1.0,
        1.0
      ],
      "3d_coords": [
        -0.04598080739378929,
        2.0344934463500977,
        2.0
      ],
      "material": "MyMetal",
      "rotation": 0.0,
      "pixel_coords": [
        81,
        34,
        11.58942985534668
      ],
      "size": 2.0,
      "shape": "SmoothCylinder"
    }
  ],
  "Lamp_Key": [
    6.204978942871094,
    -3.0641438961029053,
    4.22707462310791
  ],
  "Lamp_Fill": [
    -4.504016399383545,
    -4.666566371917725,
    2.432657480239868
  ],
  "Lamp_Back": [
    -0.896643877029419,
    3.309617280960083,
    5.395644187927246
  ],
  "image_filename": "000017207775194436"
}