{
  "image_filename": "000004107283149277",
  "Lamp_Key": [
    6.220273494720459,
    -2.396120548248291,
    3.267199754714966
  ],
  "Lamp_Back": [
    -1.5954371690750122,
    1.9427764415740967,
    6.678691387176514
  ],
  "Lamp_Fill": [
    -5.140727519989014,
    -3.9934680461883545,
    3.4538140296936035
  ],
  "Camera": [
    7.6668195724487305,
    -6.720238208770752,
    5.041837215423584
  ],
  "objects": [
    {
      "3d_coords": [
        1.5786166191101074,
        -2.174243688583374,
        2.0
      ],
      "shape": "Suzanne",
      "color": [
        1.0,
        0.0,
        1.0,
        1.0
      ],
      "pixel_coords": [
        54,
        53,
        8.138379096984863
      ],
      "size": 2.0,
      "material": "Rubber",
      "rotation": 0.0
    },
    {
      "3d_coords": [
        -0.2954657971858978,
        2.155644655227661,
        2.0
      ],
      "shape": "Sphere",
      "color": [
        0.0,
        1.0,
        0.0,
        1.0
      ],
      "pixel_coords": [
        81,
        34,
        11.960001945495605
      ],
      "size": 2.0,
      "material": "Rubber",
      "rotation": 0.0
    }
  ]
}