{
  "image_filename": "000012613314231385",
  "objects": [
    {
      "shape": "Icosahedron",
      "size": 1.5,
      "material": "data/materials/PoliigonWoodFlooring061.blend",
      "3d_coords": [
        -1.7865935564041138,
        -1.8740425109863281,
        1.5
      ],
      "rotation": 0.0,
      "pixel_coords": [
        31,
        46,
        10.958240509033203
      ]
    },
    {
      "shape": "Icosahedron",
      "size": 2.0,
      "material": "data/materials/PoliigonRoofTilesTerracotta004.blend",
      "3d_coords": [
        -0.634364902973175,
        2.5562567710876465,
        2.0
      ],
      "rotation": 0.0,
      "pixel_coords": [
        80,
        33,
        12.61174201965332
      ]
    }
  ],
  "ground_material": "data/materials/PoliigonBricksPaintedWhite001.blend",
  "Lamp_Key": [
    7.270968914031982,
    -3.7246158123016357,
    4.014158248901367
  ],
  "Lamp_Back": [
    -0.7963886857032776,
    1.8402297496795654,
    5.501152038574219
  ],
  "Lamp_Fill": [
    -5.6608710289001465,
    -4.783415794372559,
    2.741574287414551
  ],
  "Camera": [
    7.665785789489746,
    -6.904506206512451,
    5.242558479309082
  ]
}