{
  "image_filename": "000005478246894458",
  "objects": [
    {
      "shape": "Sphere",
      "size": 2.0,
      "material": "data/materials/PoliigonWoodFlooring061.blend",
      "3d_coords": [
        0.15931092202663422,
        2.338404417037964,
        2.0
      ],
      "rotation": 0.0,
      "pixel_coords": [
        88,
        34,
        11.187763214111328
      ]
    },
    {
      "shape": "Suzanne",
      "size": 1.5,
      "material": "data/materials/PoliigonRoofTilesTerracotta004.blend",
      "3d_coords": [
        -0.08950549364089966,
        -2.687058925628662,
        1.5
      ],
      "rotation": 0.0,
      "pixel_coords": [
        30,
        54,
        8.7982177734375
      ]
    }
  ],
  "ground_material": "data/materials/PoliigonWoodFlooring061.blend",
  "Lamp_Key": [
    7.237855434417725,
    -1.990779161453247,
    3.55419659614563
  ],
  "Lamp_Back": [
    -1.9908771514892578,
    3.620741128921509,
    6.590203285217285
  ],
  "Lamp_Fill": [
    -4.902432441711426,
    -3.3085999488830566,
    4.006544589996338
  ],
  "Camera": [
    7.611238956451416,
    -6.053711891174316,
    4.936220645904541
  ]
}