{
  "Camera": [
    7.005661487579346,
    -6.3291544914245605,
    5.360300540924072
  ],
  "Lamp_Key": [
    6.7545294761657715,
    -1.926568627357483,
    4.498410701751709
  ],
  "objects": [
    {
      "pixel_coords": [
        38,
        62,
        7.972811222076416
      ],
      "3d_coords": [
        0.840414822101593,
        -2.7464816570281982,
        1.5
      ],
      "shape": "SmoothCylinder",
      "rotation": 0.0,
      "size": 1.5,
      "color": [
        1.0,
        0.0,
        0.0,
        1.0
      ],
      "material": "MyMetal"
    },
    {
      "pixel_coords": [
        88,
        39,
        11.378270149230957
      ],
      "3d_coords": [
        0.22028425335884094,
        2.408708333969116,
        1.5
      ],
      "shape": "SmoothCylinder",
      "rotation": 0.0,
      "size": 1.5,
      "color": [
        0.0,
        1.0,
        1.0,
        1.0
      ],
      "material": "Rubber"
    }
  ],
  "Lamp_Fill": [
    -5.126107215881348,
    -4.573390960693359,
    2.4822282791137695
  ],
  "Lamp_Back": [
    -0.5140712857246399,
    3.40510630607605,
    5.087569713592529
  ],
  "image_filename": "000009163767576267"
}