{
  "Lamp_Key": [
    7.081077575683594,
    -3.691406488418579,
    4.966547966003418
  ],
  "Lamp_Back": [
    -0.34363478422164917,
    3.0369954109191895,
    5.438482761383057
  ],
  "objects": [
    {
      "material": "Rubber",
      "rotation": 0.0,
      "pixel_coords": [
        66,
        32,
        14.276111602783203
      ],
      "shape": "SmoothCube_v2",
      "3d_coords": [
        -2.8306593894958496,
        2.7126338481903076,
        1.5
      ],
      "size": 1.5,
      "color": [
        1.0,
        1.0,
        0.0,
        1.0
      ]
    },
    {
      "material": "MyMetal",
      "rotation": 0.0,
      "pixel_coords": [
        102,
        54,
        9.739200592041016
      ],
      "shape": "Sphere",
      "3d_coords": [
        2.7110233306884766,
        1.1190142631530762,
        1.5
      ],
      "size": 1.5,
      "color": [
        0.0,
        1.0,
        1.0,
        1.0
      ]
    }
  ],
  "image_filename": "000013542325748585",
  "Camera": [
    7.576550483703613,
    -6.684032440185547,
    5.703787803649902
  ],
  "Lamp_Fill": [
    -4.8682098388671875,
    -4.290168285369873,
    2.3007402420043945
  ]
}