{
  "image_filename": "00000089",
  "objects": [
    {
      "shape": "circle",
      "size": 0.225,
      "rotation": 0.0,
      "2d_coords": [
        0.14648197269958052,
        0.8633768002815657
      ],
      "color": [
        0,
        127,
        255
      ]
    },
    {
      "shape": "circle",
      "size": 0.325,
      "rotation": 0.0,
      "2d_coords": [
        0.7123460664130853,
        0.49744561527637815
      ],
      "color": [
        0,
        255,
        0
      ]
    }
  ]
}