{
  "image_filename": "000003967645865748",
  "objects": [
    {
      "shape": "Cone",
      "size": 1.0,
      "material": "data/materials/PoliigonFabricDenim003.blend",
      "3d_coords": [
        -2.867918014526367,
        -1.8187085390090942,
        1.0
      ],
      "rotation": 0.0,
      "pixel_coords": [
        26,
        48,
        11.89453125
      ]
    },
    {
      "shape": "Cone",
      "size": 2.0,
      "material": "data/materials/PoliigonMetalSpottyDiscoloration001.blend",
      "3d_coords": [
        0.8701184391975403,
        2.9458372592926025,
        2.0
      ],
      "rotation": 0.0,
      "pixel_coords": [
        98,
        36,
        11.602785110473633
      ]
    }
  ],
  "ground_material": "data/materials/PoliigonFabricFleece001.blend",
  "Lamp_Key": [
    6.353047847747803,
    -3.404714345932007,
    3.4618937969207764
  ],
  "Lamp_Back": [
    -0.7914180159568787,
    3.374718189239502,
    6.46338415145874
  ],
  "Lamp_Fill": [
    -5.634683132171631,
    -4.303418159484863,
    2.8804879188537598
  ],
  "Camera": [
    7.684383869171143,
    -6.489716529846191,
    5.54714822769165
  ]
}