{
  "image_filename": "00000094",
  "objects": [
    {
      "shape": "circle",
      "size": 0.125,
      "rotation": 0.0,
      "2d_coords": [
        0.854395480264359,
        0.5675555397031721
      ],
      "color": [
        0,
        127,
        255
      ]
    },
    {
      "shape": "circle",
      "size": 0.125,
      "rotation": 0.0,
      "2d_coords": [
        0.2810910348075606,
        0.26311103296058513
      ],
      "color": [
        255,
        127,
        0
      ]
    }
  ]
}