{
  "Lamp_Key": [
    5.798751354217529,
    -2.5592923164367676,
    4.520905017852783
  ],
  "Lamp_Fill": [
    -4.3957905769348145,
    -4.797749042510986,
    3.3638288974761963
  ],
  "Camera": [
    7.040058612823486,
    -6.115908622741699,
    5.357995510101318
  ],
  "Lamp_Back": [
    -0.6748618483543396,
    2.1614742279052734,
    6.534584045410156
  ],
  "image_filename": "000010737513783630",
  "objects": [
    {
      "material": "MyMetal",
      "pixel_coords": [
        33,
        37,
        10.131756782531738
      ],
      "size": 2.0,
      "color": [
        1.0,
        0.0,
        0.0,
        1.0
      ],
      "shape": "Suzanne",
      "3d_coords": [
        -1.8028324842453003,
        -1.4195127487182617,
        2.0
      ],
      "rotation": 0.0
    },
    {
      "material": "MyMetal",
      "pixel_coords": [
        75,
        37,
        13.05432415008545
      ],
      "size": 1.0,
      "color": [
        1.0,
        0.0,
        1.0,
        1.0
      ],
      "shape": "SmoothCylinder",
      "3d_coords": [
        -1.750178337097168,
        2.9045493602752686,
        1.0
      ],
      "rotation": 0.0
    }
  ]
}