{
  "image_filename": "00000033",
  "objects": [
    {
      "shape": "circle",
      "size": 0.325,
      "rotation": 0.0,
      "2d_coords": [
        0.5320226035446748,
        0.512964267436701
      ],
      "color": [
        255,
        0,
        255
      ]
    },
    {
      "shape": "square",
      "size": 0.425,
      "rotation": 0.0,
      "2d_coords": [
        0.3639043977535395,
        0.07215796135081014
      ],
      "color": [
        255,
        0,
        255
      ]
    }
  ]
}