{
  "image_filename": "000015527993350043",
  "objects": [
    {
      "shape": "Cylinder",
      "size": 1.5,
      "material": "data/materials/PoliigonMetalSpottyDiscoloration001.blend",
      "3d_coords": [
        1.4334793090820312,
        -1.9612146615982056,
        1.5
      ],
      "rotation": 0.0,
      "pixel_coords": [
        54,
        59,
        8.592111587524414
      ]
    },
    {
      "shape": "Sphere",
      "size": 2.0,
      "material": "data/materials/PoliigonMetalSpottyDiscoloration001.blend",
      "3d_coords": [
        -2.718491554260254,
        -2.134139060974121,
        2.0
      ],
      "rotation": 0.0,
      "pixel_coords": [
        22,
        37,
        11.177845001220703
      ]
    }
  ],
  "ground_material": "data/materials/PoliigonChainmailCopperRoundedThin001.blend",
  "Lamp_Key": [
    6.204791069030762,
    -2.8181257247924805,
    4.894402027130127
  ],
  "Lamp_Back": [
    -1.2795342206954956,
    2.4613447189331055,
    6.1158223152160645
  ],
  "Lamp_Fill": [
    -3.8352227210998535,
    -4.1305060386657715,
    2.9261972904205322
  ],
  "Camera": [
    7.9381561279296875,
    -6.453873634338379,
    4.937943935394287
  ]
}