{
  "image_filename": "00000079",
  "objects": [
    {
      "shape": "square",
      "size": 0.125,
      "rotation": 0.0,
      "2d_coords": [
        0.579775100262788,
        0.7279161076329592
      ],
      "color": [
        255,
        127,
        0
      ]
    },
    {
      "shape": "triangle",
      "size": 0.425,
      "rotation": 0.0,
      "2d_coords": [
        0.3256505879097194,
        0.5795299341847918
      ],
      "color": [
        0,
        255,
        0
      ]
    }
  ]
}