{
  "image_filename": "00000014",
  "objects": [
    {
      "shape": "triangle",
      "size": 0.125,
      "rotation": 0.0,
      "2d_coords": [
        0.8468038936486271,
        0.6618915107660927
      ],
      "color": [
        255,
        127,
        0
      ]
    },
    {
      "shape": "triangle",
      "size": 0.225,
      "rotation": 0.0,
      "2d_coords": [
        0.46402641314074683,
        0.4863950656109772
      ],
      "color": [
        0,
        255,
        0
      ]
    }
  ]
}