{
  "image_filename": "000007658099884229",
  "objects": [
    {
      "shape": "Cone",
      "size": 2.0,
      "material": "data/materials/PoliigonChainmailCopperRoundedThin001.blend",
      "3d_coords": [
        -1.960912823677063,
        -0.7519381642341614,
        2.0
      ],
      "rotation": 0.0,
      "pixel_coords": [
        41,
        37,
        11.57054328918457
      ]
    },
    {
      "shape": "Suzanne",
      "size": 1.5,
      "material": "data/materials/PoliigonFabricDenim003.blend",
      "3d_coords": [
        2.8701369762420654,
        -0.7903812527656555,
        1.5
      ],
      "rotation": 0.0,
      "pixel_coords": [
        85,
        63,
        8.58803653717041
      ]
    }
  ],
  "ground_material": "data/materials/PoliigonFabricDenim003.blend",
  "Lamp_Key": [
    6.88203763961792,
    -2.249652624130249,
    5.212442398071289
  ],
  "Lamp_Back": [
    -0.4752674996852875,
    2.463766098022461,
    5.666952610015869
  ],
  "Lamp_Fill": [
    -4.590455532073975,
    -3.129457473754883,
    3.3449954986572266
  ],
  "Camera": [
    7.7123308181762695,
    -6.784368991851807,
    5.509824752807617
  ]
}