{
  "Lamp_Back": [
    -0.5412743091583252,
    1.8087738752365112,
    6.013851642608643
  ],
  "Lamp_Fill": [
    -5.6357221603393555,
    -3.702974319458008,
    2.3613839149475098
  ],
  "objects": [
    {
      "size": 2.0,
      "color": [
        0.0,
        1.0,
        1.0,
        1.0
      ],
      "shape": "Suzanne",
      "3d_coords": [
        -2.700295925140381,
        -2.1636438369750977,
        2.0
      ],
      "rotation": 0.0,
      "material": "Rubber",
      "pixel_coords": [
        20,
        37,
        10.843835830688477
      ]
    },
    {
      "size": 1.5,
      "color": [
        0.0,
        0.0,
        1.0,
        1.0
      ],
      "shape": "Sphere",
      "3d_coords": [
        1.218588948249817,
        2.2054593563079834,
        1.5
      ],
      "rotation": 0.0,
      "material": "MyMetal",
      "pixel_coords": [
        96,
        44,
        10.86758041381836
      ]
    }
  ],
  "image_filename": "000000107932080307",
  "Lamp_Key": [
    7.183695316314697,
    -3.4419336318969727,
    4.647053241729736
  ],
  "Camera": [
    7.5316948890686035,
    -6.181609153747559,
    5.547980785369873
  ]
}