{
  "image_filename": "00000026",
  "objects": [
    {
      "shape": "square",
      "size": 0.325,
      "rotation": 0.0,
      "2d_coords": [
        0.5139380101353292,
        0.35703947366344513
      ],
      "color": [
        0,
        127,
        255
      ]
    },
    {
      "shape": "circle",
      "size": 0.425,
      "rotation": 0.0,
      "2d_coords": [
        0.5511783462287078,
        0.8032260049500606
      ],
      "color": [
        0,
        255,
        0
      ]
    }
  ]
}