{
  "Lamp_Back": [
    -1.916475772857666,
    2.4240684509277344,
    5.861993312835693
  ],
  "image_filename": "000009259347752609",
  "Lamp_Key": [
    7.009178161621094,
    -3.509852647781372,
    4.835883140563965
  ],
  "objects": [
    {
      "color": [
        0.0,
        0.0,
        1.0,
        1.0
      ],
      "rotation": 0.0,
      "shape": "SmoothCylinder",
      "pixel_coords": [
        33,
        35,
        11.77786922454834
      ],
      "material": "Rubber",
      "size": 2.0,
      "3d_coords": [
        -2.796427011489868,
        -1.156593680381775,
        2.0
      ]
    },
    {
      "color": [
        0.0,
        1.0,
        1.0,
        1.0
      ],
      "rotation": 0.0,
      "shape": "Suzanne",
      "pixel_coords": [
        86,
        47,
        12.148835182189941
      ],
      "material": "MyMetal",
      "size": 1.0,
      "3d_coords": [
        0.08177195489406586,
        2.364525318145752,
        1.0
      ]
    }
  ],
  "Camera": [
    7.980749130249023,
    -6.288991451263428,
    5.03217077255249
  ],
  "Lamp_Fill": [
    -3.945890426635742,
    -3.7552311420440674,
    3.021012306213379
  ]
}