{
  "objects": [
    {
      "pixel_coords": [
        99,
        47,
        8.310150146484375
      ],
      "shape": "Suzanne",
      "size": 2.0,
      "material": "Rubber",
      "color": [
        0.0,
        1.0,
        1.0,
        1.0
      ],
      "rotation": 0.0,
      "3d_coords": [
        2.5608158111572266,
        0.4449053108692169,
        2.0
      ]
    },
    {
      "pixel_coords": [
        38,
        68,
        8.081550598144531
      ],
      "shape": "SmoothCube_v2",
      "size": 1.0,
      "material": "Rubber",
      "color": [
        0.0,
        1.0,
        0.0,
        1.0
      ],
      "rotation": 0.0,
      "3d_coords": [
        0.7680674195289612,
        -2.688429832458496,
        1.0
      ]
    }
  ],
  "Lamp_Back": [
    -1.3155699968338013,
    1.9370290040969849,
    4.882575035095215
  ],
  "image_filename": "000008129053390930",
  "Camera": [
    6.985307693481445,
    -6.348451614379883,
    4.93412446975708
  ],
  "Lamp_Key": [
    7.41461706161499,
    -2.1718482971191406,
    5.182745456695557
  ],
  "Lamp_Fill": [
    -5.401221752166748,
    -4.302145481109619,
    3.767491102218628
  ]
}