{
  "image_filename": "00000053",
  "objects": [
    {
      "shape": "triangle",
      "size": 0.225,
      "rotation": 0.0,
      "2d_coords": [
        0.13643053959317808,
        0.14845909622407985
      ],
      "color": [
        0,
        255,
        0
      ]
    },
    {
      "shape": "square",
      "size": 0.125,
      "rotation": 0.0,
      "2d_coords": [
        0.17985748693000164,
        0.5123837594616739
      ],
      "color": [
        0,
        255,
        0
      ]
    }
  ]
}