{
  "image_filename": "00000027",
  "objects": [
    {
      "shape": "circle",
      "size": 0.125,
      "rotation": 0.0,
      "2d_coords": [
        0.910765150516354,
        0.21841780257576027
      ],
      "color": [
        255,
        127,
        0
      ]
    },
    {
      "shape": "circle",
      "size": 0.325,
      "rotation": 0.0,
      "2d_coords": [
        0.7989481266468954,
        0.5324164030572215
      ],
      "color": [
        255,
        127,
        0
      ]
    }
  ]
}