{
  "image_filename": "000005272393642684",
  "objects": [
    {
      "shape": "Cube",
      "size": 2.0,
      "material": "data/materials/PoliigonRoofTilesTerracotta004.blend",
      "3d_coords": [
        -2.009883403778076,
        2.244222640991211,
        2.0
      ],
      "rotation": 0.0,
      "pixel_coords": [
        67,
        30,
        13.305548667907715
      ]
    },
    {
      "shape": "Suzanne",
      "size": 1.5,
      "material": "data/materials/PoliigonMetalSpottyDiscoloration001.blend",
      "3d_coords": [
        2.7519829273223877,
        0.357771635055542,
        1.5
      ],
      "rotation": 0.0,
      "pixel_coords": [
        96,
        58,
        9.419573783874512
      ]
    }
  ],
  "ground_material": "data/materials/PoliigonChainmailCopperRoundedThin001.blend",
  "Lamp_Key": [
    6.47929048538208,
    -3.062026023864746,
    3.820683002471924
  ],
  "Lamp_Back": [
    -1.5448024272918701,
    2.6265177726745605,
    4.91622257232666
  ],
  "Lamp_Fill": [
    -5.131664752960205,
    -3.082531213760376,
    3.7117486000061035
  ],
  "Camera": [
    7.427228927612305,
    -6.9073686599731445,
    5.838712692260742
  ]
}