{
  "image_filename": "00000062",
  "objects": [
    {
      "shape": "triangle",
      "size": 0.325,
      "rotation": 0.0,
      "2d_coords": [
        0.36674261644612166,
        0.8577884881844651
      ],
      "color": [
        255,
        127,
        0
      ]
    },
    {
      "shape": "star_4",
      "size": 0.225,
      "rotation": 0.0,
      "2d_coords": [
        0.6781783429250586,
        0.4059002700525106
      ],
      "color": [
        255,
        127,
        0
      ]
    }
  ]
}