{
  "objects": [
    {
      "material": "MyMetal",
      "shape": "Sphere",
      "rotation": 0.0,
      "3d_coords": [
        -1.1423935890197754,
        1.6599583625793457,
        1.5
      ],
      "pixel_coords": [
        71,
        39,
        12.267843246459961
      ],
      "color": [
        1.0,
        0.0,
        0.0,
        1.0
      ],
      "size": 1.5
    },
    {
      "material": "MyMetal",
      "shape": "Suzanne",
      "rotation": 0.0,
      "3d_coords": [
        -0.029833590611815453,
        -2.2246036529541016,
        1.5
      ],
      "pixel_coords": [
        37,
        53,
        9.363651275634766
      ],
      "color": [
        0.0,
        1.0,
        1.0,
        1.0
      ],
      "size": 1.5
    }
  ],
  "Camera": [
    7.975006103515625,
    -6.105626583099365,
    5.005008220672607
  ],
  "Lamp_Key": [
    6.491085529327393,
    -3.0601372718811035,
    3.6153008937835693
  ],
  "image_filename": "000012271845380230",
  "Lamp_Fill": [
    -4.574108600616455,
    -4.1413893699646,
    3.982548952102661
  ],
  "Lamp_Back": [
    -0.6710712313652039,
    2.470412015914917,
    4.981508731842041
  ]
}