{
  "image_filename": "00000014",
  "objects": [
    {
      "shape": "triangle",
      "size": 0.325,
      "rotation": 0.0,
      "2d_coords": [
        0.5665333825023826,
        0.6702903018424096
      ],
      "color": [
        255,
        127,
        0
      ]
    },
    {
      "shape": "triangle",
      "size": 0.125,
      "rotation": 0.0,
      "2d_coords": [
        0.3307504959316417,
        0.40839895599448267
      ],
      "color": [
        255,
        127,
        0
      ]
    }
  ]
}