{
  "Lamp_Back": [
    -1.8721089363098145,
    2.882143497467041,
    5.477665901184082
  ],
  "Lamp_Key": [
    7.105197906494141,
    -3.2744429111480713,
    3.9132022857666016
  ],
  "objects": [
    {
      "size": 1.5,
      "3d_coords": [
        -2.8919754028320312,
        -1.2522869110107422,
        1.5
      ],
      "pixel_coords": [
        31,
        40,
        11.764554023742676
      ],
      "rotation": 0.0,
      "shape": "SmoothCylinder",
      "material": "MyMetal",
      "color": [
        0.0,
        0.0,
        1.0,
        1.0
      ]
    },
    {
      "size": 1.5,
      "3d_coords": [
        0.9604923129081726,
        -1.2758663892745972,
        1.5
      ],
      "pixel_coords": [
        58,
        56,
        9.136564254760742
      ],
      "rotation": 0.0,
      "shape": "SmoothCylinder",
      "material": "MyMetal",
      "color": [
        0.0,
        0.0,
        1.0,
        1.0
      ]
    }
  ],
  "Lamp_Fill": [
    -4.8308515548706055,
    -3.242550849914551,
    3.2410662174224854
  ],
  "Camera": [
    7.618149757385254,
    -6.103981971740723,
    5.536208629608154
  ],
  "image_filename": "000006223521113241"
}