{
  "Lamp_Fill": [
    -5.506762981414795,
    -4.218114852905273,
    3.975707769393921
  ],
  "Lamp_Back": [
    -1.6071841716766357,
    2.4871718883514404,
    5.714222431182861
  ],
  "image_filename": "000002893292417883",
  "Lamp_Key": [
    6.846341133117676,
    -3.705763339996338,
    4.866985321044922
  ],
  "objects": [
    {
      "pixel_coords": [
        42,
        59,
        9.587970733642578
      ],
      "material": "MyMetal",
      "size": 1.0,
      "3d_coords": [
        -0.19438369572162628,
        -1.8473495244979858,
        1.0
      ],
      "color": [
        0.0,
        1.0,
        1.0,
        1.0
      ],
      "shape": "Suzanne",
      "rotation": 0.0
    },
    {
      "pixel_coords": [
        107,
        47,
        8.845088005065918
      ],
      "material": "MyMetal",
      "size": 2.0,
      "3d_coords": [
        2.9049699306488037,
        1.026412844657898,
        2.0
      ],
      "color": [
        1.0,
        1.0,
        0.0,
        1.0
      ],
      "shape": "Sphere",
      "rotation": 0.0
    }
  ],
  "Camera": [
    7.034607887268066,
    -6.606215476989746,
    5.395349502563477
  ]
}