{
  "image_filename": "00000086",
  "objects": [
    {
      "shape": "square",
      "size": 0.325,
      "rotation": 0.0,
      "2d_coords": [
        0.318242976827042,
        0.3263244601574151
      ],
      "color": [
        0,
        127,
        255
      ]
    },
    {
      "shape": "square",
      "size": 0.225,
      "rotation": 0.0,
      "2d_coords": [
        0.19438110084446128,
        0.5211633415229128
      ],
      "color": [
        0,
        255,
        0
      ]
    }
  ]
}