{
  "Lamp_Key": [
    5.970133304595947,
    -3.8775148391723633,
    4.392320156097412
  ],
  "Camera": [
    7.548253059387207,
    -6.7058024406433105,
    5.631595134735107
  ],
  "image_filename": "000002759836264847",
  "objects": [
    {
      "rotation": 0.0,
      "3d_coords": [
        -0.1484108567237854,
        1.9370052814483643,
        1.0
      ],
      "material": "Rubber",
      "size": 1.0,
      "shape": "Sphere",
      "pixel_coords": [
        79,
        46,
        12.294397354125977
      ],
      "color": [
        1.0,
        0.0,
        1.0,
        1.0
      ]
    },
    {
      "rotation": 0.0,
      "3d_coords": [
        -1.9229875802993774,
        -2.9707300662994385,
        1.0
      ],
      "material": "MyMetal",
      "size": 1.0,
      "shape": "Suzanne",
      "pixel_coords": [
        18,
        56,
        10.606376647949219
      ],
      "color": [
        1.0,
        1.0,
        0.0,
        1.0
      ]
    }
  ],
  "Lamp_Fill": [
    -5.305612564086914,
    -4.271643161773682,
    3.7028048038482666
  ],
  "Lamp_Back": [
    -0.6323927044868469,
    3.0244832038879395,
    6.582347393035889
  ]
}