{
  "Camera": [
    7.472103118896484,
    -6.1454243659973145,
    4.944949150085449
  ],
  "objects": [
    {
      "color": [
        1.0,
        1.0,
        0.0,
        1.0
      ],
      "3d_coords": [
        -2.5647952556610107,
        -2.938119411468506,
        2.0
      ],
      "size": 2.0,
      "shape": "Sphere",
      "rotation": 0.0,
      "pixel_coords": [
        10,
        38,
        10.056905746459961
      ],
      "material": "MyMetal"
    },
    {
      "color": [
        1.0,
        1.0,
        0.0,
        1.0
      ],
      "3d_coords": [
        1.32248055934906,
        1.7340306043624878,
        2.0
      ],
      "size": 2.0,
      "shape": "SmoothCube_v2",
      "rotation": 0.0,
      "pixel_coords": [
        94,
        39,
        10.026185989379883
      ],
      "material": "Rubber"
    }
  ],
  "Lamp_Key": [
    6.530420780181885,
    -3.7314767837524414,
    3.613677740097046
  ],
  "Lamp_Back": [
    -1.2253774404525757,
    2.8178391456604004,
    5.0189056396484375
  ],
  "Lamp_Fill": [
    -4.200486660003662,
    -3.328779935836792,
    3.053363084793091
  ],
  "image_filename": "000005268650072288"
}