{
  "Lamp_Key": [
    6.447631359100342,
    -2.683422565460205,
    3.53629469871521
  ],
  "image_filename": "000014623143463618",
  "objects": [
    {
      "3d_coords": [
        -2.682729721069336,
        -2.3753912448883057,
        1.5
      ],
      "pixel_coords": [
        20,
        44,
        11.224365234375
      ],
      "color": [
        1.0,
        0.0,
        0.0,
        1.0
      ],
      "rotation": 0.0,
      "material": "MyMetal",
      "size": 1.5,
      "shape": "SmoothCube_v2"
    },
    {
      "3d_coords": [
        1.6236352920532227,
        0.7323218584060669,
        1.5
      ],
      "pixel_coords": [
        86,
        50,
        9.942126274108887
      ],
      "color": [
        0.0,
        0.0,
        1.0,
        1.0
      ],
      "rotation": 0.0,
      "material": "MyMetal",
      "size": 1.5,
      "shape": "SmoothCylinder"
    }
  ],
  "Camera": [
    7.935065269470215,
    -6.3160505294799805,
    5.077116012573242
  ],
  "Lamp_Back": [
    -2.06355357170105,
    2.81760573387146,
    6.742364883422852
  ],
  "Lamp_Fill": [
    -5.602506160736084,
    -4.510192394256592,
    3.2613399028778076
  ]
}