{
  "image_filename": "00000065",
  "objects": [
    {
      "shape": "star_4",
      "size": 0.425,
      "rotation": 0.0,
      "2d_coords": [
        0.7276033651763346,
        0.5066844799563927
      ],
      "color": [
        0,
        127,
        255
      ]
    },
    {
      "shape": "star_4",
      "size": 0.225,
      "rotation": 0.0,
      "2d_coords": [
        0.19470468606335017,
        0.599607889715105
      ],
      "color": [
        0,
        255,
        0
      ]
    }
  ]
}