{
  "image_filename": "000007853540711478",
  "Lamp_Back": [
    -0.4265722632408142,
    2.3173208236694336,
    5.782456874847412
  ],
  "objects": [
    {
      "material": "Rubber",
      "3d_coords": [
        2.6661078929901123,
        0.8433055281639099,
        1.5
      ],
      "pixel_coords": [
        99,
        54,
        9.323846817016602
      ],
      "rotation": 0.0,
      "shape": "SmoothCube_v2",
      "size": 1.5,
      "color": [
        1.0,
        0.0,
        1.0,
        1.0
      ]
    },
    {
      "material": "Rubber",
      "3d_coords": [
        -1.2591181993484497,
        -0.10287483036518097,
        2.0
      ],
      "pixel_coords": [
        53,
        37,
        11.315284729003906
      ],
      "rotation": 0.0,
      "shape": "SmoothCylinder",
      "size": 2.0,
      "color": [
        0.0,
        0.0,
        1.0,
        1.0
      ]
    }
  ],
  "Lamp_Key": [
    6.910855293273926,
    -3.7548255920410156,
    3.8404970169067383
  ],
  "Lamp_Fill": [
    -5.612879753112793,
    -3.112248182296753,
    3.3636269569396973
  ],
  "Camera": [
    7.948930740356445,
    -6.433932781219482,
    4.959494113922119
  ]
}