{
  "Camera": [
    7.899359226226807,
    -6.858362674713135,
    5.616190433502197
  ],
  "Lamp_Key": [
    7.234928607940674,
    -2.812699317932129,
    4.3480730056762695
  ],
  "image_filename": "000010149091464826",
  "Lamp_Back": [
    -1.8550008535385132,
    3.6304938793182373,
    6.321023941040039
  ],
  "objects": [
    {
      "color": [
        0.0,
        1.0,
        1.0,
        1.0
      ],
      "material": "MyMetal",
      "shape": "SmoothCylinder",
      "3d_coords": [
        -0.8322733640670776,
        -1.4085878133773804,
        2.0
      ],
      "size": 2.0,
      "pixel_coords": [
        43,
        43,
        10.667509078979492
      ],
      "rotation": 0.0
    },
    {
      "color": [
        1.0,
        0.0,
        0.0,
        1.0
      ],
      "material": "Rubber",
      "shape": "SmoothCylinder",
      "3d_coords": [
        -2.237626314163208,
        2.2897746562957764,
        1.5
      ],
      "size": 1.5,
      "pixel_coords": [
        67,
        36,
        13.97524356842041
      ],
      "rotation": 0.0
    }
  ],
  "Lamp_Fill": [
    -4.830660343170166,
    -4.834294319152832,
    3.249213457107544
  ]
}