{
  "image_filename": "00000040",
  "objects": [
    {
      "shape": "circle",
      "size": 0.425,
      "rotation": 0.0,
      "2d_coords": [
        0.5258180350912696,
        0.7555947940453448
      ],
      "color": [
        0,
        127,
        255
      ]
    },
    {
      "shape": "circle",
      "size": 0.425,
      "rotation": 0.0,
      "2d_coords": [
        0.7508705299230313,
        0.3866801834708792
      ],
      "color": [
        0,
        127,
        255
      ]
    }
  ]
}