{
  "Lamp_Key": [
    5.47249698638916,
    -2.1456165313720703,
    3.8174285888671875
  ],
  "Camera": [
    7.714020252227783,
    -6.297342777252197,
    5.655050277709961
  ],
  "Lamp_Back": [
    -1.9681671857833862,
    1.9735361337661743,
    6.538475036621094
  ],
  "objects": [
    {
      "pixel_coords": [
        32,
        55,
        9.4799222946167
      ],
      "3d_coords": [
        -0.2923196256160736,
        -2.5968189239501953,
        1.5
      ],
      "size": 1.5,
      "shape": "Sphere",
      "material": "MyMetal",
      "color": [
        0.0,
        1.0,
        0.0,
        1.0
      ],
      "rotation": 0.0
    },
    {
      "pixel_coords": [
        100,
        56,
        9.403884887695312
      ],
      "3d_coords": [
        2.694465398788452,
        0.9236124157905579,
        1.5
      ],
      "size": 1.5,
      "shape": "Suzanne",
      "material": "MyMetal",
      "color": [
        1.0,
        1.0,
        0.0,
        1.0
      ],
      "rotation": 0.0
    }
  ],
  "Lamp_Fill": [
    -5.312665939331055,
    -3.197840452194214,
    2.826312303543091
  ],
  "image_filename": "000001646800115932"
}