{
  "Lamp_Fill": [
    -5.3655500411987305,
    -3.061741352081299,
    2.807894468307495
  ],
  "image_filename": "000001879298426188",
  "objects": [
    {
      "pixel_coords": [
        63,
        46,
        12.537641525268555
      ],
      "rotation": 0.0,
      "shape": "Suzanne",
      "3d_coords": [
        -1.241117000579834,
        0.9615623950958252,
        1.0
      ],
      "size": 1.0,
      "material": "Rubber",
      "color": [
        1.0,
        1.0,
        0.0,
        1.0
      ]
    },
    {
      "pixel_coords": [
        26,
        49,
        10.493270874023438
      ],
      "rotation": 0.0,
      "shape": "SmoothCube_v2",
      "3d_coords": [
        -1.5414212942123413,
        -2.405644416809082,
        1.5
      ],
      "size": 1.5,
      "material": "Rubber",
      "color": [
        0.0,
        1.0,
        1.0,
        1.0
      ]
    }
  ],
  "Lamp_Back": [
    -2.0245118141174316,
    2.561208963394165,
    5.109951496124268
  ],
  "Lamp_Key": [
    5.6329216957092285,
    -1.923083782196045,
    5.208608150482178
  ],
  "Camera": [
    7.654220104217529,
    -6.941887855529785,
    5.263875484466553
  ]
}