{
  "image_filename": "000008367964804033",
  "objects": [
    {
      "shape": "Sphere",
      "size": 1.0,
      "material": "data/materials/PoliigonMetalSpottyDiscoloration001.blend",
      "3d_coords": [
        1.888455867767334,
        -1.6205193996429443,
        1.0
      ],
      "rotation": 0.0,
      "pixel_coords": [
        63,
        71,
        8.546296119689941
      ]
    },
    {
      "shape": "Icosahedron",
      "size": 1.5,
      "material": "data/materials/PoliigonBricksFlemishRed001.blend",
      "3d_coords": [
        -2.130146026611328,
        0.0029673497192561626,
        1.5
      ],
      "rotation": 0.0,
      "pixel_coords": [
        48,
        39,
        11.828747749328613
      ]
    }
  ],
  "ground_material": "data/materials/PoliigonChainmailCopperRoundedThin001.blend",
  "Lamp_Key": [
    6.853794097900391,
    -2.0126490592956543,
    4.61447811126709
  ],
  "Lamp_Back": [
    -0.931034505367279,
    3.526191234588623,
    5.728427886962891
  ],
  "Lamp_Fill": [
    -4.736041069030762,
    -3.5644404888153076,
    2.0824263095855713
  ],
  "Camera": [
    7.431779861450195,
    -6.021089553833008,
    5.81056022644043
  ]
}