{
  "Lamp_Fill": [
    -4.513247013092041,
    -3.692195415496826,
    3.6163339614868164
  ],
  "Lamp_Key": [
    6.100669860839844,
    -2.312199354171753,
    4.345059871673584
  ],
  "image_filename": "000010363279068043",
  "Camera": [
    7.116698265075684,
    -6.289225101470947,
    4.900457859039307
  ],
  "Lamp_Back": [
    -0.650173544883728,
    1.908068299293518,
    5.37105131149292
  ],
  "objects": [
    {
      "3d_coords": [
        -2.234001636505127,
        0.6811872720718384,
        1.0
      ],
      "rotation": 0.0,
      "material": "Rubber",
      "color": [
        0.0,
        1.0,
        0.0,
        1.0
      ],
      "shape": "SmoothCylinder",
      "size": 1.0,
      "pixel_coords": [
        53,
        42,
        12.117173194885254
      ]
    },
    {
      "3d_coords": [
        2.918025016784668,
        -2.3136138916015625,
        1.5
      ],
      "rotation": 0.0,
      "material": "Rubber",
      "color": [
        1.0,
        0.0,
        0.0,
        1.0
      ],
      "shape": "SmoothCube_v2",
      "size": 1.5,
      "pixel_coords": [
        68,
        72,
        6.69473934173584
      ]
    }
  ]
}