{
  "image_filename": "000000993669809616",
  "objects": [
    {
      "shape": "NewellTeapot",
      "size": 2.0,
      "material": "data/materials/PoliigonMetalSpottyDiscoloration001.blend",
      "3d_coords": [
        -2.167193651199341,
        0.7816890478134155,
        2.0
      ],
      "rotation": 0.0,
      "pixel_coords": [
        56,
        33,
        12.425155639648438
      ]
    },
    {
      "shape": "Sphere",
      "size": 1.0,
      "material": "data/materials/PoliigonRoofTilesTerracotta004.blend",
      "3d_coords": [
        0.9786810278892517,
        0.6046901941299438,
        1.0
      ],
      "rotation": 0.0,
      "pixel_coords": [
        78,
        55,
        10.599708557128906
      ]
    }
  ],
  "ground_material": "data/materials/PoliigonFabricFleece001.blend",
  "Lamp_Key": [
    6.323596954345703,
    -3.10685396194458,
    4.306088924407959
  ],
  "Lamp_Back": [
    -1.3317513465881348,
    2.2328171730041504,
    5.545827388763428
  ],
  "Lamp_Fill": [
    -4.703065395355225,
    -4.282555103302002,
    2.7373244762420654
  ],
  "Camera": [
    7.91754150390625,
    -6.331509590148926,
    5.21621561050415
  ]
}