{
  "Lamp_Key": [
    5.942623138427734,
    -3.335282325744629,
    4.585944175720215
  ],
  "objects": [
    {
      "3d_coords": [
        -2.202903985977173,
        -0.6449377536773682,
        1.5
      ],
      "pixel_coords": [
        41,
        42,
        12.114151000976562
      ],
      "size": 1.5,
      "rotation": 0.0,
      "shape": "Sphere",
      "color": [
        1.0,
        0.0,
        0.0,
        1.0
      ],
      "material": "Rubber"
    },
    {
      "3d_coords": [
        1.6356415748596191,
        -2.1367342472076416,
        1.5
      ],
      "pixel_coords": [
        56,
        61,
        8.660440444946289
      ],
      "size": 1.5,
      "rotation": 0.0,
      "shape": "Sphere",
      "color": [
        0.0,
        0.0,
        1.0,
        1.0
      ],
      "material": "MyMetal"
    }
  ],
  "Camera": [
    7.8082756996154785,
    -6.9847517013549805,
    5.198514938354492
  ],
  "image_filename": "000013667217712764",
  "Lamp_Back": [
    -1.6742150783538818,
    2.2748613357543945,
    6.746755599975586
  ],
  "Lamp_Fill": [
    -4.430125713348389,
    -3.441105365753174,
    2.198739528656006
  ]
}