{
  "image_filename": "000010320319302744",
  "objects": [
    {
      "shape": "Suzanne",
      "size": 1.5,
      "material": "data/materials/PoliigonFabricDenim003.blend",
      "3d_coords": [
        -2.2196600437164307,
        -2.556276798248291,
        1.5
      ],
      "rotation": 0.0,
      "pixel_coords": [
        17,
        46,
        10.162026405334473
      ]
    },
    {
      "shape": "Suzanne",
      "size": 2.0,
      "material": "data/materials/PoliigonWoodFlooring061.blend",
      "3d_coords": [
        1.4482389688491821,
        -2.0813233852386475,
        2.0
      ],
      "rotation": 0.0,
      "pixel_coords": [
        52,
        55,
        7.741802215576172
      ]
    }
  ],
  "ground_material": "data/materials/PoliigonBricksFlemishRed001.blend",
  "Lamp_Key": [
    6.002592086791992,
    -2.1414618492126465,
    3.7080540657043457
  ],
  "Lamp_Back": [
    -0.9498539566993713,
    2.7555758953094482,
    5.73558235168457
  ],
  "Lamp_Fill": [
    -4.63567590713501,
    -4.7930684089660645,
    3.442073345184326
  ],
  "Camera": [
    7.213449001312256,
    -6.057389736175537,
    5.405083179473877
  ]
}