{
  "Lamp_Key": [
    7.076084613800049,
    -3.1363041400909424,
    5.165730953216553
  ],
  "Lamp_Fill": [
    -5.491679668426514,
    -3.227940320968628,
    2.6816604137420654
  ],
  "Camera": [
    7.977678298950195,
    -6.3502936363220215,
    5.759138584136963
  ],
  "objects": [
    {
      "3d_coords": [
        0.7050452828407288,
        -2.6936395168304443,
        1.5
      ],
      "material": "MyMetal",
      "pixel_coords": [
        38,
        61,
        9.031891822814941
      ],
      "shape": "SmoothCube_v2",
      "size": 1.5,
      "color": [
        1.0,
        0.0,
        0.0,
        1.0
      ],
      "rotation": 0.0
    },
    {
      "3d_coords": [
        -1.0249816179275513,
        2.1912710666656494,
        1.0
      ],
      "material": "Rubber",
      "pixel_coords": [
        75,
        43,
        13.105289459228516
      ],
      "shape": "SmoothCube_v2",
      "size": 1.0,
      "color": [
        0.0,
        1.0,
        1.0,
        1.0
      ],
      "rotation": 0.0
    }
  ],
  "Lamp_Back": [
    -1.3163275718688965,
    3.2128078937530518,
    6.0268754959106445
  ],
  "image_filename": "000011006769233024"
}