{
  "Camera": [
    7.779693603515625,
    -6.508636474609375,
    5.033928871154785
  ],
  "Lamp_Back": [
    -1.791284203529358,
    3.4649949073791504,
    6.493978500366211
  ],
  "image_filename": "000008873096386632",
  "Lamp_Fill": [
    -5.549890518188477,
    -4.977288246154785,
    2.8481571674346924
  ],
  "objects": [
    {
      "rotation": 0.0,
      "material": "MyMetal",
      "color": [
        1.0,
        1.0,
        0.0,
        1.0
      ],
      "pixel_coords": [
        32,
        64,
        9.028657913208008
      ],
      "3d_coords": [
        0.2742238938808441,
        -2.891725778579712,
        1.0
      ],
      "shape": "Sphere",
      "size": 1.0
    },
    {
      "rotation": 0.0,
      "material": "MyMetal",
      "color": [
        0.0,
        0.0,
        1.0,
        1.0
      ],
      "pixel_coords": [
        58,
        34,
        12.122075080871582
      ],
      "3d_coords": [
        -1.7531938552856445,
        0.8402687907218933,
        2.0
      ],
      "shape": "SmoothCube_v2",
      "size": 2.0
    }
  ],
  "Lamp_Key": [
    6.697962760925293,
    -3.592496871948242,
    3.4174387454986572
  ]
}