{
  "Camera": [
    7.557273864746094,
    -6.071798801422119,
    5.4212751388549805
  ],
  "Lamp_Fill": [
    -4.821327209472656,
    -4.948888301849365,
    3.798645496368408
  ],
  "Lamp_Back": [
    -0.5411433577537537,
    1.8424608707427979,
    5.987392902374268
  ],
  "objects": [
    {
      "rotation": 0.0,
      "color": [
        0.0,
        1.0,
        0.0,
        1.0
      ],
      "material": "MyMetal",
      "3d_coords": [
        0.011488942429423332,
        2.208753824234009,
        1.5
      ],
      "size": 1.5,
      "pixel_coords": [
        85,
        40,
        11.574655532836914
      ],
      "shape": "SmoothCylinder"
    },
    {
      "rotation": 0.0,
      "color": [
        0.0,
        0.0,
        1.0,
        1.0
      ],
      "material": "Rubber",
      "3d_coords": [
        1.1931521892547607,
        -1.372855544090271,
        2.0
      ],
      "size": 2.0,
      "pixel_coords": [
        59,
        50,
        8.568706512451172
      ],
      "shape": "Sphere"
    }
  ],
  "image_filename": "000000372777582583",
  "Lamp_Key": [
    6.927536964416504,
    -2.8741989135742188,
    3.621345281600952
  ]
}