{
  "image_filename": "000006245596266835",
  "objects": [
    {
      "shape": "Torus",
      "size": 1.0,
      "material": "data/materials/PoliigonWoodFlooring061.blend",
      "3d_coords": [
        -2.6130385398864746,
        0.9136672019958496,
        1.0
      ],
      "rotation": 0.0,
      "pixel_coords": [
        53,
        41,
        12.643986701965332
      ]
    },
    {
      "shape": "Icosahedron",
      "size": 2.0,
      "material": "data/materials/PoliigonFabricFleece001.blend",
      "3d_coords": [
        1.9264955520629883,
        -0.240713968873024,
        2.0
      ],
      "rotation": 0.0,
      "pixel_coords": [
        81,
        47,
        8.412155151367188
      ]
    }
  ],
  "ground_material": "data/materials/PoliigonBricksFlemishRed001.blend",
  "Lamp_Key": [
    5.481017112731934,
    -3.6940109729766846,
    4.919693470001221
  ],
  "Lamp_Back": [
    -2.0530130863189697,
    1.8272266387939453,
    6.785671234130859
  ],
  "Lamp_Fill": [
    -5.51922607421875,
    -4.3474345207214355,
    2.1808855533599854
  ],
  "Camera": [
    7.422118663787842,
    -6.099031925201416,
    4.896982192993164
  ]
}