{
  "image_filename": "00000010",
  "objects": [
    {
      "shape": "circle",
      "size": 0.425,
      "rotation": 0.0,
      "2d_coords": [
        0.7472181520456976,
        0.7931190356055918
      ],
      "color": [
        0,
        255,
        0
      ]
    },
    {
      "shape": "square",
      "size": 0.325,
      "rotation": 0.0,
      "2d_coords": [
        0.5974275792686117,
        0.5869898656655479
      ],
      "color": [
        0,
        127,
        255
      ]
    }
  ]
}