{
  "image_filename": "000008767588860277",
  "objects": [
    {
      "shape": "NewellTeapot",
      "size": 2.0,
      "material": "data/materials/PoliigonMetalSpottyDiscoloration001.blend",
      "3d_coords": [
        2.176323175430298,
        -0.5971755981445312,
        2.0
      ],
      "rotation": 0.0,
      "pixel_coords": [
        79,
        53,
        8.982370376586914
      ]
    },
    {
      "shape": "Suzanne",
      "size": 1.0,
      "material": "data/materials/PoliigonFabricDenim003.blend",
      "3d_coords": [
        -2.5811634063720703,
        -1.9615294933319092,
        1.0
      ],
      "rotation": 0.0,
      "pixel_coords": [
        27,
        50,
        11.874186515808105
      ]
    }
  ],
  "ground_material": "data/materials/PoliigonMetalSpottyDiscoloration001.blend",
  "Lamp_Key": [
    7.336280822753906,
    -2.4147610664367676,
    5.016327857971191
  ],
  "Lamp_Back": [
    -2.0362884998321533,
    1.8008408546447754,
    6.182914733886719
  ],
  "Lamp_Fill": [
    -5.652124881744385,
    -3.717419147491455,
    3.7444546222686768
  ],
  "Camera": [
    7.807661056518555,
    -6.580154895782471,
    5.819981575012207
  ]
}