{
  "image_filename": "00000082",
  "objects": [
    {
      "shape": "circle",
      "size": 0.425,
      "rotation": 0.0,
      "2d_coords": [
        0.24187646763527532,
        0.3446687346818482
      ],
      "color": [
        0,
        255,
        0
      ]
    },
    {
      "shape": "square",
      "size": 0.325,
      "rotation": 0.0,
      "2d_coords": [
        0.8135624889399506,
        0.5920454311528467
      ],
      "color": [
        0,
        127,
        255
      ]
    }
  ]
}