{
  "Lamp_Fill": [
    -4.433858394622803,
    -4.644491195678711,
    2.541325092315674
  ],
  "image_filename": "000005197553257476",
  "objects": [
    {
      "shape": "SmoothCylinder",
      "pixel_coords": [
        89,
        37,
        10.257497787475586
      ],
      "size": 2.0,
      "3d_coords": [
        0.8690055012702942,
        1.6874399185180664,
        2.0
      ],
      "color": [
        1.0,
        0.0,
        0.0,
        1.0
      ],
      "rotation": 0.0,
      "material": "MyMetal"
    },
    {
      "shape": "SmoothCube_v2",
      "pixel_coords": [
        48,
        67,
        7.5978169441223145
      ],
      "size": 1.5,
      "3d_coords": [
        1.6886985301971436,
        -2.540536403656006,
        1.5
      ],
      "color": [
        0.0,
        1.0,
        0.0,
        1.0
      ],
      "rotation": 0.0,
      "material": "MyMetal"
    }
  ],
  "Lamp_Back": [
    -0.5951617956161499,
    2.9101264476776123,
    5.662092685699463
  ],
  "Lamp_Key": [
    7.197784423828125,
    -2.498089075088501,
    3.6529810428619385
  ],
  "Camera": [
    7.262653827667236,
    -6.072308540344238,
    5.366926193237305
  ]
}