{
  "image_filename": "00000036",
  "objects": [
    {
      "shape": "star_4",
      "size": 0.125,
      "rotation": 0.0,
      "2d_coords": [
        0.3575283033782589,
        0.6586182340497166
      ],
      "color": [
        255,
        127,
        0
      ]
    },
    {
      "shape": "triangle",
      "size": 0.325,
      "rotation": 0.0,
      "2d_coords": [
        0.780633724643182,
        0.5323217598327905
      ],
      "color": [
        0,
        127,
        255
      ]
    }
  ]
}