{
  "Lamp_Back": [
    -1.0825146436691284,
    2.2981796264648438,
    5.849152565002441
  ],
  "objects": [
    {
      "pixel_coords": [
        58,
        37,
        12.583883285522461
      ],
      "shape": "SmoothCube_v2",
      "color": [
        1.0,
        0.0,
        1.0,
        1.0
      ],
      "material": "Rubber",
      "size": 1.5,
      "3d_coords": [
        -2.171940326690674,
        1.0325186252593994,
        1.5
      ],
      "rotation": 0.0
    },
    {
      "pixel_coords": [
        67,
        65,
        7.862581253051758
      ],
      "shape": "SmoothCube_v2",
      "color": [
        1.0,
        0.0,
        1.0,
        1.0
      ],
      "material": "Rubber",
      "size": 1.5,
      "3d_coords": [
        2.450035333633423,
        -1.6837860345840454,
        1.5
      ],
      "rotation": 0.0
    }
  ],
  "Lamp_Fill": [
    -4.221498489379883,
    -4.7938642501831055,
    2.4066317081451416
  ],
  "Camera": [
    7.8711771965026855,
    -6.053638458251953,
    5.155462741851807
  ],
  "image_filename": "000008437960450106",
  "Lamp_Key": [
    6.337551593780518,
    -3.1774425506591797,
    4.16943883895874
  ]
}