{
  "image_filename": "00000056",
  "objects": [
    {
      "shape": "circle",
      "size": 0.325,
      "rotation": 0.0,
      "2d_coords": [
        0.47261209026385365,
        0.4634276099554585
      ],
      "color": [
        0,
        255,
        0
      ]
    },
    {
      "shape": "circle",
      "size": 0.225,
      "rotation": 0.0,
      "2d_coords": [
        0.3787156771359167,
        0.7817018110548389
      ],
      "color": [
        0,
        255,
        0
      ]
    }
  ]
}