{
  "Lamp_Key": [
    6.196752071380615,
    -3.537986993789673,
    3.5216188430786133
  ],
  "objects": [
    {
      "shape": "SmoothCube_v2",
      "color": [
        0.0,
        1.0,
        0.0,
        1.0
      ],
      "material": "MyMetal",
      "rotation": 0.0,
      "3d_coords": [
        -1.2954092025756836,
        1.2899025678634644,
        1.5
      ],
      "size": 1.5,
      "pixel_coords": [
        65,
        40,
        12.414108276367188
      ]
    },
    {
      "shape": "Suzanne",
      "color": [
        1.0,
        0.0,
        1.0,
        1.0
      ],
      "material": "MyMetal",
      "rotation": 0.0,
      "3d_coords": [
        0.901020348072052,
        -0.6481058597564697,
        1.0
      ],
      "size": 1.0,
      "pixel_coords": [
        66,
        59,
        10.041099548339844
      ]
    }
  ],
  "Lamp_Back": [
    -0.9086184501647949,
    2.7637505531311035,
    5.120941162109375
  ],
  "Camera": [
    7.570137977600098,
    -6.836328029632568,
    5.267756462097168
  ],
  "Lamp_Fill": [
    -3.940220832824707,
    -4.781166076660156,
    2.259361982345581
  ],
  "image_filename": "000016546452497790"
}