{
  "Camera": [
    7.152949810028076,
    -6.550313949584961,
    5.603267192840576
  ],
  "Lamp_Fill": [
    -4.25691032409668,
    -3.134066581726074,
    2.1286275386810303
  ],
  "objects": [
    {
      "size": 1.5,
      "3d_coords": [
        2.939016342163086,
        1.0462141036987305,
        1.5
      ],
      "color": [
        1.0,
        0.0,
        0.0,
        1.0
      ],
      "pixel_coords": [
        106,
        55,
        9.18588924407959
      ],
      "material": "MyMetal",
      "rotation": 0.0,
      "shape": "Sphere"
    },
    {
      "size": 1.5,
      "3d_coords": [
        -2.057248830795288,
        0.793757975101471,
        1.5
      ],
      "color": [
        1.0,
        0.0,
        1.0,
        1.0
      ],
      "pixel_coords": [
        55,
        37,
        12.228797912597656
      ],
      "material": "Rubber",
      "rotation": 0.0,
      "shape": "Suzanne"
    }
  ],
  "Lamp_Key": [
    6.759018421173096,
    -3.4813504219055176,
    3.603217363357544
  ],
  "image_filename": "000015712794474450",
  "Lamp_Back": [
    -0.6557828783988953,
    1.8841732740402222,
    6.593689441680908
  ]
}