{
  "image_filename": "000003309146393631",
  "objects": [
    {
      "shape": "NewellTeapot",
      "size": 1.0,
      "material": "data/materials/PoliigonChainmailCopperRoundedThin001.blend",
      "3d_coords": [
        2.927832841873169,
        -0.9922055602073669,
        1.0
      ],
      "rotation": 0.0,
      "pixel_coords": [
        84,
        71,
        8.69791030883789
      ]
    },
    {
      "shape": "Cone",
      "size": 1.0,
      "material": "data/materials/PoliigonBricksPaintedWhite001.blend",
      "3d_coords": [
        0.9518407583236694,
        2.8614399433135986,
        1.0
      ],
      "rotation": 0.0,
      "pixel_coords": [
        95,
        47,
        12.289238929748535
      ]
    }
  ],
  "ground_material": "data/materials/PoliigonFabricDenim003.blend",
  "Lamp_Key": [
    7.233961582183838,
    -2.300758123397827,
    3.560542345046997
  ],
  "Lamp_Back": [
    -2.007465362548828,
    3.4345569610595703,
    5.9131598472595215
  ],
  "Lamp_Fill": [
    -5.4514384269714355,
    -4.593286991119385,
    3.9316093921661377
  ],
  "Camera": [
    7.61594820022583,
    -6.968326568603516,
    5.4382734298706055
  ]
}