{
  "Lamp_Fill": [
    -3.9561750888824463,
    -3.0221481323242188,
    2.2678604125976562
  ],
  "Lamp_Back": [
    -0.9920317530632019,
    3.2622663974761963,
    5.631308078765869
  ],
  "Lamp_Key": [
    5.478360176086426,
    -3.8666279315948486,
    4.711097717285156
  ],
  "Camera": [
    7.852157115936279,
    -6.072906970977783,
    4.85827112197876
  ],
  "objects": [
    {
      "material": "MyMetal",
      "size": 1.0,
      "3d_coords": [
        2.472059726715088,
        2.8260934352874756,
        1.0
      ],
      "pixel_coords": [
        114,
        53,
        10.4086275100708
      ],
      "shape": "Suzanne",
      "color": [
        1.0,
        0.0,
        1.0,
        1.0
      ],
      "rotation": 0.0
    },
    {
      "material": "MyMetal",
      "size": 1.5,
      "3d_coords": [
        -0.21552622318267822,
        -0.3208220899105072,
        1.5
      ],
      "pixel_coords": [
        59,
        46,
        10.369112014770508
      ],
      "shape": "Suzanne",
      "color": [
        0.0,
        1.0,
        1.0,
        1.0
      ],
      "rotation": 0.0
    }
  ],
  "image_filename": "000001826789959551"
}