{
  "image_filename": "000008078227158840",
  "objects": [
    {
      "shape": "Cylinder",
      "size": 1.5,
      "material": "data/materials/PoliigonFabricFleece001.blend",
      "3d_coords": [
        -1.1521110534667969,
        2.302490472793579,
        1.5
      ],
      "rotation": 0.0,
      "pixel_coords": [
        75,
        38,
        12.857134819030762
      ]
    },
    {
      "shape": "Cylinder",
      "size": 1.0,
      "material": "data/materials/PoliigonRoofTilesTerracotta004.blend",
      "3d_coords": [
        1.525657057762146,
        -2.789184093475342,
        1.0
      ],
      "rotation": 0.0,
      "pixel_coords": [
        44,
        72,
        8.385865211486816
      ]
    }
  ],
  "ground_material": "data/materials/PoliigonWoodFlooring061.blend",
  "Lamp_Key": [
    5.796614170074463,
    -2.9517273902893066,
    4.627852439880371
  ],
  "Lamp_Back": [
    -0.5601479411125183,
    3.6270110607147217,
    6.484519958496094
  ],
  "Lamp_Fill": [
    -4.683716297149658,
    -4.315471172332764,
    3.0239861011505127
  ],
  "Camera": [
    7.80557107925415,
    -6.489564895629883,
    5.335958480834961
  ]
}