{
  "image_filename": "000007268452353257",
  "objects": [
    {
      "shape": "Cube",
      "size": 2.0,
      "material": "data/materials/PoliigonWoodFlooring061.blend",
      "3d_coords": [
        0.6095180511474609,
        -1.3571560382843018,
        2.0
      ],
      "rotation": 0.0,
      "pixel_coords": [
        55,
        46,
        9.025830268859863
      ]
    },
    {
      "shape": "Cube",
      "size": 1.5,
      "material": "data/materials/PoliigonFabricFleece001.blend",
      "3d_coords": [
        1.531701683998108,
        2.664771556854248,
        1.5
      ],
      "rotation": 0.0,
      "pixel_coords": [
        102,
        43,
        11.111241340637207
      ]
    }
  ],
  "ground_material": "data/materials/PoliigonWoodFlooring061.blend",
  "Lamp_Key": [
    5.834634780883789,
    -3.4246089458465576,
    5.055899620056152
  ],
  "Lamp_Back": [
    -2.092968463897705,
    1.7435574531555176,
    4.886541843414307
  ],
  "Lamp_Fill": [
    -5.5482025146484375,
    -3.118985176086426,
    3.095947742462158
  ],
  "Camera": [
    7.218423843383789,
    -6.80767297744751,
    5.117729187011719
  ]
}