{
  "objects": [
    {
      "color": [
        1.0,
        1.0,
        0.0,
        1.0
      ],
      "shape": "Suzanne",
      "rotation": 0.0,
      "3d_coords": [
        2.5354573726654053,
        -1.23135507106781,
        2.0
      ],
      "material": "MyMetal",
      "pixel_coords": [
        77,
        58,
        7.483977317810059
      ],
      "size": 2.0
    },
    {
      "color": [
        1.0,
        0.0,
        0.0,
        1.0
      ],
      "shape": "Suzanne",
      "rotation": 0.0,
      "3d_coords": [
        2.845327854156494,
        2.9485156536102295,
        1.5
      ],
      "material": "Rubber",
      "pixel_coords": [
        122,
        47,
        9.870302200317383
      ],
      "size": 1.5
    }
  ],
  "Lamp_Fill": [
    -4.866413593292236,
    -3.3965957164764404,
    3.130615472793579
  ],
  "Lamp_Key": [
    6.34960412979126,
    -3.0808181762695312,
    4.457289695739746
  ],
  "Camera": [
    7.131877422332764,
    -6.0672078132629395,
    5.480679988861084
  ],
  "Lamp_Back": [
    -2.077887535095215,
    2.0354928970336914,
    5.386666774749756
  ],
  "image_filename": "000010246772587898"
}