{
  "Lamp_Back": [
    -1.5476154088974,
    2.7739808559417725,
    4.857265949249268
  ],
  "Lamp_Key": [
    5.525265693664551,
    -2.7152063846588135,
    4.429877281188965
  ],
  "image_filename": "000006285768282922",
  "Camera": [
    7.775749206542969,
    -6.72340202331543,
    5.700693130493164
  ],
  "Lamp_Fill": [
    -4.6936163902282715,
    -4.74879264831543,
    3.88533878326416
  ],
  "objects": [
    {
      "material": "MyMetal",
      "rotation": 0.0,
      "color": [
        0.0,
        1.0,
        0.0,
        1.0
      ],
      "shape": "SmoothCylinder",
      "3d_coords": [
        -0.9343606233596802,
        -0.2500624656677246,
        1.5
      ],
      "size": 1.5,
      "pixel_coords": [
        54,
        45,
        11.50191879272461
      ]
    },
    {
      "material": "Rubber",
      "rotation": 0.0,
      "color": [
        0.0,
        0.0,
        1.0,
        1.0
      ],
      "shape": "Sphere",
      "3d_coords": [
        0.9829372763633728,
        2.894723892211914,
        2.0
      ],
      "size": 2.0,
      "pixel_coords": [
        98,
        37,
        11.789888381958008
      ]
    }
  ]
}