{
  "image_filename": "000000291738186606",
  "objects": [
    {
      "shape": "Cube",
      "size": 1.0,
      "material": "data/materials/PoliigonWoodFlooring061.blend",
      "3d_coords": [
        2.6839897632598877,
        1.2387986183166504,
        1.0
      ],
      "rotation": 0.0,
      "pixel_coords": [
        103,
        59,
        9.609126091003418
      ]
    },
    {
      "shape": "Torus",
      "size": 1.5,
      "material": "data/materials/PoliigonBricksPaintedWhite001.blend",
      "3d_coords": [
        -2.1795220375061035,
        -1.787821888923645,
        1.5
      ],
      "rotation": 0.0,
      "pixel_coords": [
        28,
        44,
        10.899933815002441
      ]
    }
  ],
  "ground_material": "data/materials/PoliigonWoodFlooring061.blend",
  "Lamp_Key": [
    6.213557243347168,
    -2.131617784500122,
    4.944195747375488
  ],
  "Lamp_Back": [
    -0.4148930609226227,
    2.7303555011749268,
    4.8367509841918945
  ],
  "Lamp_Fill": [
    -5.0331010818481445,
    -4.694897174835205,
    2.2746012210845947
  ],
  "Camera": [
    7.508322715759277,
    -6.455721855163574,
    5.146125316619873
  ]
}