{
  "Camera": [
    7.865488529205322,
    -6.970553874969482,
    5.59431266784668
  ],
  "objects": [
    {
      "3d_coords": [
        -1.4603426456451416,
        0.24215131998062134,
        1.5
      ],
      "shape": "Sphere",
      "rotation": 0.0,
      "pixel_coords": [
        55,
        42,
        12.307631492614746
      ],
      "size": 1.5,
      "color": [
        1.0,
        1.0,
        0.0,
        1.0
      ],
      "material": "MyMetal"
    },
    {
      "3d_coords": [
        2.5631051063537598,
        1.6974934339523315,
        1.5
      ],
      "shape": "Sphere",
      "rotation": 0.0,
      "pixel_coords": [
        104,
        51,
        10.501651763916016
      ],
      "size": 1.5,
      "color": [
        0.0,
        1.0,
        0.0,
        1.0
      ],
      "material": "MyMetal"
    }
  ],
  "Lamp_Key": [
    7.430508136749268,
    -3.6449904441833496,
    3.669785976409912
  ],
  "Lamp_Back": [
    -1.4273464679718018,
    3.2135419845581055,
    5.9388427734375
  ],
  "image_filename": "000008371883662099",
  "Lamp_Fill": [
    -5.630969047546387,
    -4.921696662902832,
    2.6870224475860596
  ]
}