{
  "Lamp_Key": [
    6.6672258377075195,
    -3.1061534881591797,
    3.5010762214660645
  ],
  "image_filename": "000008013165839917",
  "objects": [
    {
      "size": 2.0,
      "rotation": 0.0,
      "3d_coords": [
        2.7475712299346924,
        2.898362874984741,
        2.0
      ],
      "color": [
        0.0,
        1.0,
        1.0,
        1.0
      ],
      "material": "Rubber",
      "pixel_coords": [
        118,
        42,
        10.27993106842041
      ],
      "shape": "Suzanne"
    },
    {
      "size": 2.0,
      "rotation": 0.0,
      "3d_coords": [
        1.2362499237060547,
        -0.9528728127479553,
        2.0
      ],
      "color": [
        1.0,
        1.0,
        0.0,
        1.0
      ],
      "material": "MyMetal",
      "pixel_coords": [
        65,
        48,
        9.170707702636719
      ],
      "shape": "Sphere"
    }
  ],
  "Lamp_Fill": [
    -5.526851177215576,
    -4.285783767700195,
    2.9149646759033203
  ],
  "Camera": [
    7.951557159423828,
    -6.423467636108398,
    5.19943904876709
  ],
  "Lamp_Back": [
    -1.121414303779602,
    3.031489849090576,
    6.010522842407227
  ]
}