{
  "objects": [
    {
      "color": [
        0.0,
        1.0,
        1.0,
        1.0
      ],
      "material": "Rubber",
      "size": 1.5,
      "shape": "SmoothCylinder",
      "rotation": 0.0,
      "3d_coords": [
        2.1398701667785645,
        2.1210415363311768,
        1.5
      ],
      "pixel_coords": [
        104,
        47,
        10.429483413696289
      ]
    },
    {
      "color": [
        0.0,
        1.0,
        0.0,
        1.0
      ],
      "material": "Rubber",
      "size": 1.0,
      "shape": "Suzanne",
      "rotation": 0.0,
      "3d_coords": [
        0.970744252204895,
        -1.6479727029800415,
        1.0
      ],
      "pixel_coords": [
        55,
        64,
        9.191720008850098
      ]
    }
  ],
  "Camera": [
    7.390290260314941,
    -6.692502498626709,
    5.260953903198242
  ],
  "Lamp_Fill": [
    -4.34432315826416,
    -3.884174346923828,
    2.9479148387908936
  ],
  "Lamp_Back": [
    -1.328366756439209,
    2.6963179111480713,
    6.442927837371826
  ],
  "Lamp_Key": [
    6.09439754486084,
    -3.160456657409668,
    4.270336151123047
  ],
  "image_filename": "000003240869017669"
}