{
  "image_filename": "000013991575206955",
  "objects": [
    {
      "shape": "Cone",
      "size": 1.0,
      "material": "data/materials/PoliigonBricksFlemishRed001.blend",
      "3d_coords": [
        2.9064910411834717,
        0.5316617488861084,
        1.0
      ],
      "rotation": 0.0,
      "pixel_coords": [
        100,
        62,
        9.195104598999023
      ]
    },
    {
      "shape": "Cylinder",
      "size": 2.0,
      "material": "data/materials/PoliigonChainmailCopperRoundedThin001.blend",
      "3d_coords": [
        -2.7450056076049805,
        0.9714681506156921,
        2.0
      ],
      "rotation": 0.0,
      "pixel_coords": [
        52,
        31,
        12.779603004455566
      ]
    }
  ],
  "ground_material": "data/materials/PoliigonRoofTilesTerracotta004.blend",
  "Lamp_Key": [
    5.731230735778809,
    -3.901136875152588,
    3.4367661476135254
  ],
  "Lamp_Back": [
    -1.6607134342193604,
    3.250332832336426,
    6.779623031616211
  ],
  "Lamp_Fill": [
    -5.526614665985107,
    -4.420445919036865,
    2.91072416305542
  ],
  "Camera": [
    7.4866509437561035,
    -6.773893356323242,
    4.963258743286133
  ]
}