{
  "Camera": [
    7.711998462677002,
    -6.378586292266846,
    5.238117694854736
  ],
  "Lamp_Key": [
    6.599079132080078,
    -3.0305683612823486,
    4.4994964599609375
  ],
  "Lamp_Fill": [
    -3.9083375930786133,
    -4.985945701599121,
    3.8551414012908936
  ],
  "objects": [
    {
      "3d_coords": [
        2.364304542541504,
        -0.5718271136283875,
        1.0
      ],
      "color": [
        1.0,
        1.0,
        0.0,
        1.0
      ],
      "size": 1.0,
      "material": "MyMetal",
      "shape": "Suzanne",
      "pixel_coords": [
        81,
        66,
        8.895207405090332
      ],
      "rotation": 0.0
    },
    {
      "3d_coords": [
        -2.3072123527526855,
        -0.21102109551429749,
        1.5
      ],
      "color": [
        0.0,
        0.0,
        1.0,
        1.0
      ],
      "size": 1.5,
      "material": "Rubber",
      "shape": "Sphere",
      "pixel_coords": [
        45,
        40,
        12.056428909301758
      ],
      "rotation": 0.0
    }
  ],
  "image_filename": "000008522251560432",
  "Lamp_Back": [
    -1.844458818435669,
    2.0755279064178467,
    6.734309196472168
  ]
}