{
  "Lamp_Key": [
    7.040154457092285,
    -2.518475294113159,
    3.4685633182525635
  ],
  "Lamp_Fill": [
    -5.440946578979492,
    -3.7435953617095947,
    2.903249740600586
  ],
  "objects": [
    {
      "pixel_coords": [
        89,
        67,
        9.239084243774414
      ],
      "shape": "Sphere",
      "3d_coords": [
        2.719432830810547,
        -0.07971656322479248,
        1.0
      ],
      "material": "Rubber",
      "color": [
        1.0,
        0.0,
        0.0,
        1.0
      ],
      "size": 1.0,
      "rotation": 0.0
    },
    {
      "pixel_coords": [
        53,
        39,
        12.522809028625488
      ],
      "shape": "Sphere",
      "3d_coords": [
        -2.1130855083465576,
        0.46470585465431213,
        1.5
      ],
      "material": "Rubber",
      "color": [
        0.0,
        1.0,
        1.0,
        1.0
      ],
      "size": 1.5,
      "rotation": 0.0
    }
  ],
  "Lamp_Back": [
    -1.3593194484710693,
    2.82332444190979,
    5.0020270347595215
  ],
  "image_filename": "000002715848160190",
  "Camera": [
    7.749775409698486,
    -6.432713508605957,
    5.747714996337891
  ]
}