{
  "Lamp_Key": [
    5.52888822555542,
    -3.688347578048706,
    4.942416667938232
  ],
  "Lamp_Fill": [
    -5.3180670738220215,
    -3.2637739181518555,
    2.4510726928710938
  ],
  "Camera": [
    7.216048240661621,
    -6.806166648864746,
    5.572692394256592
  ],
  "Lamp_Back": [
    -1.6075900793075562,
    3.0248730182647705,
    5.8476972579956055
  ],
  "objects": [
    {
      "shape": "SmoothCube_v2",
      "size": 1.0,
      "color": [
        0.0,
        1.0,
        1.0,
        1.0
      ],
      "pixel_coords": [
        47,
        43,
        12.70751953125
      ],
      "rotation": 0.0,
      "3d_coords": [
        -2.5859625339508057,
        0.3002292811870575,
        1.0
      ],
      "material": "MyMetal"
    },
    {
      "shape": "SmoothCube_v2",
      "size": 1.5,
      "color": [
        0.0,
        1.0,
        0.0,
        1.0
      ],
      "pixel_coords": [
        71,
        44,
        11.141040802001953
      ],
      "rotation": 0.0,
      "3d_coords": [
        -0.053369585424661636,
        0.7761006951332092,
        1.5
      ],
      "material": "MyMetal"
    }
  ],
  "image_filename": "000010765465309359"
}