{
  "Lamp_Fill": [
    -5.577681064605713,
    -4.859761714935303,
    2.909592628479004
  ],
  "Lamp_Back": [
    -0.3633285164833069,
    1.9168338775634766,
    5.250338077545166
  ],
  "Lamp_Key": [
    5.63101053237915,
    -3.096545934677124,
    5.07413387298584
  ],
  "Camera": [
    7.906574726104736,
    -6.458855152130127,
    4.85791015625
  ],
  "objects": [
    {
      "material": "MyMetal",
      "color": [
        0.0,
        0.0,
        1.0,
        1.0
      ],
      "shape": "SmoothCylinder",
      "pixel_coords": [
        102,
        48,
        10.260432243347168
      ],
      "size": 1.5,
      "rotation": 0.0,
      "3d_coords": [
        2.0982892513275146,
        1.8662077188491821,
        1.5
      ]
    },
    {
      "material": "Rubber",
      "color": [
        0.0,
        0.0,
        1.0,
        1.0
      ],
      "shape": "SmoothCylinder",
      "pixel_coords": [
        63,
        39,
        12.656461715698242
      ],
      "size": 1.5,
      "rotation": 0.0,
      "3d_coords": [
        -1.760794997215271,
        1.336366891860962,
        1.5
      ]
    }
  ],
  "image_filename": "000013209904761524"
}