{
  "Camera": [
    7.656766891479492,
    -6.061529636383057,
    4.907710075378418
  ],
  "image_filename": "000006640310658668",
  "Lamp_Back": [
    -0.7304395437240601,
    1.8447859287261963,
    5.558773517608643
  ],
  "Lamp_Fill": [
    -4.707700252532959,
    -4.767897605895996,
    3.176633834838867
  ],
  "objects": [
    {
      "material": "MyMetal",
      "shape": "Sphere",
      "pixel_coords": [
        76,
        58,
        8.306780815124512
      ],
      "rotation": 0.0,
      "color": [
        0.0,
        1.0,
        0.0,
        1.0
      ],
      "3d_coords": [
        2.167267322540283,
        -0.776885449886322,
        1.5
      ],
      "size": 1.5
    },
    {
      "material": "Rubber",
      "shape": "SmoothCube_v2",
      "pixel_coords": [
        71,
        42,
        11.149006843566895
      ],
      "rotation": 0.0,
      "color": [
        1.0,
        0.0,
        0.0,
        1.0
      ],
      "3d_coords": [
        -0.42411816120147705,
        1.0745376348495483,
        1.5
      ],
      "size": 1.5
    }
  ],
  "Lamp_Key": [
    5.980246543884277,
    -3.822484016418457,
    4.896603107452393
  ]
}