{
  "image_filename": "00000015",
  "objects": [
    {
      "shape": "star_4",
      "size": 0.325,
      "rotation": 0.0,
      "2d_coords": [
        0.6206778702940745,
        0.32485855878549147
      ],
      "color": [
        255,
        0,
        255
      ]
    },
    {
      "shape": "star_4",
      "size": 0.125,
      "rotation": 0.0,
      "2d_coords": [
        0.06858589951915582,
        0.7325407884525273
      ],
      "color": [
        255,
        0,
        255
      ]
    }
  ]
}