{
  "objects": [
    {
      "pixel_coords": [
        112,
        40,
        10.158174514770508
      ],
      "shape": "Sphere",
      "3d_coords": [
        2.482391834259033,
        2.420361042022705,
        2.0
      ],
      "size": 2.0,
      "color": [
        0.0,
        0.0,
        1.0,
        1.0
      ],
      "rotation": 0.0,
      "material": "MyMetal"
    },
    {
      "pixel_coords": [
        67,
        73,
        7.899674415588379
      ],
      "shape": "SmoothCube_v2",
      "3d_coords": [
        2.4131455421447754,
        -2.048644542694092,
        1.0
      ],
      "size": 1.0,
      "color": [
        1.0,
        0.0,
        1.0,
        1.0
      ],
      "rotation": 0.0,
      "material": "Rubber"
    }
  ],
  "Camera": [
    7.348687171936035,
    -6.859137058258057,
    4.893813610076904
  ],
  "image_filename": "000002328285744525",
  "Lamp_Key": [
    6.899853706359863,
    -1.923554539680481,
    4.786134719848633
  ],
  "Lamp_Back": [
    -1.9162462949752808,
    1.7538535594940186,
    5.7715349197387695
  ],
  "Lamp_Fill": [
    -5.2068586349487305,
    -4.50927734375,
    3.9389641284942627
  ]
}