{
  "image_filename": "000005382338627924",
  "objects": [
    {
      "shape": "Cylinder",
      "size": 1.0,
      "material": "data/materials/PoliigonChainmailCopperRoundedThin001.blend",
      "3d_coords": [
        2.3057775497436523,
        2.4828574657440186,
        1.0
      ],
      "rotation": 0.0,
      "pixel_coords": [
        109,
        53,
        10.574409484863281
      ]
    },
    {
      "shape": "Cone",
      "size": 1.5,
      "material": "data/materials/PoliigonBricksFlemishRed001.blend",
      "3d_coords": [
        -0.4054703712463379,
        2.0845048427581787,
        1.5
      ],
      "rotation": 0.0,
      "pixel_coords": [
        79,
        39,
        11.942066192626953
      ]
    }
  ],
  "ground_material": "data/materials/PoliigonRoofTilesTerracotta004.blend",
  "Lamp_Key": [
    6.887148380279541,
    -3.6440250873565674,
    3.3600594997406006
  ],
  "Lamp_Back": [
    -0.946829617023468,
    3.398428201675415,
    4.950595378875732
  ],
  "Lamp_Fill": [
    -4.715226173400879,
    -4.298501014709473,
    3.321945905685425
  ],
  "Camera": [
    7.490717887878418,
    -6.522668361663818,
    5.002175331115723
  ]
}