{
  "image_filename": "00000011",
  "objects": [
    {
      "shape": "circle",
      "size": 0.325,
      "rotation": 0.0,
      "2d_coords": [
        0.7296854313526747,
        0.702830512758507
      ],
      "color": [
        0,
        255,
        0
      ]
    },
    {
      "shape": "triangle",
      "size": 0.325,
      "rotation": 0.0,
      "2d_coords": [
        0.551134546574799,
        0.43131563994723976
      ],
      "color": [
        255,
        0,
        255
      ]
    }
  ]
}