{
  "Lamp_Back": [
    -0.823639988899231,
    1.959828495979309,
    5.421426773071289
  ],
  "image_filename": "000014697017926865",
  "Lamp_Key": [
    6.668575286865234,
    -2.927450180053711,
    4.959993362426758
  ],
  "Lamp_Fill": [
    -3.736086845397949,
    -4.86767578125,
    3.1827077865600586
  ],
  "objects": [
    {
      "3d_coords": [
        -1.6981486082077026,
        -2.1255993843078613,
        2.0
      ],
      "color": [
        1.0,
        0.0,
        0.0,
        1.0
      ],
      "rotation": 0.0,
      "material": "MyMetal",
      "shape": "Suzanne",
      "pixel_coords": [
        28,
        41,
        10.618304252624512
      ],
      "size": 2.0
    },
    {
      "3d_coords": [
        1.351779818534851,
        -2.0684921741485596,
        1.0
      ],
      "color": [
        0.0,
        1.0,
        1.0,
        1.0
      ],
      "rotation": 0.0,
      "material": "MyMetal",
      "shape": "Suzanne",
      "pixel_coords": [
        54,
        66,
        9.027534484863281
      ],
      "size": 1.0
    }
  ],
  "Camera": [
    7.8397216796875,
    -6.909822940826416,
    5.051665306091309
  ]
}