{
  "Lamp_Back": [
    -1.1127216815948486,
    3.5406112670898438,
    6.540618896484375
  ],
  "image_filename": "000000163683457700",
  "Lamp_Fill": [
    -4.422100067138672,
    -4.145239353179932,
    2.988391876220703
  ],
  "objects": [
    {
      "3d_coords": [
        -1.8369420766830444,
        -2.0537166595458984,
        1.0
      ],
      "size": 1.0,
      "color": [
        1.0,
        0.0,
        1.0,
        1.0
      ],
      "rotation": 0.0,
      "pixel_coords": [
        29,
        53,
        10.97140884399414
      ],
      "material": "Rubber",
      "shape": "Sphere"
    },
    {
      "3d_coords": [
        0.8367055058479309,
        -0.5806477665901184,
        2.0
      ],
      "size": 2.0,
      "color": [
        1.0,
        1.0,
        0.0,
        1.0
      ],
      "rotation": 0.0,
      "pixel_coords": [
        66,
        44,
        9.620661735534668
      ],
      "material": "MyMetal",
      "shape": "Sphere"
    }
  ],
  "Lamp_Key": [
    6.382026195526123,
    -2.878514528274536,
    4.1075439453125
  ],
  "Camera": [
    7.651072025299072,
    -6.822818756103516,
    5.001026153564453
  ]
}