{
  "image_filename": "000010629034822136",
  "objects": [
    {
      "shape": "Cone",
      "size": 1.5,
      "material": "data/materials/PoliigonBricksFlemishRed001.blend",
      "3d_coords": [
        -1.2565997838974,
        1.9470099210739136,
        1.5
      ],
      "rotation": 0.0,
      "pixel_coords": [
        72,
        38,
        12.794065475463867
      ]
    },
    {
      "shape": "Icosahedron",
      "size": 1.0,
      "material": "data/materials/PoliigonFabricFleece001.blend",
      "3d_coords": [
        2.1467106342315674,
        1.4512475728988647,
        1.0
      ],
      "rotation": 0.0,
      "pixel_coords": [
        97,
        57,
        10.413370132446289
      ]
    }
  ],
  "ground_material": "data/materials/PoliigonFabricFleece001.blend",
  "Lamp_Key": [
    5.496393203735352,
    -2.828315019607544,
    3.8100132942199707
  ],
  "Lamp_Back": [
    -1.04104483127594,
    3.16079044342041,
    6.137260913848877
  ],
  "Lamp_Fill": [
    -4.149120330810547,
    -3.7400600910186768,
    2.796919345855713
  ],
  "Camera": [
    7.930959224700928,
    -6.433274269104004,
    5.387129783630371
  ]
}