{
  "Lamp_Fill": [
    -5.165576934814453,
    -4.876802921295166,
    2.4053122997283936
  ],
  "Camera": [
    7.830903053283691,
    -6.475771903991699,
    5.4795098304748535
  ],
  "objects": [
    {
      "pixel_coords": [
        61,
        61,
        7.627722263336182
      ],
      "3d_coords": [
        2.489405870437622,
        -2.2807207107543945,
        2.0
      ],
      "material": "MyMetal",
      "rotation": 0.0,
      "shape": "Sphere",
      "color": [
        1.0,
        1.0,
        0.0,
        1.0
      ],
      "size": 2.0
    },
    {
      "pixel_coords": [
        114,
        44,
        9.925244331359863
      ],
      "3d_coords": [
        2.8563735485076904,
        2.2590086460113525,
        2.0
      ],
      "material": "Rubber",
      "rotation": 0.0,
      "shape": "SmoothCube_v2",
      "color": [
        0.0,
        1.0,
        0.0,
        1.0
      ],
      "size": 2.0
    }
  ],
  "Lamp_Key": [
    6.458590507507324,
    -3.1373825073242188,
    3.806518077850342
  ],
  "image_filename": "000006884941409572",
  "Lamp_Back": [
    -0.41876301169395447,
    2.2806341648101807,
    6.548486232757568
  ]
}