{
  "Camera": [
    7.233736515045166,
    -6.177251815795898,
    5.516783714294434
  ],
  "Lamp_Key": [
    6.402580261230469,
    -2.3570809364318848,
    5.172630310058594
  ],
  "Lamp_Back": [
    -1.550184726715088,
    2.0628626346588135,
    6.4697585105896
  ],
  "image_filename": "000006302085490597",
  "objects": [
    {
      "rotation": 0.0,
      "3d_coords": [
        -2.616995096206665,
        2.9648194313049316,
        2.0
      ],
      "color": [
        1.0,
        1.0,
        0.0,
        1.0
      ],
      "shape": "Sphere",
      "size": 2.0,
      "pixel_coords": [
        70,
        25,
        13.380026817321777
      ],
      "material": "MyMetal"
    },
    {
      "rotation": 0.0,
      "3d_coords": [
        2.5389177799224854,
        2.408172607421875,
        2.0
      ],
      "color": [
        0.0,
        0.0,
        1.0,
        1.0
      ],
      "shape": "SmoothCylinder",
      "size": 2.0,
      "pixel_coords": [
        114,
        42,
        9.675619125366211
      ],
      "material": "Rubber"
    }
  ],
  "Lamp_Fill": [
    -5.100090026855469,
    -4.094534873962402,
    2.2757327556610107
  ]
}