{
  "image_filename": "000014482370510370",
  "objects": [
    {
      "shape": "Cylinder",
      "size": 1.5,
      "material": "data/materials/PoliigonRoofTilesTerracotta004.blend",
      "3d_coords": [
        -0.6637747287750244,
        1.4788898229599,
        1.5
      ],
      "rotation": 0.0,
      "pixel_coords": [
        73,
        39,
        11.29614543914795
      ]
    },
    {
      "shape": "Icosahedron",
      "size": 1.5,
      "material": "data/materials/PoliigonMetalSpottyDiscoloration001.blend",
      "3d_coords": [
        2.939758062362671,
        1.6167597770690918,
        1.5
      ],
      "rotation": 0.0,
      "pixel_coords": [
        113,
        52,
        8.961362838745117
      ]
    }
  ],
  "ground_material": "data/materials/PoliigonRoofTilesTerracotta004.blend",
  "Lamp_Key": [
    6.300467491149902,
    -2.9653773307800293,
    3.4572112560272217
  ],
  "Lamp_Back": [
    -0.9362215995788574,
    3.644824981689453,
    6.4014482498168945
  ],
  "Lamp_Fill": [
    -4.625123023986816,
    -4.547211170196533,
    2.2007813453674316
  ],
  "Camera": [
    7.169861793518066,
    -6.164910793304443,
    5.011994361877441
  ]
}