{
  "image_filename": "00000099",
  "objects": [
    {
      "shape": "star_4",
      "size": 0.325,
      "rotation": 0.0,
      "2d_coords": [
        0.15534197276829576,
        0.7187035866750703
      ],
      "color": [
        255,
        0,
        255
      ]
    },
    {
      "shape": "triangle",
      "size": 0.225,
      "rotation": 0.0,
      "2d_coords": [
        0.8351614214546754,
        0.6933068702285926
      ],
      "color": [
        0,
        255,
        0
      ]
    }
  ]
}