{
  "Lamp_Fill": [
    -3.855116367340088,
    -3.8729138374328613,
    2.7572975158691406
  ],
  "Lamp_Key": [
    7.376290798187256,
    -2.6049115657806396,
    3.906541585922241
  ],
  "Lamp_Back": [
    -1.209359884262085,
    2.5530126094818115,
    6.4449968338012695
  ],
  "Camera": [
    7.12632417678833,
    -6.666108131408691,
    5.144659042358398
  ],
  "image_filename": "000003117955099734",
  "objects": [
    {
      "size": 1.0,
      "color": [
        0.0,
        1.0,
        1.0,
        1.0
      ],
      "material": "Rubber",
      "shape": "SmoothCylinder",
      "3d_coords": [
        2.6364991664886475,
        -0.08193808048963547,
        1.0
      ],
      "rotation": 0.0,
      "pixel_coords": [
        92,
        65,
        8.81218147277832
      ]
    },
    {
      "size": 1.5,
      "color": [
        1.0,
        0.0,
        1.0,
        1.0
      ],
      "material": "MyMetal",
      "shape": "SmoothCylinder",
      "3d_coords": [
        -0.8831632733345032,
        2.6813955307006836,
        1.5
      ],
      "rotation": 0.0,
      "pixel_coords": [
        79,
        36,
        12.522597312927246
      ]
    }
  ]
}