{
  "Lamp_Fill": [
    -5.665633678436279,
    -3.7489309310913086,
    3.7057480812072754
  ],
  "Lamp_Back": [
    -1.3030451536178589,
    1.8434168100357056,
    6.53554105758667
  ],
  "image_filename": "000003770295095547",
  "Camera": [
    7.060369491577148,
    -6.775904655456543,
    5.8373823165893555
  ],
  "objects": [
    {
      "pixel_coords": [
        103,
        45,
        10.945005416870117
      ],
      "3d_coords": [
        1.8355439901351929,
        2.448800802230835,
        1.5
      ],
      "size": 1.5,
      "material": "MyMetal",
      "color": [
        1.0,
        0.0,
        1.0,
        1.0
      ],
      "rotation": 0.0,
      "shape": "SmoothCube_v2"
    },
    {
      "pixel_coords": [
        25,
        54,
        9.66730785369873
      ],
      "3d_coords": [
        -1.0676168203353882,
        -2.7248587608337402,
        1.5
      ],
      "size": 1.5,
      "material": "MyMetal",
      "color": [
        1.0,
        0.0,
        0.0,
        1.0
      ],
      "rotation": 0.0,
      "shape": "Sphere"
    }
  ],
  "Lamp_Key": [
    5.6553754806518555,
    -2.0574843883514404,
    4.792519569396973
  ]
}