{
  "image_filename": "000002214856316839",
  "objects": [
    {
      "shape": "Icosahedron",
      "size": 1.5,
      "material": "data/materials/PoliigonFabricFleece001.blend",
      "3d_coords": [
        1.3468515872955322,
        2.8019864559173584,
        1.5
      ],
      "rotation": 0.0,
      "pixel_coords": [
        103,
        41,
        10.81356430053711
      ]
    },
    {
      "shape": "Cone",
      "size": 1.0,
      "material": "data/materials/PoliigonBricksFlemishRed001.blend",
      "3d_coords": [
        -2.8222694396972656,
        -1.5070749521255493,
        1.0
      ],
      "rotation": 0.0,
      "pixel_coords": [
        26,
        47,
        11.201436042785645
      ]
    }
  ],
  "ground_material": "data/materials/PoliigonBricksPaintedWhite001.blend",
  "Lamp_Key": [
    7.2269134521484375,
    -1.910254716873169,
    4.976958751678467
  ],
  "Lamp_Back": [
    -0.954026997089386,
    2.620694160461426,
    5.520071506500244
  ],
  "Lamp_Fill": [
    -4.857051372528076,
    -4.374368190765381,
    3.8445873260498047
  ],
  "Camera": [
    7.044448375701904,
    -6.4176344871521,
    4.872239589691162
  ]
}