{
  "image_filename": "000010366525254083",
  "objects": [
    {
      "shape": "Torus",
      "size": 1.0,
      "material": "data/materials/PoliigonBricksFlemishRed001.blend",
      "3d_coords": [
        2.8794238567352295,
        2.366907835006714,
        1.0
      ],
      "rotation": 0.0,
      "pixel_coords": [
        112,
        56,
        10.81184196472168
      ]
    },
    {
      "shape": "Sphere",
      "size": 2.0,
      "material": "data/materials/PoliigonBricksFlemishRed001.blend",
      "3d_coords": [
        -1.0527089834213257,
        2.112539529800415,
        2.0
      ],
      "rotation": 0.0,
      "pixel_coords": [
        73,
        33,
        12.686688423156738
      ]
    }
  ],
  "ground_material": "data/materials/PoliigonFabricDenim003.blend",
  "Lamp_Key": [
    6.531056880950928,
    -3.1247692108154297,
    3.679105281829834
  ],
  "Lamp_Back": [
    -2.084047555923462,
    1.6826132535934448,
    5.578505992889404
  ],
  "Lamp_Fill": [
    -5.274972915649414,
    -4.20228385925293,
    3.021902561187744
  ],
  "Camera": [
    7.535320281982422,
    -6.904646873474121,
    5.821541786193848
  ]
}