{
  "Lamp_Back": [
    -1.389487862586975,
    2.6787641048431396,
    6.481599807739258
  ],
  "Camera": [
    7.761596202850342,
    -6.889328479766846,
    5.327630996704102
  ],
  "Lamp_Fill": [
    -5.308394432067871,
    -4.788053035736084,
    3.6274638175964355
  ],
  "Lamp_Key": [
    6.104462623596191,
    -1.9224786758422852,
    4.414981365203857
  ],
  "image_filename": "000003045601220744",
  "objects": [
    {
      "size": 1.5,
      "pixel_coords": [
        99,
        44,
        11.595012664794922
      ],
      "3d_coords": [
        1.4206172227859497,
        2.640742540359497,
        1.5
      ],
      "material": "Rubber",
      "color": [
        1.0,
        0.0,
        1.0,
        1.0
      ],
      "shape": "SmoothCube_v2",
      "rotation": 0.0
    },
    {
      "size": 2.0,
      "pixel_coords": [
        35,
        37,
        11.55517292022705
      ],
      "3d_coords": [
        -2.2832937240600586,
        -1.2129288911819458,
        2.0
      ],
      "material": "Rubber",
      "color": [
        1.0,
        1.0,
        0.0,
        1.0
      ],
      "shape": "SmoothCube_v2",
      "rotation": 0.0
    }
  ]
}