{
  "image_filename": "000012687696518136",
  "objects": [
    {
      "color": [
        1.0,
        1.0,
        0.0,
        1.0
      ],
      "pixel_coords": [
        70,
        45,
        12.270604133605957
      ],
      "material": "MyMetal",
      "size": 1.0,
      "shape": "SmoothCube_v2",
      "rotation": 0.0,
      "3d_coords": [
        -0.8990130424499512,
        1.569976568222046,
        1.0
      ]
    },
    {
      "color": [
        1.0,
        0.0,
        1.0,
        1.0
      ],
      "pixel_coords": [
        41,
        50,
        9.689679145812988
      ],
      "material": "Rubber",
      "size": 1.5,
      "shape": "SmoothCube_v2",
      "rotation": 0.0,
      "3d_coords": [
        -0.4065254032611847,
        -1.7701507806777954,
        1.5
      ]
    }
  ],
  "Lamp_Key": [
    6.917785167694092,
    -2.1201727390289307,
    4.722535610198975
  ],
  "Lamp_Back": [
    -0.7301531434059143,
    2.8002254962921143,
    6.523177623748779
  ],
  "Lamp_Fill": [
    -5.027676582336426,
    -4.033326148986816,
    2.5475690364837646
  ],
  "Camera": [
    7.3670654296875,
    -6.803292274475098,
    4.8941216468811035
  ]
}