{
  "image_filename": "000000014157305570",
  "objects": [
    {
      "shape": "Icosahedron",
      "size": 2.0,
      "material": "data/materials/PoliigonChainmailCopperRoundedThin001.blend",
      "3d_coords": [
        2.0945229530334473,
        -2.1331920623779297,
        2.0
      ],
      "rotation": 0.0,
      "pixel_coords": [
        58,
        58,
        7.422548770904541
      ]
    },
    {
      "shape": "Icosahedron",
      "size": 1.0,
      "material": "data/materials/PoliigonFabricDenim003.blend",
      "3d_coords": [
        0.8461390137672424,
        2.2823777198791504,
        1.0
      ],
      "rotation": 0.0,
      "pixel_coords": [
        93,
        48,
        11.186873435974121
      ]
    }
  ],
  "ground_material": "data/materials/PoliigonMetalSpottyDiscoloration001.blend",
  "Lamp_Key": [
    6.665741443634033,
    -2.6429049968719482,
    4.488546371459961
  ],
  "Lamp_Back": [
    -0.3772588074207306,
    2.111111640930176,
    5.785526275634766
  ],
  "Lamp_Fill": [
    -5.055972099304199,
    -4.243185997009277,
    2.612884759902954
  ],
  "Camera": [
    7.496064186096191,
    -6.051334381103516,
    5.284809589385986
  ]
}