{
  "image_filename": "000006532669228515",
  "objects": [
    {
      "shape": "Cube",
      "size": 1.5,
      "material": "data/materials/PoliigonBricksPaintedWhite001.blend",
      "3d_coords": [
        -1.4298303127288818,
        -0.7661271691322327,
        1.5
      ],
      "rotation": 0.0,
      "pixel_coords": [
        46,
        45,
        11.599929809570312
      ]
    },
    {
      "shape": "Icosahedron",
      "size": 1.5,
      "material": "data/materials/PoliigonFabricFleece001.blend",
      "3d_coords": [
        1.9661916494369507,
        2.3369362354278564,
        1.5
      ],
      "rotation": 0.0,
      "pixel_coords": [
        103,
        47,
        11.099279403686523
      ]
    }
  ],
  "ground_material": "data/materials/PoliigonBricksFlemishRed001.blend",
  "Lamp_Key": [
    5.904410362243652,
    -3.1362414360046387,
    4.501600742340088
  ],
  "Lamp_Back": [
    -0.2036975622177124,
    3.611083507537842,
    6.488034248352051
  ],
  "Lamp_Fill": [
    -4.948320388793945,
    -4.046694278717041,
    2.1221020221710205
  ],
  "Camera": [
    7.917181491851807,
    -6.764005661010742,
    5.508241176605225
  ]
}