{
  "image_filename": "000009227203342989",
  "objects": [
    {
      "shape": "Icosahedron",
      "size": 1.0,
      "material": "data/materials/PoliigonBricksFlemishRed001.blend",
      "3d_coords": [
        1.4321907758712769,
        -2.089016914367676,
        1.0
      ],
      "rotation": 0.0,
      "pixel_coords": [
        56,
        69,
        8.717188835144043
      ]
    },
    {
      "shape": "Cylinder",
      "size": 2.0,
      "material": "data/materials/PoliigonFabricDenim003.blend",
      "3d_coords": [
        2.7627315521240234,
        1.9420989751815796,
        2.0
      ],
      "rotation": 0.0,
      "pixel_coords": [
        111,
        43,
        9.842597007751465
      ]
    }
  ],
  "ground_material": "data/materials/PoliigonWoodFlooring061.blend",
  "Lamp_Key": [
    7.316707134246826,
    -2.1129274368286133,
    4.83201265335083
  ],
  "Lamp_Back": [
    -0.5849902033805847,
    1.8772939443588257,
    6.133725643157959
  ],
  "Lamp_Fill": [
    -5.44670295715332,
    -3.750866413116455,
    3.036607265472412
  ],
  "Camera": [
    7.245010852813721,
    -6.905999183654785,
    5.399960517883301
  ]
}