{
  "Lamp_Fill": [
    -4.356404781341553,
    -4.747990608215332,
    3.7331583499908447
  ],
  "Lamp_Key": [
    6.935238838195801,
    -3.304884195327759,
    4.034064769744873
  ],
  "objects": [
    {
      "pixel_coords": [
        85,
        48,
        9.859148025512695
      ],
      "rotation": 0.0,
      "material": "MyMetal",
      "size": 1.5,
      "shape": "Sphere",
      "color": [
        0.0,
        1.0,
        1.0,
        1.0
      ],
      "3d_coords": [
        1.2216318845748901,
        0.8670662045478821,
        1.5
      ]
    },
    {
      "pixel_coords": [
        38,
        69,
        8.267043113708496
      ],
      "rotation": 0.0,
      "material": "MyMetal",
      "size": 1.0,
      "shape": "Sphere",
      "color": [
        0.0,
        0.0,
        1.0,
        1.0
      ],
      "3d_coords": [
        0.8869684934616089,
        -2.7826850414276123,
        1.0
      ]
    }
  ],
  "image_filename": "000013994754822834",
  "Camera": [
    7.313113689422607,
    -6.152856826782227,
    5.268394470214844
  ],
  "Lamp_Back": [
    -0.3845290243625641,
    2.90944242477417,
    5.003662109375
  ]
}