{
  "Lamp_Key": [
    6.952460765838623,
    -3.8590381145477295,
    4.1693806648254395
  ],
  "Lamp_Back": [
    -1.9942407608032227,
    2.9831557273864746,
    4.93581485748291
  ],
  "objects": [
    {
      "size": 1.5,
      "3d_coords": [
        -2.0702309608459473,
        -2.7380456924438477,
        1.5
      ],
      "color": [
        0.0,
        1.0,
        0.0,
        1.0
      ],
      "rotation": 0.0,
      "pixel_coords": [
        19,
        48,
        10.653157234191895
      ],
      "shape": "Sphere",
      "material": "MyMetal"
    },
    {
      "size": 1.0,
      "3d_coords": [
        2.602267026901245,
        -1.0595622062683105,
        1.0
      ],
      "color": [
        1.0,
        0.0,
        0.0,
        1.0
      ],
      "rotation": 0.0,
      "pixel_coords": [
        79,
        70,
        8.796277046203613
      ],
      "shape": "SmoothCube_v2",
      "material": "Rubber"
    }
  ],
  "image_filename": "000003496242629101",
  "Lamp_Fill": [
    -5.490622520446777,
    -4.379131317138672,
    3.703099250793457
  ],
  "Camera": [
    7.62263822555542,
    -6.714156627655029,
    5.606151103973389
  ]
}