{
  "image_filename": "000007295379021703",
  "objects": [
    {
      "shape": "Cylinder",
      "size": 1.5,
      "material": "data/materials/PoliigonRoofTilesTerracotta004.blend",
      "3d_coords": [
        1.9430553913116455,
        2.4738330841064453,
        1.5
      ],
      "rotation": 0.0,
      "pixel_coords": [
        104,
        45,
        10.933369636535645
      ]
    },
    {
      "shape": "Cylinder",
      "size": 1.5,
      "material": "data/materials/PoliigonWoodFlooring061.blend",
      "3d_coords": [
        -2.989628314971924,
        -0.46565568447113037,
        1.5
      ],
      "rotation": 0.0,
      "pixel_coords": [
        38,
        40,
        12.463396072387695
      ]
    }
  ],
  "ground_material": "data/materials/PoliigonChainmailCopperRoundedThin001.blend",
  "Lamp_Key": [
    5.82750129699707,
    -3.7346811294555664,
    4.6325273513793945
  ],
  "Lamp_Back": [
    -0.4416468143463135,
    1.6920698881149292,
    5.612006664276123
  ],
  "Lamp_Fill": [
    -4.814397811889648,
    -4.423403263092041,
    3.2402243614196777
  ],
  "Camera": [
    7.631474018096924,
    -6.878392219543457,
    4.913869857788086
  ]
}