{
  "image_filename": "00000051",
  "objects": [
    {
      "shape": "triangle",
      "size": 0.325,
      "rotation": 0.0,
      "2d_coords": [
        0.5178960566913811,
        0.40017390902440725
      ],
      "color": [
        0,
        255,
        0
      ]
    },
    {
      "shape": "triangle",
      "size": 0.425,
      "rotation": 0.0,
      "2d_coords": [
        0.2957741638604449,
        0.18262111231613526
      ],
      "color": [
        0,
        255,
        0
      ]
    }
  ]
}