{
  "image_filename": "00000039",
  "objects": [
    {
      "shape": "triangle",
      "size": 0.125,
      "rotation": 0.0,
      "2d_coords": [
        0.7925855543732754,
        0.8461680571308914
      ],
      "color": [
        255,
        0,
        255
      ]
    },
    {
      "shape": "triangle",
      "size": 0.225,
      "rotation": 0.0,
      "2d_coords": [
        0.5346948272353724,
        0.3333694417020215
      ],
      "color": [
        255,
        0,
        255
      ]
    }
  ]
}