{
  "image_filename": "000016658893280443",
  "objects": [
    {
      "shape": "NewellTeapot",
      "size": 1.5,
      "material": "data/materials/PoliigonWoodFlooring061.blend",
      "3d_coords": [
        1.5482767820358276,
        -0.174915611743927,
        1.5
      ],
      "rotation": 0.0,
      "pixel_coords": [
        77,
        54,
        9.430588722229004
      ]
    },
    {
      "shape": "Cube",
      "size": 1.5,
      "material": "data/materials/PoliigonRoofTilesTerracotta004.blend",
      "3d_coords": [
        -2.9890449047088623,
        -2.61016583442688,
        1.5
      ],
      "rotation": 0.0,
      "pixel_coords": [
        14,
        44,
        10.938804626464844
      ]
    }
  ],
  "ground_material": "data/materials/PoliigonBricksPaintedWhite001.blend",
  "Lamp_Key": [
    7.358082294464111,
    -2.4586470127105713,
    3.970620632171631
  ],
  "Lamp_Back": [
    -1.9002536535263062,
    1.8602155447006226,
    5.533260345458984
  ],
  "Lamp_Fill": [
    -5.619563579559326,
    -3.11344313621521,
    3.585047721862793
  ],
  "Camera": [
    7.280261516571045,
    -6.584785461425781,
    5.535959243774414
  ]
}