{
  "objects": [
    {
      "rotation": 0.0,
      "shape": "SmoothCube_v2",
      "color": [
        0.0,
        0.0,
        1.0,
        1.0
      ],
      "pixel_coords": [
        73,
        31,
        13.340065956115723
      ],
      "size": 2.0,
      "3d_coords": [
        -1.7445430755615234,
        2.555168390274048,
        2.0
      ],
      "material": "MyMetal"
    },
    {
      "rotation": 0.0,
      "shape": "Sphere",
      "color": [
        0.0,
        1.0,
        1.0,
        1.0
      ],
      "pixel_coords": [
        92,
        63,
        9.570194244384766
      ],
      "size": 1.0,
      "3d_coords": [
        2.5936245918273926,
        0.30235913395881653,
        1.0
      ],
      "material": "Rubber"
    }
  ],
  "image_filename": "000007436492191785",
  "Lamp_Key": [
    7.311957836151123,
    -2.636582851409912,
    3.7022368907928467
  ],
  "Lamp_Back": [
    -1.2532050609588623,
    2.1499733924865723,
    5.2369256019592285
  ],
  "Lamp_Fill": [
    -4.159046649932861,
    -3.0903565883636475,
    2.321937322616577
  ],
  "Camera": [
    7.840049743652344,
    -6.693987846374512,
    5.334007263183594
  ]
}