{
  "image_filename": "00000061",
  "objects": [
    {
      "shape": "square",
      "size": 0.125,
      "rotation": 0.0,
      "2d_coords": [
        0.13198103256471255,
        0.8193137249291849
      ],
      "color": [
        0,
        255,
        0
      ]
    },
    {
      "shape": "star_4",
      "size": 0.425,
      "rotation": 0.0,
      "2d_coords": [
        0.6425466214517245,
        0.2740628894894026
      ],
      "color": [
        255,
        127,
        0
      ]
    }
  ]
}