{
  "Lamp_Key": [
    6.637928009033203,
    -3.6220510005950928,
    4.598403453826904
  ],
  "Lamp_Back": [
    -1.8876173496246338,
    2.039235830307007,
    5.519221782684326
  ],
  "Lamp_Fill": [
    -4.052541732788086,
    -4.166261672973633,
    3.8629024028778076
  ],
  "objects": [
    {
      "material": "MyMetal",
      "color": [
        1.0,
        0.0,
        0.0,
        1.0
      ],
      "size": 1.5,
      "rotation": 0.0,
      "shape": "SmoothCube_v2",
      "3d_coords": [
        -2.841869354248047,
        -1.0653201341629028,
        1.5
      ],
      "pixel_coords": [
        32,
        41,
        12.034193992614746
      ]
    },
    {
      "material": "MyMetal",
      "color": [
        0.0,
        0.0,
        1.0,
        1.0
      ],
      "size": 1.0,
      "rotation": 0.0,
      "shape": "SmoothCube_v2",
      "3d_coords": [
        1.567362904548645,
        1.6959041357040405,
        1.0
      ],
      "pixel_coords": [
        93,
        53,
        11.054450035095215
      ]
    }
  ],
  "image_filename": "000007338690430369",
  "Camera": [
    7.512396812438965,
    -6.964080810546875,
    5.241477966308594
  ]
}