{
  "image_filename": "000000373225306590",
  "objects": [
    {
      "shape": "Cube",
      "size": 1.5,
      "material": "data/materials/PoliigonBricksPaintedWhite001.blend",
      "3d_coords": [
        2.621046543121338,
        1.8707430362701416,
        1.5
      ],
      "rotation": 0.0,
      "pixel_coords": [
        109,
        49,
        9.750255584716797
      ]
    },
    {
      "shape": "Suzanne",
      "size": 1.0,
      "material": "data/materials/PoliigonFabricDenim003.blend",
      "3d_coords": [
        0.2958680987358093,
        -1.763319492340088,
        1.0
      ],
      "rotation": 0.0,
      "pixel_coords": [
        48,
        60,
        9.291190147399902
      ]
    }
  ],
  "ground_material": "data/materials/PoliigonFabricDenim003.blend",
  "Lamp_Key": [
    7.32200813293457,
    -2.966506004333496,
    4.887792110443115
  ],
  "Lamp_Back": [
    -1.2310279607772827,
    2.147083282470703,
    5.7914299964904785
  ],
  "Lamp_Fill": [
    -4.211954593658447,
    -3.482595682144165,
    3.78691029548645
  ],
  "Camera": [
    7.208332538604736,
    -6.683287143707275,
    4.949174404144287
  ]
}