{
  "Lamp_Key": [
    5.494410991668701,
    -2.1586854457855225,
    4.022337913513184
  ],
  "Lamp_Back": [
    -1.6786566972732544,
    3.5066428184509277,
    6.427558898925781
  ],
  "image_filename": "000009011853019732",
  "Lamp_Fill": [
    -5.562553405761719,
    -4.400658130645752,
    2.8378660678863525
  ],
  "Camera": [
    7.7469563484191895,
    -6.9947829246521,
    5.401040077209473
  ],
  "objects": [
    {
      "3d_coords": [
        2.432455539703369,
        -2.430208921432495,
        1.0
      ],
      "material": "Rubber",
      "pixel_coords": [
        61,
        76,
        8.242697715759277
      ],
      "size": 1.0,
      "shape": "SmoothCube_v2",
      "color": [
        0.0,
        1.0,
        0.0,
        1.0
      ],
      "rotation": 0.0
    },
    {
      "3d_coords": [
        -2.4577019214630127,
        -0.6293965578079224,
        1.5
      ],
      "material": "Rubber",
      "pixel_coords": [
        40,
        42,
        12.308296203613281
      ],
      "size": 1.5,
      "shape": "SmoothCube_v2",
      "color": [
        1.0,
        0.0,
        1.0,
        1.0
      ],
      "rotation": 0.0
    }
  ]
}