{
  "image_filename": "000006213435139615",
  "objects": [
    {
      "shape": "Suzanne",
      "size": 2.0,
      "material": "data/materials/PoliigonFabricFleece001.blend",
      "3d_coords": [
        2.8571672439575195,
        2.2119765281677246,
        2.0
      ],
      "rotation": 0.0,
      "pixel_coords": [
        114,
        43,
        9.95763874053955
      ]
    },
    {
      "shape": "Cone",
      "size": 1.0,
      "material": "data/materials/PoliigonChainmailCopperRoundedThin001.blend",
      "3d_coords": [
        -2.136078119277954,
        2.2528223991394043,
        1.0
      ],
      "rotation": 0.0,
      "pixel_coords": [
        65,
        40,
        13.579736709594727
      ]
    }
  ],
  "ground_material": "data/materials/PoliigonFabricFleece001.blend",
  "Lamp_Key": [
    7.236595153808594,
    -3.20139217376709,
    4.446498394012451
  ],
  "Lamp_Back": [
    -0.6216116547584534,
    2.289334535598755,
    5.898752689361572
  ],
  "Lamp_Fill": [
    -5.5820465087890625,
    -4.590753078460693,
    3.0825390815734863
  ],
  "Camera": [
    7.077720642089844,
    -6.99235725402832,
    5.432097911834717
  ]
}