{
  "Lamp_Key": [
    6.570767402648926,
    -3.3531546592712402,
    4.594817161560059
  ],
  "Camera": [
    7.27597188949585,
    -6.604763507843018,
    5.583532333374023
  ],
  "objects": [
    {
      "rotation": 0.0,
      "material": "Rubber",
      "shape": "SmoothCube_v2",
      "size": 1.5,
      "color": [
        1.0,
        0.0,
        1.0,
        1.0
      ],
      "3d_coords": [
        1.7310044765472412,
        2.4371140003204346,
        1.5
      ],
      "pixel_coords": [
        102,
        45,
        10.87094783782959
      ]
    },
    {
      "rotation": 0.0,
      "material": "MyMetal",
      "shape": "Sphere",
      "size": 2.0,
      "color": [
        1.0,
        1.0,
        0.0,
        1.0
      ],
      "3d_coords": [
        -2.044926166534424,
        0.8993513584136963,
        2.0
      ],
      "pixel_coords": [
        56,
        32,
        12.156123161315918
      ]
    }
  ],
  "Lamp_Fill": [
    -4.175840854644775,
    -3.8478989601135254,
    2.8755321502685547
  ],
  "Lamp_Back": [
    -0.8732889294624329,
    2.431091070175171,
    5.82053279876709
  ],
  "image_filename": "000010707446631844"
}