{
  "image_filename": "000003362677658668",
  "Camera": [
    7.147651195526123,
    -6.365049839019775,
    5.1628007888793945
  ],
  "Lamp_Fill": [
    -3.89676570892334,
    -4.135585308074951,
    2.8338470458984375
  ],
  "Lamp_Key": [
    6.426196098327637,
    -2.172231674194336,
    4.102739334106445
  ],
  "Lamp_Back": [
    -0.8315152525901794,
    1.8803819417953491,
    6.7392730712890625
  ],
  "objects": [
    {
      "rotation": 0.0,
      "size": 1.5,
      "color": [
        0.0,
        1.0,
        0.0,
        1.0
      ],
      "pixel_coords": [
        112,
        45,
        10.344399452209473
      ],
      "material": "Rubber",
      "shape": "Sphere",
      "3d_coords": [
        2.195258855819702,
        2.7759757041931152,
        1.5
      ]
    },
    {
      "rotation": 0.0,
      "size": 1.5,
      "color": [
        1.0,
        1.0,
        0.0,
        1.0
      ],
      "pixel_coords": [
        39,
        45,
        10.251810073852539
      ],
      "material": "MyMetal",
      "shape": "SmoothCube_v2",
      "3d_coords": [
        -1.2907633781433105,
        -1.296851396560669,
        1.5
      ]
    }
  ]
}