{
  "Lamp_Key": [
    7.386545181274414,
    -3.4594719409942627,
    4.032743453979492
  ],
  "Camera": [
    7.175841331481934,
    -6.7611799240112305,
    5.829968452453613
  ],
  "image_filename": "000010835604299019",
  "Lamp_Fill": [
    -4.9690656661987305,
    -4.556852340698242,
    2.75211763381958
  ],
  "Lamp_Back": [
    -1.5574735403060913,
    2.119748830795288,
    5.471628189086914
  ],
  "objects": [
    {
      "pixel_coords": [
        90,
        52,
        10.01417064666748
      ],
      "material": "MyMetal",
      "rotation": 0.0,
      "3d_coords": [
        1.8526588678359985,
        0.8204416036605835,
        1.5
      ],
      "size": 1.5,
      "color": [
        0.0,
        0.0,
        1.0,
        1.0
      ],
      "shape": "Sphere"
    },
    {
      "pixel_coords": [
        52,
        56,
        10.52260971069336
      ],
      "material": "MyMetal",
      "rotation": 0.0,
      "3d_coords": [
        -0.2845665514469147,
        -1.0176557302474976,
        1.0
      ],
      "size": 1.0,
      "color": [
        0.0,
        1.0,
        1.0,
        1.0
      ],
      "shape": "Suzanne"
    }
  ]
}