{
  "image_filename": "00000060",
  "objects": [
    {
      "shape": "triangle",
      "size": 0.425,
      "rotation": 0.0,
      "2d_coords": [
        0.6861789889691109,
        0.3330498399565889
      ],
      "color": [
        0,
        127,
        255
      ]
    },
    {
      "shape": "circle",
      "size": 0.325,
      "rotation": 0.0,
      "2d_coords": [
        0.1570551293660001,
        0.4311222292455814
      ],
      "color": [
        255,
        0,
        255
      ]
    }
  ]
}