{
  "Camera": [
    7.392136096954346,
    -6.479321479797363,
    5.675746440887451
  ],
  "Lamp_Fill": [
    -4.290054798126221,
    -3.242011308670044,
    3.7353124618530273
  ],
  "Lamp_Key": [
    5.473690509796143,
    -2.9408702850341797,
    5.032824993133545
  ],
  "Lamp_Back": [
    -0.5428732633590698,
    2.9744668006896973,
    6.072816371917725
  ],
  "objects": [
    {
      "pixel_coords": [
        103,
        42,
        11.395712852478027
      ],
      "rotation": 0.0,
      "size": 1.5,
      "shape": "SmoothCylinder",
      "3d_coords": [
        1.3931615352630615,
        2.982182741165161,
        1.5
      ],
      "color": [
        0.0,
        0.0,
        1.0,
        1.0
      ],
      "material": "Rubber"
    },
    {
      "pixel_coords": [
        16,
        40,
        10.519149780273438
      ],
      "rotation": 0.0,
      "size": 2.0,
      "shape": "Sphere",
      "3d_coords": [
        -2.5094056129455566,
        -2.567793130874634,
        2.0
      ],
      "color": [
        0.0,
        1.0,
        0.0,
        1.0
      ],
      "material": "MyMetal"
    }
  ],
  "image_filename": "000006294675647626"
}