{
  "image_filename": "000008005809086445",
  "objects": [
    {
      "shape": "Sphere",
      "size": 1.0,
      "material": "data/materials/PoliigonRoofTilesTerracotta004.blend",
      "3d_coords": [
        0.9825931787490845,
        -2.298980712890625,
        1.0
      ],
      "rotation": 0.0,
      "pixel_coords": [
        45,
        66,
        8.331177711486816
      ]
    },
    {
      "shape": "Cone",
      "size": 1.0,
      "material": "data/materials/PoliigonBricksFlemishRed001.blend",
      "3d_coords": [
        0.5165961980819702,
        2.3526806831359863,
        1.0
      ],
      "rotation": 0.0,
      "pixel_coords": [
        90,
        47,
        11.320767402648926
      ]
    }
  ],
  "ground_material": "data/materials/PoliigonFabricFleece001.blend",
  "Lamp_Key": [
    6.332527160644531,
    -1.972584843635559,
    4.327120304107666
  ],
  "Lamp_Back": [
    -0.7156491875648499,
    3.596877098083496,
    6.215266227722168
  ],
  "Lamp_Fill": [
    -4.2069220542907715,
    -4.246399402618408,
    2.250976324081421
  ],
  "Camera": [
    7.276386260986328,
    -6.198459148406982,
    4.981351852416992
  ]
}