{
  "Lamp_Key": [
    6.308206081390381,
    -2.027033805847168,
    3.8271799087524414
  ],
  "image_filename": "000004776776993051",
  "Lamp_Back": [
    -2.0217459201812744,
    1.8829069137573242,
    6.347809791564941
  ],
  "Camera": [
    7.151904106140137,
    -6.291984558105469,
    5.815572261810303
  ],
  "objects": [
    {
      "color": [
        0.0,
        1.0,
        1.0,
        1.0
      ],
      "shape": "SmoothCylinder",
      "3d_coords": [
        1.226158857345581,
        2.567204713821411,
        1.0
      ],
      "pixel_coords": [
        98,
        48,
        11.301112174987793
      ],
      "rotation": 0.0,
      "material": "MyMetal",
      "size": 1.0
    },
    {
      "color": [
        1.0,
        0.0,
        1.0,
        1.0
      ],
      "shape": "Suzanne",
      "3d_coords": [
        -0.6291685700416565,
        -2.5354080200195312,
        1.5
      ],
      "pixel_coords": [
        29,
        54,
        9.352815628051758
      ],
      "rotation": 0.0,
      "material": "MyMetal",
      "size": 1.5
    }
  ],
  "Lamp_Fill": [
    -3.8986616134643555,
    -4.899107933044434,
    3.4695661067962646
  ]
}