{
  "image_filename": "000005719401244556",
  "Camera": [
    7.285429954528809,
    -6.440081596374512,
    5.467402935028076
  ],
  "Lamp_Back": [
    -1.5677698850631714,
    3.5999975204467773,
    4.951589584350586
  ],
  "Lamp_Key": [
    7.132774353027344,
    -2.873634099960327,
    5.146488666534424
  ],
  "Lamp_Fill": [
    -4.979702472686768,
    -4.460370063781738,
    2.47039794921875
  ],
  "objects": [
    {
      "rotation": 0.0,
      "size": 1.0,
      "pixel_coords": [
        35,
        62,
        9.325820922851562
      ],
      "3d_coords": [
        -0.1399347335100174,
        -2.478656530380249,
        1.0
      ],
      "color": [
        0.0,
        1.0,
        0.0,
        1.0
      ],
      "shape": "SmoothCube_v2",
      "material": "Rubber"
    },
    {
      "rotation": 0.0,
      "size": 2.0,
      "pixel_coords": [
        98,
        39,
        10.462606430053711
      ],
      "3d_coords": [
        1.4523576498031616,
        2.140744209289551,
        2.0
      ],
      "color": [
        1.0,
        1.0,
        0.0,
        1.0
      ],
      "shape": "Sphere",
      "material": "MyMetal"
    }
  ]
}