{
  "objects": [
    {
      "material": "Rubber",
      "shape": "SmoothCylinder",
      "rotation": 0.0,
      "color": [
        0.0,
        1.0,
        0.0,
        1.0
      ],
      "3d_coords": [
        0.7874239087104797,
        1.6197385787963867,
        1.0
      ],
      "pixel_coords": [
        85,
        50,
        11.557790756225586
      ],
      "size": 1.0
    },
    {
      "material": "Rubber",
      "shape": "SmoothCube_v2",
      "rotation": 0.0,
      "color": [
        1.0,
        0.0,
        0.0,
        1.0
      ],
      "3d_coords": [
        -1.107356309890747,
        -2.777010202407837,
        1.5
      ],
      "pixel_coords": [
        25,
        53,
        9.883852005004883
      ],
      "size": 1.5
    }
  ],
  "Camera": [
    7.323558330535889,
    -6.915504455566406,
    5.717423915863037
  ],
  "Lamp_Key": [
    7.445905685424805,
    -1.97518789768219,
    4.865903377532959
  ],
  "Lamp_Fill": [
    -4.802377700805664,
    -4.568260669708252,
    3.121997594833374
  ],
  "Lamp_Back": [
    -0.20035624504089355,
    1.7418427467346191,
    6.1180219650268555
  ],
  "image_filename": "000013461319544296"
}