{
  "Lamp_Key": [
    7.442427635192871,
    -3.2405474185943604,
    4.8938679695129395
  ],
  "Camera": [
    7.470615386962891,
    -6.771663665771484,
    5.028678894042969
  ],
  "Lamp_Back": [
    -1.1277713775634766,
    2.1574766635894775,
    5.1508893966674805
  ],
  "objects": [
    {
      "rotation": 0.0,
      "material": "MyMetal",
      "color": [
        0.0,
        1.0,
        0.0,
        1.0
      ],
      "pixel_coords": [
        31,
        55,
        10.362404823303223
      ],
      "3d_coords": [
        -1.2765588760375977,
        -2.1714446544647217,
        1.0
      ],
      "size": 1.0,
      "shape": "Suzanne"
    },
    {
      "rotation": 0.0,
      "material": "MyMetal",
      "color": [
        1.0,
        1.0,
        0.0,
        1.0
      ],
      "pixel_coords": [
        84,
        32,
        12.512848854064941
      ],
      "3d_coords": [
        -0.5734090209007263,
        2.925004005432129,
        2.0
      ],
      "size": 2.0,
      "shape": "Suzanne"
    }
  ],
  "Lamp_Fill": [
    -4.662635326385498,
    -4.1918721199035645,
    2.993010997772217
  ],
  "image_filename": "000003671951722435"
}