{
  "Lamp_Back": [
    -1.2304058074951172,
    2.422070264816284,
    6.757023811340332
  ],
  "Lamp_Key": [
    7.184957504272461,
    -2.756692409515381,
    4.599925518035889
  ],
  "Lamp_Fill": [
    -3.6854288578033447,
    -3.4730234146118164,
    3.425201416015625
  ],
  "image_filename": "000004161166604207",
  "Camera": [
    7.502155780792236,
    -6.572037220001221,
    4.986732482910156
  ],
  "objects": [
    {
      "pixel_coords": [
        97,
        34,
        11.545669555664062
      ],
      "color": [
        0.0,
        1.0,
        1.0,
        1.0
      ],
      "size": 2.0,
      "material": "MyMetal",
      "rotation": 0.0,
      "3d_coords": [
        0.7107064723968506,
        2.9987411499023438,
        2.0
      ],
      "shape": "Suzanne"
    },
    {
      "pixel_coords": [
        34,
        53,
        9.183635711669922
      ],
      "color": [
        1.0,
        0.0,
        0.0,
        1.0
      ],
      "size": 1.5,
      "material": "MyMetal",
      "rotation": 0.0,
      "3d_coords": [
        -0.20542548596858978,
        -2.4341299533843994,
        1.5
      ],
      "shape": "SmoothCylinder"
    }
  ]
}