{
  "image_filename": "000002188391397443",
  "objects": [
    {
      "shape": "Cylinder",
      "size": 2.0,
      "material": "data/materials/PoliigonChainmailCopperRoundedThin001.blend",
      "3d_coords": [
        2.698416233062744,
        2.85835862159729,
        2.0
      ],
      "rotation": 0.0,
      "pixel_coords": [
        117,
        41,
        10.344663619995117
      ]
    },
    {
      "shape": "NewellTeapot",
      "size": 2.0,
      "material": "data/materials/PoliigonMetalSpottyDiscoloration001.blend",
      "3d_coords": [
        2.33593487739563,
        -2.1065149307250977,
        2.0
      ],
      "rotation": 0.0,
      "pixel_coords": [
        63,
        57,
        7.655461311340332
      ]
    }
  ],
  "ground_material": "data/materials/PoliigonMetalSpottyDiscoloration001.blend",
  "Lamp_Key": [
    6.862756252288818,
    -3.1661884784698486,
    4.503911972045898
  ],
  "Lamp_Back": [
    -1.4146733283996582,
    2.289263963699341,
    5.305145740509033
  ],
  "Lamp_Fill": [
    -5.117534637451172,
    -3.6832218170166016,
    3.98374605178833
  ],
  "Camera": [
    7.626668930053711,
    -6.711753845214844,
    5.090498447418213
  ]
}