{
  "image_filename": "000008225247978423",
  "objects": [
    {
      "shape": "Icosahedron",
      "size": 1.5,
      "material": "data/materials/PoliigonRoofTilesTerracotta004.blend",
      "3d_coords": [
        -2.1263582706451416,
        2.902669906616211,
        1.5
      ],
      "rotation": 0.0,
      "pixel_coords": [
        74,
        33,
        13.652894020080566
      ]
    },
    {
      "shape": "Cube",
      "size": 2.0,
      "material": "data/materials/PoliigonFabricFleece001.blend",
      "3d_coords": [
        -2.6869750022888184,
        -2.179616689682007,
        2.0
      ],
      "rotation": 0.0,
      "pixel_coords": [
        21,
        37,
        11.039944648742676
      ]
    }
  ],
  "ground_material": "data/materials/PoliigonWoodFlooring061.blend",
  "Lamp_Key": [
    6.137414932250977,
    -2.1004116535186768,
    4.029656410217285
  ],
  "Lamp_Back": [
    -1.6169795989990234,
    3.208383321762085,
    6.069077491760254
  ],
  "Lamp_Fill": [
    -4.1796183586120605,
    -4.303133487701416,
    3.1474809646606445
  ],
  "Camera": [
    7.676008224487305,
    -6.148894786834717,
    5.815169334411621
  ]
}