{
  "Camera": [
    7.522712707519531,
    -6.945342540740967,
    5.646970748901367
  ],
  "Lamp_Fill": [
    -3.975949287414551,
    -3.6991281509399414,
    2.921891927719116
  ],
  "objects": [
    {
      "pixel_coords": [
        101,
        39,
        11.25550365447998
      ],
      "shape": "SmoothCube_v2",
      "color": [
        1.0,
        0.0,
        0.0,
        1.0
      ],
      "size": 2.0,
      "rotation": 0.0,
      "material": "Rubber",
      "3d_coords": [
        1.5738390684127808,
        2.594902992248535,
        2.0
      ]
    },
    {
      "pixel_coords": [
        38,
        34,
        12.291414260864258
      ],
      "shape": "Sphere",
      "color": [
        0.0,
        1.0,
        0.0,
        1.0
      ],
      "size": 2.0,
      "rotation": 0.0,
      "material": "MyMetal",
      "3d_coords": [
        -2.888176918029785,
        -0.49406808614730835,
        2.0
      ]
    }
  ],
  "Lamp_Back": [
    -0.6172025203704834,
    3.3708207607269287,
    6.159548759460449
  ],
  "Lamp_Key": [
    6.47265100479126,
    -2.603299617767334,
    4.551266193389893
  ],
  "image_filename": "000010090455654739"
}