{
  "image_filename": "00000064",
  "objects": [
    {
      "shape": "circle",
      "size": 0.425,
      "rotation": 0.0,
      "2d_coords": [
        0.6497394574254235,
        0.8137799287081733
      ],
      "color": [
        0,
        127,
        255
      ]
    },
    {
      "shape": "circle",
      "size": 0.225,
      "rotation": 0.0,
      "2d_coords": [
        0.731313289325259,
        0.29257707388545895
      ],
      "color": [
        0,
        127,
        255
      ]
    }
  ]
}