{
  "Lamp_Fill": [
    -4.649607181549072,
    -3.528106451034546,
    2.276854991912842
  ],
  "Lamp_Back": [
    -1.2943217754364014,
    1.9924991130828857,
    5.839743614196777
  ],
  "objects": [
    {
      "shape": "Sphere",
      "rotation": 0.0,
      "color": [
        0.0,
        0.0,
        1.0,
        1.0
      ],
      "size": 1.5,
      "3d_coords": [
        -0.42941996455192566,
        -2.9036672115325928,
        1.5
      ],
      "pixel_coords": [
        27,
        56,
        9.213068962097168
      ],
      "material": "MyMetal"
    },
    {
      "shape": "Suzanne",
      "rotation": 0.0,
      "color": [
        1.0,
        1.0,
        0.0,
        1.0
      ],
      "size": 1.0,
      "3d_coords": [
        -0.8072755932807922,
        0.6673509478569031,
        1.0
      ],
      "pixel_coords": [
        63,
        48,
        11.853910446166992
      ],
      "material": "Rubber"
    }
  ],
  "image_filename": "000002559646682727",
  "Lamp_Key": [
    7.414325714111328,
    -3.123265266418457,
    5.240842819213867
  ],
  "Camera": [
    7.329640865325928,
    -6.906535625457764,
    5.3395915031433105
  ]
}