{
  "Lamp_Key": [
    7.267163276672363,
    -3.8191025257110596,
    3.681619167327881
  ],
  "image_filename": "000004779571884721",
  "Lamp_Back": [
    -1.6482701301574707,
    2.4543678760528564,
    5.566397190093994
  ],
  "Lamp_Fill": [
    -4.106849670410156,
    -3.3944544792175293,
    2.2693212032318115
  ],
  "objects": [
    {
      "size": 1.5,
      "3d_coords": [
        2.054138422012329,
        -1.2852822542190552,
        1.5
      ],
      "rotation": 0.0,
      "pixel_coords": [
        68,
        63,
        8.680992126464844
      ],
      "shape": "Sphere",
      "color": [
        0.0,
        1.0,
        0.0,
        1.0
      ],
      "material": "MyMetal"
    },
    {
      "size": 2.0,
      "3d_coords": [
        -2.906506061553955,
        0.6528886556625366,
        2.0
      ],
      "rotation": 0.0,
      "pixel_coords": [
        50,
        30,
        12.8436918258667
      ],
      "shape": "SmoothCylinder",
      "color": [
        0.0,
        0.0,
        1.0,
        1.0
      ],
      "material": "Rubber"
    }
  ],
  "Camera": [
    7.839303493499756,
    -6.1601152420043945,
    5.766480445861816
  ]
}