{
  "image_filename": "000008573809404217",
  "Lamp_Fill": [
    -5.333948612213135,
    -4.228386402130127,
    3.266267776489258
  ],
  "Camera": [
    7.95699405670166,
    -6.9708452224731445,
    5.801644325256348
  ],
  "Lamp_Key": [
    7.290668487548828,
    -3.866696357727051,
    4.0943450927734375
  ],
  "objects": [
    {
      "size": 2.0,
      "pixel_coords": [
        64,
        48,
        10.029694557189941
      ],
      "rotation": 0.0,
      "material": "Rubber",
      "color": [
        0.0,
        1.0,
        1.0,
        1.0
      ],
      "shape": "Suzanne",
      "3d_coords": [
        0.9264386296272278,
        -0.8007264733314514,
        2.0
      ]
    },
    {
      "size": 2.0,
      "pixel_coords": [
        36,
        36,
        12.433585166931152
      ],
      "rotation": 0.0,
      "material": "Rubber",
      "color": [
        0.0,
        0.0,
        1.0,
        1.0
      ],
      "shape": "SmoothCylinder",
      "3d_coords": [
        -2.751455545425415,
        -0.8382987380027771,
        2.0
      ]
    }
  ],
  "Lamp_Back": [
    -1.053981900215149,
    1.8238648176193237,
    5.085555553436279
  ]
}