{
  "Lamp_Fill": [
    -5.33976936340332,
    -4.1827921867370605,
    2.292426347732544
  ],
  "Lamp_Key": [
    5.721269607543945,
    -2.753261089324951,
    3.8806023597717285
  ],
  "objects": [
    {
      "material": "Rubber",
      "rotation": 0.0,
      "color": [
        1.0,
        0.0,
        0.0,
        1.0
      ],
      "pixel_coords": [
        80,
        46,
        10.507674217224121
      ],
      "size": 1.5,
      "shape": "SmoothCube_v2",
      "3d_coords": [
        0.6714512705802917,
        1.0389400720596313,
        1.5
      ]
    },
    {
      "material": "Rubber",
      "rotation": 0.0,
      "color": [
        0.0,
        1.0,
        1.0,
        1.0
      ],
      "pixel_coords": [
        26,
        45,
        10.650679588317871
      ],
      "size": 1.5,
      "shape": "Sphere",
      "3d_coords": [
        -1.946872591972351,
        -2.1030986309051514,
        1.5
      ]
    }
  ],
  "Camera": [
    7.850895404815674,
    -6.037418365478516,
    4.997058868408203
  ],
  "image_filename": "000003188094587556",
  "Lamp_Back": [
    -1.1147650480270386,
    2.9019060134887695,
    5.703886032104492
  ]
}