{
  "image_filename": "000015620209667457",
  "objects": [
    {
      "shape": "Cone",
      "size": 2.0,
      "material": "data/materials/PoliigonWoodFlooring061.blend",
      "3d_coords": [
        1.1660524606704712,
        -2.829298973083496,
        2.0
      ],
      "rotation": 0.0,
      "pixel_coords": [
        41,
        55,
        8.098227500915527
      ]
    },
    {
      "shape": "Torus",
      "size": 2.0,
      "material": "data/materials/PoliigonWoodFlooring061.blend",
      "3d_coords": [
        -2.375044345855713,
        -0.33974653482437134,
        2.0
      ],
      "rotation": 0.0,
      "pixel_coords": [
        42,
        35,
        11.912930488586426
      ]
    }
  ],
  "ground_material": "data/materials/PoliigonFabricFleece001.blend",
  "Lamp_Key": [
    6.623378753662109,
    -3.209650754928589,
    4.508175373077393
  ],
  "Lamp_Back": [
    -1.8597601652145386,
    2.409064769744873,
    6.5029425621032715
  ],
  "Lamp_Fill": [
    -5.091161251068115,
    -3.6310503482818604,
    2.503412961959839
  ],
  "Camera": [
    7.545041084289551,
    -6.848062038421631,
    5.273288726806641
  ]
}