{
  "image_filename": "00000056",
  "objects": [
    {
      "shape": "triangle",
      "size": 0.325,
      "rotation": 0.0,
      "2d_coords": [
        0.7603717375312851,
        0.42270243405018376
      ],
      "color": [
        255,
        0,
        255
      ]
    },
    {
      "shape": "triangle",
      "size": 0.425,
      "rotation": 0.0,
      "2d_coords": [
        0.3238313641465619,
        0.5563851693323459
      ],
      "color": [
        0,
        127,
        255
      ]
    }
  ]
}