{
  "objects": [
    {
      "shape": "SmoothCylinder",
      "color": [
        0.0,
        0.0,
        1.0,
        1.0
      ],
      "pixel_coords": [
        48,
        50,
        9.625896453857422
      ],
      "material": "MyMetal",
      "size": 1.5,
      "rotation": 0.0,
      "3d_coords": [
        -0.20988912880420685,
        -1.2662490606307983,
        1.5
      ]
    },
    {
      "shape": "SmoothCube_v2",
      "color": [
        1.0,
        0.0,
        0.0,
        1.0
      ],
      "pixel_coords": [
        97,
        48,
        11.087079048156738
      ],
      "material": "Rubber",
      "size": 1.0,
      "rotation": 0.0,
      "3d_coords": [
        1.1354230642318726,
        2.4757649898529053,
        1.0
      ]
    }
  ],
  "image_filename": "000004236227411457",
  "Lamp_Back": [
    -1.3278443813323975,
    1.920806884765625,
    6.389995574951172
  ],
  "Lamp_Key": [
    6.099198818206787,
    -1.9842238426208496,
    3.935497760772705
  ],
  "Camera": [
    7.176856994628906,
    -6.112909317016602,
    5.589274883270264
  ],
  "Lamp_Fill": [
    -4.350584030151367,
    -4.027313709259033,
    3.9136650562286377
  ]
}