{
  "image_filename": "00000094",
  "objects": [
    {
      "shape": "square",
      "size": 0.425,
      "rotation": 0.0,
      "2d_coords": [
        0.6143057489572653,
        0.6995547977379377
      ],
      "color": [
        0,
        127,
        255
      ]
    },
    {
      "shape": "square",
      "size": 0.125,
      "rotation": 0.0,
      "2d_coords": [
        0.05005451174009226,
        0.6324888713986094
      ],
      "color": [
        255,
        127,
        0
      ]
    }
  ]
}