{
  "image_filename": "00000076",
  "objects": [
    {
      "shape": "star_4",
      "size": 0.325,
      "rotation": 0.0,
      "2d_coords": [
        0.4756683613049392,
        0.18591925602244994
      ],
      "color": [
        255,
        127,
        0
      ]
    },
    {
      "shape": "square",
      "size": 0.125,
      "rotation": 0.0,
      "2d_coords": [
        0.7959568155836776,
        0.7614160607156072
      ],
      "color": [
        255,
        127,
        0
      ]
    }
  ]
}