{
  "image_filename": "000009606762262103",
  "objects": [
    {
      "shape": "Suzanne",
      "size": 2.0,
      "material": "data/materials/PoliigonMetalSpottyDiscoloration001.blend",
      "3d_coords": [
        1.0151174068450928,
        -1.7015184164047241,
        2.0
      ],
      "rotation": 0.0,
      "pixel_coords": [
        53,
        50,
        8.961099624633789
      ]
    },
    {
      "shape": "Sphere",
      "size": 1.5,
      "material": "data/materials/PoliigonChainmailCopperRoundedThin001.blend",
      "3d_coords": [
        -1.009529948234558,
        2.5223991870880127,
        1.5
      ],
      "rotation": 0.0,
      "pixel_coords": [
        78,
        38,
        12.934480667114258
      ]
    }
  ],
  "ground_material": "data/materials/PoliigonBricksFlemishRed001.blend",
  "Lamp_Key": [
    6.943706512451172,
    -3.5358991622924805,
    5.015839099884033
  ],
  "Lamp_Back": [
    -0.9379181265830994,
    3.527479410171509,
    5.3589186668396
  ],
  "Lamp_Fill": [
    -4.025969505310059,
    -3.924649715423584,
    2.1280739307403564
  ],
  "Camera": [
    7.946676254272461,
    -6.407448768615723,
    5.376120090484619
  ]
}