{
  "image_filename": "00000094",
  "objects": [
    {
      "shape": "square",
      "size": 0.125,
      "rotation": 0.0,
      "2d_coords": [
        0.6556002467974753,
        0.5696718831214682
      ],
      "color": [
        255,
        127,
        0
      ]
    },
    {
      "shape": "square",
      "size": 0.225,
      "rotation": 0.0,
      "2d_coords": [
        0.727449844300443,
        0.20769342636586985
      ],
      "color": [
        0,
        255,
        0
      ]
    }
  ]
}