{
  "Lamp_Key": [
    6.799875259399414,
    -3.391733407974243,
    5.162006855010986
  ],
  "Lamp_Fill": [
    -4.19350528717041,
    -3.7485082149505615,
    2.9181768894195557
  ],
  "Lamp_Back": [
    -2.0604069232940674,
    2.363101005554199,
    6.579648017883301
  ],
  "objects": [
    {
      "pixel_coords": [
        70,
        59,
        10.334134101867676
      ],
      "size": 1.0,
      "3d_coords": [
        1.1386027336120605,
        -0.36659684777259827,
        1.0
      ],
      "rotation": 0.0,
      "shape": "Sphere",
      "material": "MyMetal",
      "color": [
        1.0,
        0.0,
        1.0,
        1.0
      ]
    },
    {
      "pixel_coords": [
        66,
        28,
        14.342761039733887
      ],
      "size": 2.0,
      "3d_coords": [
        -2.917722225189209,
        2.7351980209350586,
        2.0
      ],
      "rotation": 0.0,
      "shape": "SmoothCube_v2",
      "material": "Rubber",
      "color": [
        0.0,
        1.0,
        1.0,
        1.0
      ]
    }
  ],
  "Camera": [
    7.973907947540283,
    -6.616515159606934,
    5.618631839752197
  ],
  "image_filename": "000000933523627402"
}