{
  "image_filename": "000011565687112545",
  "objects": [
    {
      "shape": "Icosahedron",
      "size": 2.0,
      "material": "data/materials/PoliigonRoofTilesTerracotta004.blend",
      "3d_coords": [
        1.6054831743240356,
        2.8185911178588867,
        2.0
      ],
      "rotation": 0.0,
      "pixel_coords": [
        104,
        38,
        11.163111686706543
      ]
    },
    {
      "shape": "Cube",
      "size": 2.0,
      "material": "data/materials/PoliigonRoofTilesTerracotta004.blend",
      "3d_coords": [
        -1.9437059164047241,
        -2.16918683052063,
        2.0
      ],
      "rotation": 0.0,
      "pixel_coords": [
        26,
        40,
        10.669966697692871
      ]
    }
  ],
  "ground_material": "data/materials/PoliigonWoodFlooring061.blend",
  "Lamp_Key": [
    6.457995891571045,
    -3.634626865386963,
    4.4395928382873535
  ],
  "Lamp_Back": [
    -0.8449692726135254,
    3.11759352684021,
    5.142736911773682
  ],
  "Lamp_Fill": [
    -3.7229087352752686,
    -3.5497689247131348,
    3.517726182937622
  ],
  "Camera": [
    7.86591100692749,
    -6.731390476226807,
    4.940565586090088
  ]
}