{
  "Lamp_Back": [
    -1.7349772453308105,
    1.8483632802963257,
    6.555817604064941
  ],
  "Lamp_Key": [
    6.0572190284729,
    -2.004173517227173,
    4.993215084075928
  ],
  "image_filename": "000004431225642609",
  "Lamp_Fill": [
    -5.072718620300293,
    -3.1806819438934326,
    3.1971914768218994
  ],
  "objects": [
    {
      "rotation": 0.0,
      "shape": "SmoothCylinder",
      "3d_coords": [
        0.47092804312705994,
        2.212790012359619,
        1.0
      ],
      "color": [
        0.0,
        1.0,
        1.0,
        1.0
      ],
      "size": 1.0,
      "pixel_coords": [
        88,
        48,
        11.535776138305664
      ],
      "material": "MyMetal"
    },
    {
      "rotation": 0.0,
      "shape": "SmoothCube_v2",
      "3d_coords": [
        0.5302287936210632,
        -2.260195016860962,
        2.0
      ],
      "color": [
        1.0,
        0.0,
        1.0,
        1.0
      ],
      "size": 2.0,
      "pixel_coords": [
        41,
        49,
        8.541114807128906
      ],
      "material": "Rubber"
    }
  ],
  "Camera": [
    7.677359580993652,
    -6.186925888061523,
    5.062006950378418
  ]
}