{
  "Lamp_Key": [
    5.580549240112305,
    -3.278975009918213,
    4.155312538146973
  ],
  "objects": [
    {
      "material": "MyMetal",
      "size": 2.0,
      "color": [
        1.0,
        0.0,
        1.0,
        1.0
      ],
      "pixel_coords": [
        97,
        43,
        10.201013565063477
      ],
      "3d_coords": [
        1.8581597805023193,
        1.5407384634017944,
        2.0
      ],
      "shape": "Suzanne",
      "rotation": 0.0
    },
    {
      "material": "Rubber",
      "size": 1.5,
      "color": [
        0.0,
        0.0,
        1.0,
        1.0
      ],
      "pixel_coords": [
        68,
        32,
        14.084774017333984
      ],
      "3d_coords": [
        -2.61928653717041,
        2.7030251026153564,
        1.5
      ],
      "shape": "SmoothCylinder",
      "rotation": 0.0
    }
  ],
  "Camera": [
    7.756752967834473,
    -6.375583648681641,
    5.804579257965088
  ],
  "Lamp_Back": [
    -0.45212069153785706,
    3.0378122329711914,
    6.227008819580078
  ],
  "Lamp_Fill": [
    -4.184714317321777,
    -3.9790642261505127,
    2.5754289627075195
  ],
  "image_filename": "000006541642303856"
}