{
  "image_filename": "00000010",
  "objects": [
    {
      "shape": "square",
      "size": 0.225,
      "rotation": 0.0,
      "2d_coords": [
        0.8251682085978715,
        0.3914007334392752
      ],
      "color": [
        0,
        127,
        255
      ]
    },
    {
      "shape": "circle",
      "size": 0.125,
      "rotation": 0.0,
      "2d_coords": [
        0.44227843273906414,
        0.8527310195141049
      ],
      "color": [
        255,
        127,
        0
      ]
    }
  ]
}