{
  "Camera": [
    7.8345112800598145,
    -6.6382904052734375,
    5.539188861846924
  ],
  "Lamp_Fill": [
    -4.128608703613281,
    -4.473797798156738,
    2.963162660598755
  ],
  "Lamp_Back": [
    -0.8322702646255493,
    3.3238484859466553,
    6.79044246673584
  ],
  "Lamp_Key": [
    7.1347150802612305,
    -2.920490026473999,
    4.6282734870910645
  ],
  "objects": [
    {
      "shape": "SmoothCube_v2",
      "rotation": 0.0,
      "size": 1.0,
      "3d_coords": [
        0.8066912293434143,
        2.242656946182251,
        1.0
      ],
      "material": "Rubber",
      "pixel_coords": [
        90,
        49,
        11.92697811126709
      ],
      "color": [
        1.0,
        0.0,
        0.0,
        1.0
      ]
    },
    {
      "shape": "SmoothCylinder",
      "rotation": 0.0,
      "size": 2.0,
      "3d_coords": [
        -1.075148582458496,
        -1.2360562086105347,
        2.0
      ],
      "material": "MyMetal",
      "pixel_coords": [
        43,
        41,
        10.736605644226074
      ],
      "color": [
        1.0,
        0.0,
        0.0,
        1.0
      ]
    }
  ],
  "image_filename": "000002152623661840"
}