{
  "Lamp_Key": [
    6.175224781036377,
    -3.5262563228607178,
    3.584240674972534
  ],
  "objects": [
    {
      "material": "MyMetal",
      "pixel_coords": [
        40,
        39,
        10.226785659790039
      ],
      "size": 2.0,
      "3d_coords": [
        -1.2774182558059692,
        -1.1743788719177246,
        2.0
      ],
      "shape": "SmoothCube_v2",
      "rotation": 0.0,
      "color": [
        1.0,
        1.0,
        0.0,
        1.0
      ]
    },
    {
      "material": "Rubber",
      "pixel_coords": [
        59,
        65,
        6.685791015625
      ],
      "size": 2.0,
      "3d_coords": [
        2.6148841381073,
        -2.9285426139831543,
        2.0
      ],
      "shape": "Sphere",
      "rotation": 0.0,
      "color": [
        0.0,
        1.0,
        0.0,
        1.0
      ]
    }
  ],
  "Camera": [
    6.995307445526123,
    -6.8516998291015625,
    5.192816734313965
  ],
  "image_filename": "000002621865669496",
  "Lamp_Back": [
    -2.119262933731079,
    2.035722494125366,
    5.046490669250488
  ],
  "Lamp_Fill": [
    -5.313484191894531,
    -4.806354999542236,
    3.341026544570923
  ]
}