{
  "Lamp_Back": [
    -0.6621951460838318,
    1.7494091987609863,
    6.791930198669434
  ],
  "image_filename": "000001781275504474",
  "Camera": [
    7.450833797454834,
    -6.526033401489258,
    5.598968982696533
  ],
  "objects": [
    {
      "rotation": 0.0,
      "size": 2.0,
      "material": "Rubber",
      "pixel_coords": [
        62,
        68,
        6.9637956619262695
      ],
      "color": [
        0.0,
        0.0,
        1.0,
        1.0
      ],
      "3d_coords": [
        2.893096446990967,
        -2.676429033279419,
        2.0
      ],
      "shape": "SmoothCylinder"
    },
    {
      "rotation": 0.0,
      "size": 2.0,
      "material": "Rubber",
      "pixel_coords": [
        108,
        46,
        9.495804786682129
      ],
      "color": [
        0.0,
        0.0,
        1.0,
        1.0
      ],
      "3d_coords": [
        2.7493207454681396,
        1.5738171339035034,
        2.0
      ],
      "shape": "SmoothCylinder"
    }
  ],
  "Lamp_Fill": [
    -4.927863597869873,
    -4.128650188446045,
    2.849975824356079
  ],
  "Lamp_Key": [
    5.896914482116699,
    -2.7076680660247803,
    5.008265972137451
  ]
}