{
  "image_filename": "00000066",
  "objects": [
    {
      "shape": "triangle",
      "size": 0.225,
      "rotation": 0.0,
      "2d_coords": [
        0.25482843441006986,
        0.6130417146038384
      ],
      "color": [
        0,
        255,
        0
      ]
    },
    {
      "shape": "star_4",
      "size": 0.325,
      "rotation": 0.0,
      "2d_coords": [
        0.6929502381774127,
        0.3957418845391515
      ],
      "color": [
        255,
        0,
        255
      ]
    }
  ]
}