{
  "image_filename": "000007127082387789",
  "objects": [
    {
      "shape": "Suzanne",
      "size": 1.5,
      "material": "data/materials/PoliigonFabricFleece001.blend",
      "3d_coords": [
        -2.515817880630493,
        1.611907958984375,
        1.5
      ],
      "rotation": 0.0,
      "pixel_coords": [
        60,
        35,
        12.780595779418945
      ]
    },
    {
      "shape": "Suzanne",
      "size": 1.5,
      "material": "data/materials/PoliigonWoodFlooring061.blend",
      "3d_coords": [
        2.478306293487549,
        0.500884473323822,
        1.5
      ],
      "rotation": 0.0,
      "pixel_coords": [
        96,
        54,
        8.733652114868164
      ]
    }
  ],
  "ground_material": "data/materials/PoliigonWoodFlooring061.blend",
  "Lamp_Key": [
    6.469336032867432,
    -3.668189525604248,
    5.0456695556640625
  ],
  "Lamp_Back": [
    -0.276493102312088,
    2.4061529636383057,
    5.691893100738525
  ],
  "Lamp_Fill": [
    -4.239567279815674,
    -4.971024513244629,
    2.6228623390197754
  ],
  "Camera": [
    7.4041948318481445,
    -6.16110897064209,
    4.947369575500488
  ]
}