{
  "Lamp_Fill": [
    -5.298015594482422,
    -4.687720775604248,
    3.1510348320007324
  ],
  "Lamp_Key": [
    5.536910533905029,
    -3.832368850708008,
    3.556143283843994
  ],
  "image_filename": "000001904910169338",
  "Lamp_Back": [
    -0.3243089020252228,
    1.9596045017242432,
    5.028256893157959
  ],
  "objects": [
    {
      "rotation": 0.0,
      "size": 1.5,
      "pixel_coords": [
        114,
        52,
        9.84798812866211
      ],
      "3d_coords": [
        2.979339599609375,
        2.1341359615325928,
        1.5
      ],
      "material": "Rubber",
      "color": [
        0.0,
        0.0,
        1.0,
        1.0
      ],
      "shape": "SmoothCylinder"
    },
    {
      "rotation": 0.0,
      "size": 2.0,
      "pixel_coords": [
        25,
        44,
        9.881389617919922
      ],
      "3d_coords": [
        -1.1774293184280396,
        -2.5718753337860107,
        2.0
      ],
      "material": "MyMetal",
      "color": [
        0.0,
        1.0,
        0.0,
        1.0
      ],
      "shape": "SmoothCylinder"
    }
  ],
  "Camera": [
    7.815067768096924,
    -6.226889133453369,
    5.5981011390686035
  ]
}