{
  "image_filename": "000010566311655069",
  "objects": [
    {
      "size": 2.0,
      "3d_coords": [
        -1.2732714414596558,
        1.3107519149780273,
        2.0
      ],
      "rotation": 0.0,
      "color": [
        1.0,
        1.0,
        0.0,
        1.0
      ],
      "material": "MyMetal",
      "shape": "Sphere",
      "pixel_coords": [
        65,
        33,
        11.817331314086914
      ]
    },
    {
      "size": 1.5,
      "3d_coords": [
        2.603756904602051,
        -1.3809080123901367,
        1.5
      ],
      "rotation": 0.0,
      "color": [
        1.0,
        0.0,
        1.0,
        1.0
      ],
      "material": "Rubber",
      "shape": "SmoothCube_v2",
      "pixel_coords": [
        77,
        66,
        8.003812789916992
      ]
    }
  ],
  "Lamp_Fill": [
    -5.231331825256348,
    -4.8851799964904785,
    3.4919819831848145
  ],
  "Camera": [
    7.121850490570068,
    -6.664910793304443,
    5.5412397384643555
  ],
  "Lamp_Back": [
    -0.24526572227478027,
    3.4926743507385254,
    5.906084060668945
  ],
  "Lamp_Key": [
    7.257776260375977,
    -2.861140012741089,
    5.0264177322387695
  ]
}