{
  "Lamp_Back": [
    -1.1146777868270874,
    3.2523550987243652,
    6.236229419708252
  ],
  "Lamp_Key": [
    6.366787433624268,
    -3.7629871368408203,
    4.5488600730896
  ],
  "objects": [
    {
      "pixel_coords": [
        95,
        59,
        8.540822982788086
      ],
      "3d_coords": [
        2.8855299949645996,
        0.0014175268588587642,
        1.5
      ],
      "size": 1.5,
      "rotation": 0.0,
      "material": "MyMetal",
      "color": [
        1.0,
        0.0,
        1.0,
        1.0
      ],
      "shape": "Suzanne"
    },
    {
      "pixel_coords": [
        54,
        37,
        12.430952072143555
      ],
      "3d_coords": [
        -2.2840635776519775,
        0.7538303136825562,
        1.5
      ],
      "size": 1.5,
      "rotation": 0.0,
      "material": "Rubber",
      "color": [
        1.0,
        0.0,
        1.0,
        1.0
      ],
      "shape": "SmoothCylinder"
    }
  ],
  "Lamp_Fill": [
    -4.5441718101501465,
    -4.753791809082031,
    3.3866984844207764
  ],
  "image_filename": "000012018620639420",
  "Camera": [
    7.482022285461426,
    -6.402951717376709,
    5.295549392700195
  ]
}