{
  "Lamp_Key": [
    5.9461989402771,
    -3.834948778152466,
    4.280156135559082
  ],
  "Lamp_Back": [
    -0.2082308828830719,
    2.996706247329712,
    6.62371301651001
  ],
  "image_filename": "000000964112169769",
  "Lamp_Fill": [
    -5.264039516448975,
    -4.473657131195068,
    3.399491310119629
  ],
  "Camera": [
    7.117088794708252,
    -6.223810195922852,
    4.926659107208252
  ],
  "objects": [
    {
      "size": 2.0,
      "color": [
        0.0,
        0.0,
        1.0,
        1.0
      ],
      "pixel_coords": [
        91,
        35,
        10.62501049041748
      ],
      "shape": "SmoothCylinder",
      "3d_coords": [
        0.5851906538009644,
        2.1903882026672363,
        2.0
      ],
      "rotation": 0.0,
      "material": "Rubber"
    },
    {
      "size": 1.5,
      "color": [
        0.0,
        1.0,
        0.0,
        1.0
      ],
      "pixel_coords": [
        42,
        64,
        7.409763336181641
      ],
      "shape": "Sphere",
      "3d_coords": [
        1.4056094884872437,
        -2.7748420238494873,
        1.5
      ],
      "rotation": 0.0,
      "material": "MyMetal"
    }
  ]
}