{
  "Lamp_Key": [
    7.256799221038818,
    -3.036917209625244,
    3.772028923034668
  ],
  "Lamp_Back": [
    -1.6809250116348267,
    2.2140586376190186,
    5.133623123168945
  ],
  "objects": [
    {
      "color": [
        1.0,
        0.0,
        1.0,
        1.0
      ],
      "rotation": 0.0,
      "shape": "SmoothCube_v2",
      "3d_coords": [
        0.5884362459182739,
        2.736954927444458,
        1.5
      ],
      "material": "Rubber",
      "pixel_coords": [
        93,
        41,
        11.800897598266602
      ],
      "size": 1.5
    },
    {
      "color": [
        0.0,
        0.0,
        1.0,
        1.0
      ],
      "rotation": 0.0,
      "shape": "SmoothCylinder",
      "3d_coords": [
        -2.606804132461548,
        -0.18300563097000122,
        2.0
      ],
      "material": "MyMetal",
      "pixel_coords": [
        42,
        33,
        11.975662231445312
      ],
      "size": 2.0
    }
  ],
  "image_filename": "000006035380484387",
  "Camera": [
    7.44918155670166,
    -6.524158954620361,
    5.537689208984375
  ],
  "Lamp_Fill": [
    -4.271805286407471,
    -3.6145546436309814,
    2.318962812423706
  ]
}