{
  "Camera": [
    7.902529716491699,
    -6.0676774978637695,
    5.0196146965026855
  ],
  "image_filename": "000007697153114135",
  "Lamp_Fill": [
    -4.922783374786377,
    -4.991434097290039,
    3.459203004837036
  ],
  "objects": [
    {
      "material": "Rubber",
      "color": [
        1.0,
        0.0,
        0.0,
        1.0
      ],
      "size": 1.0,
      "3d_coords": [
        -1.5574954748153687,
        1.8690005540847778,
        1.0
      ],
      "rotation": 0.0,
      "pixel_coords": [
        70,
        43,
        12.826128005981445
      ],
      "shape": "SmoothCube_v2"
    },
    {
      "material": "MyMetal",
      "color": [
        0.0,
        1.0,
        1.0,
        1.0
      ],
      "size": 1.5,
      "3d_coords": [
        2.0627057552337646,
        -1.4834277629852295,
        1.5
      ],
      "rotation": 0.0,
      "pixel_coords": [
        65,
        61,
        8.21349048614502
      ],
      "shape": "Suzanne"
    }
  ],
  "Lamp_Key": [
    6.157365322113037,
    -2.4576425552368164,
    3.5094804763793945
  ],
  "Lamp_Back": [
    -1.9515712261199951,
    1.6546250581741333,
    6.264246940612793
  ]
}