{
  "image_filename": "000007525479448652",
  "objects": [
    {
      "shape": "Sphere",
      "size": 2.0,
      "material": "data/materials/PoliigonChainmailCopperRoundedThin001.blend",
      "3d_coords": [
        2.0982260704040527,
        -2.9791641235351562,
        2.0
      ],
      "rotation": 0.0,
      "pixel_coords": [
        46,
        64,
        6.800448417663574
      ]
    },
    {
      "shape": "Sphere",
      "size": 1.5,
      "material": "data/materials/PoliigonFabricFleece001.blend",
      "3d_coords": [
        1.744204044342041,
        1.19679856300354,
        1.5
      ],
      "rotation": 0.0,
      "pixel_coords": [
        94,
        49,
        9.650500297546387
      ]
    }
  ],
  "ground_material": "data/materials/PoliigonMetalSpottyDiscoloration001.blend",
  "Lamp_Key": [
    6.334539890289307,
    -3.792647361755371,
    4.881008148193359
  ],
  "Lamp_Back": [
    -0.2459968477487564,
    2.2336227893829346,
    5.027904033660889
  ],
  "Lamp_Fill": [
    -4.816998481750488,
    -4.46800422668457,
    2.0383777618408203
  ],
  "Camera": [
    7.142271041870117,
    -6.162986755371094,
    5.383790493011475
  ]
}