{
  "Lamp_Back": [
    -0.4906722903251648,
    2.9114484786987305,
    6.324195861816406
  ],
  "image_filename": "000012616115091574",
  "Lamp_Fill": [
    -4.8193039894104,
    -3.0554122924804688,
    3.901413679122925
  ],
  "objects": [
    {
      "rotation": 0.0,
      "material": "MyMetal",
      "pixel_coords": [
        78,
        32,
        12.655012130737305
      ],
      "3d_coords": [
        -0.9156402945518494,
        2.5717663764953613,
        2.0
      ],
      "shape": "Sphere",
      "size": 2.0,
      "color": [
        1.0,
        0.0,
        1.0,
        1.0
      ]
    },
    {
      "rotation": 0.0,
      "material": "MyMetal",
      "pixel_coords": [
        50,
        55,
        10.616923332214355
      ],
      "3d_coords": [
        -0.40754079818725586,
        -1.082093358039856,
        1.0
      ],
      "shape": "SmoothCube_v2",
      "size": 1.0,
      "color": [
        0.0,
        0.0,
        1.0,
        1.0
      ]
    }
  ],
  "Lamp_Key": [
    5.840691566467285,
    -2.7764906883239746,
    4.94965124130249
  ],
  "Camera": [
    7.488954067230225,
    -6.820693016052246,
    5.365176677703857
  ]
}