{
  "image_filename": "000002349723158239",
  "objects": [
    {
      "shape": "NewellTeapot",
      "size": 2.0,
      "material": "data/materials/PoliigonWoodFlooring061.blend",
      "3d_coords": [
        -1.83501398563385,
        -2.175291061401367,
        2.0
      ],
      "rotation": 0.0,
      "pixel_coords": [
        25,
        39,
        10.269332885742188
      ]
    },
    {
      "shape": "Sphere",
      "size": 1.5,
      "material": "data/materials/PoliigonBricksFlemishRed001.blend",
      "3d_coords": [
        -2.8145487308502197,
        2.2772793769836426,
        1.5
      ],
      "rotation": 0.0,
      "pixel_coords": [
        64,
        33,
        13.614436149597168
      ]
    }
  ],
  "ground_material": "data/materials/PoliigonFabricDenim003.blend",
  "Lamp_Key": [
    5.872159957885742,
    -3.62888765335083,
    3.2759110927581787
  ],
  "Lamp_Back": [
    -1.945206642150879,
    1.9150465726852417,
    5.099148750305176
  ],
  "Lamp_Fill": [
    -3.9480464458465576,
    -3.605717420578003,
    3.217827081680298
  ],
  "Camera": [
    7.698850631713867,
    -6.079829216003418,
    5.266522407531738
  ]
}