{
  "Camera": [
    7.301351547241211,
    -6.879857540130615,
    5.314922332763672
  ],
  "image_filename": "000011659860826446",
  "Lamp_Back": [
    -0.7444646954536438,
    1.9003429412841797,
    6.044811248779297
  ],
  "Lamp_Fill": [
    -5.057849407196045,
    -4.4616498947143555,
    2.3140900135040283
  ],
  "objects": [
    {
      "shape": "Sphere",
      "3d_coords": [
        -2.1722099781036377,
        -0.8966588377952576,
        1.5
      ],
      "rotation": 0.0,
      "color": [
        0.0,
        1.0,
        0.0,
        1.0
      ],
      "pixel_coords": [
        38,
        42,
        11.504393577575684
      ],
      "size": 1.5,
      "material": "MyMetal"
    },
    {
      "shape": "SmoothCube_v2",
      "3d_coords": [
        1.023019790649414,
        -0.7510345578193665,
        1.5
      ],
      "rotation": 0.0,
      "color": [
        0.0,
        0.0,
        1.0,
        1.0
      ],
      "pixel_coords": [
        66,
        53,
        9.53772258758545
      ],
      "size": 1.5,
      "material": "MyMetal"
    }
  ],
  "Lamp_Key": [
    7.227029800415039,
    -2.3598148822784424,
    3.3268892765045166
  ]
}