{
  "Camera": [
    7.023053169250488,
    -6.61898946762085,
    5.237602710723877
  ],
  "Lamp_Fill": [
    -5.0255045890808105,
    -4.769217491149902,
    3.190831422805786
  ],
  "Lamp_Back": [
    -0.924352765083313,
    2.89412522315979,
    6.512502670288086
  ],
  "image_filename": "000012191462973019",
  "objects": [
    {
      "color": [
        0.0,
        1.0,
        1.0,
        1.0
      ],
      "shape": "SmoothCylinder",
      "rotation": 0.0,
      "material": "Rubber",
      "pixel_coords": [
        99,
        38,
        10.221839904785156
      ],
      "3d_coords": [
        1.6089417934417725,
        2.031564474105835,
        2.0
      ],
      "size": 2.0
    },
    {
      "color": [
        0.0,
        0.0,
        1.0,
        1.0
      ],
      "shape": "SmoothCylinder",
      "rotation": 0.0,
      "material": "Rubber",
      "pixel_coords": [
        74,
        77,
        7.590106964111328
      ],
      "3d_coords": [
        2.779942512512207,
        -1.8830512762069702,
        1.0
      ],
      "size": 1.0
    }
  ],
  "Lamp_Key": [
    6.858252048492432,
    -2.729520559310913,
    4.819888591766357
  ]
}