{
  "Lamp_Back": [
    -1.9675081968307495,
    2.7994906902313232,
    6.644819259643555
  ],
  "image_filename": "000013738018035229",
  "Camera": [
    7.263276100158691,
    -6.82632303237915,
    5.090390205383301
  ],
  "objects": [
    {
      "rotation": 0.0,
      "material": "MyMetal",
      "shape": "SmoothCube_v2",
      "size": 1.5,
      "color": [
        1.0,
        0.0,
        1.0,
        1.0
      ],
      "pixel_coords": [
        92,
        55,
        8.985671997070312
      ],
      "3d_coords": [
        2.473317861557007,
        0.1323854625225067,
        1.5
      ]
    },
    {
      "rotation": 0.0,
      "material": "Rubber",
      "shape": "SmoothCube_v2",
      "size": 2.0,
      "color": [
        1.0,
        0.0,
        0.0,
        1.0
      ],
      "pixel_coords": [
        24,
        36,
        11.102495193481445
      ],
      "3d_coords": [
        -2.8621110916137695,
        -1.7010376453399658,
        2.0
      ]
    }
  ],
  "Lamp_Key": [
    5.565051078796387,
    -3.4219167232513428,
    4.669544219970703
  ],
  "Lamp_Fill": [
    -4.2520904541015625,
    -4.788123607635498,
    2.8987584114074707
  ]
}