{
  "objects": [
    {
      "3d_coords": [
        1.9864755868911743,
        -0.8236192464828491,
        2.0
      ],
      "rotation": 0.0,
      "color": [
        1.0,
        1.0,
        0.0,
        1.0
      ],
      "shape": "Sphere",
      "pixel_coords": [
        77,
        50,
        8.542221069335938
      ],
      "material": "MyMetal",
      "size": 2.0
    },
    {
      "3d_coords": [
        -2.738297700881958,
        2.808985471725464,
        2.0
      ],
      "rotation": 0.0,
      "color": [
        0.0,
        0.0,
        1.0,
        1.0
      ],
      "shape": "SmoothCylinder",
      "pixel_coords": [
        66,
        28,
        13.793095588684082
      ],
      "material": "Rubber",
      "size": 2.0
    }
  ],
  "image_filename": "000010848499596809",
  "Lamp_Fill": [
    -3.7059738636016846,
    -5.0096001625061035,
    2.7835776805877686
  ],
  "Lamp_Back": [
    -1.099792242050171,
    3.0105478763580322,
    6.661421298980713
  ],
  "Camera": [
    7.250367641448975,
    -6.833999156951904,
    5.227871417999268
  ],
  "Lamp_Key": [
    6.0324201583862305,
    -3.0222055912017822,
    4.905214786529541
  ]
}