{
  "Camera": [
    7.553727149963379,
    -6.148075103759766,
    5.308395862579346
  ],
  "Lamp_Back": [
    -0.8109408617019653,
    3.569864511489868,
    4.833597183227539
  ],
  "Lamp_Fill": [
    -4.460777759552002,
    -3.5627291202545166,
    2.045480489730835
  ],
  "objects": [
    {
      "3d_coords": [
        -1.1524239778518677,
        1.1400645971298218,
        1.0
      ],
      "color": [
        0.0,
        1.0,
        1.0,
        1.0
      ],
      "size": 1.0,
      "pixel_coords": [
        66,
        45,
        12.030320167541504
      ],
      "rotation": 0.0,
      "shape": "Suzanne",
      "material": "Rubber"
    },
    {
      "3d_coords": [
        2.6218392848968506,
        -1.1996183395385742,
        1.0
      ],
      "color": [
        0.0,
        0.0,
        1.0,
        1.0
      ],
      "size": 1.0,
      "pixel_coords": [
        76,
        72,
        8.163248062133789
      ],
      "rotation": 0.0,
      "shape": "SmoothCube_v2",
      "material": "MyMetal"
    }
  ],
  "image_filename": "000009625729871049",
  "Lamp_Key": [
    6.3799238204956055,
    -2.6359434127807617,
    5.2321648597717285
  ]
}