{
  "Lamp_Key": [
    5.780135154724121,
    -2.853100538253784,
    4.5244221687316895
  ],
  "Lamp_Back": [
    -1.471754789352417,
    2.919557809829712,
    5.829800605773926
  ],
  "objects": [
    {
      "pixel_coords": [
        62,
        43,
        11.141732215881348
      ],
      "material": "MyMetal",
      "3d_coords": [
        -0.6874866485595703,
        0.39345231652259827,
        1.5
      ],
      "color": [
        0.0,
        1.0,
        1.0,
        1.0
      ],
      "rotation": 0.0,
      "size": 1.5,
      "shape": "SmoothCube_v2"
    },
    {
      "pixel_coords": [
        63,
        75,
        7.104596138000488
      ],
      "material": "Rubber",
      "3d_coords": [
        2.860128164291382,
        -2.5829718112945557,
        1.5
      ],
      "color": [
        0.0,
        1.0,
        0.0,
        1.0
      ],
      "rotation": 0.0,
      "size": 1.5,
      "shape": "SmoothCylinder"
    }
  ],
  "image_filename": "000009809970368175",
  "Camera": [
    7.308780193328857,
    -6.479166507720947,
    5.479839324951172
  ],
  "Lamp_Fill": [
    -4.886341094970703,
    -4.169973850250244,
    2.582695960998535
  ]
}