{
  "image_filename": "00000006",
  "objects": [
    {
      "shape": "triangle",
      "size": 0.325,
      "rotation": 0.0,
      "2d_coords": [
        0.7800546208042711,
        0.20611888543314427
      ],
      "color": [
        255,
        0,
        255
      ]
    },
    {
      "shape": "square",
      "size": 0.225,
      "rotation": 0.0,
      "2d_coords": [
        0.13313650051480838,
        0.3686419958754292
      ],
      "color": [
        255,
        0,
        255
      ]
    }
  ]
}