{
  "image_filename": "000008038859855462",
  "objects": [
    {
      "shape": "Cube",
      "size": 1.5,
      "material": "data/materials/PoliigonBricksPaintedWhite001.blend",
      "3d_coords": [
        -2.4813578128814697,
        -0.4568864107131958,
        1.5
      ],
      "rotation": 0.0,
      "pixel_coords": [
        40,
        41,
        11.998684883117676
      ]
    },
    {
      "shape": "Cube",
      "size": 1.5,
      "material": "data/materials/PoliigonBricksPaintedWhite001.blend",
      "3d_coords": [
        1.394728183746338,
        -0.64312744140625,
        1.5
      ],
      "rotation": 0.0,
      "pixel_coords": [
        71,
        53,
        9.348123550415039
      ]
    }
  ],
  "ground_material": "data/materials/PoliigonRoofTilesTerracotta004.blend",
  "Lamp_Key": [
    5.845671653747559,
    -3.2070810794830322,
    4.1913323402404785
  ],
  "Lamp_Back": [
    -1.4275379180908203,
    2.8415160179138184,
    6.504823684692383
  ],
  "Lamp_Fill": [
    -3.9540956020355225,
    -4.411313533782959,
    3.629194498062134
  ],
  "Camera": [
    7.404918193817139,
    -6.9530134201049805,
    4.990254878997803
  ]
}