{
  "Lamp_Key": [
    6.976276874542236,
    -2.668973207473755,
    5.0900397300720215
  ],
  "image_filename": "000008695991253660",
  "Camera": [
    7.757266521453857,
    -6.638961315155029,
    5.07038688659668
  ],
  "Lamp_Back": [
    -1.22742760181427,
    2.8541576862335205,
    4.926292896270752
  ],
  "objects": [
    {
      "3d_coords": [
        1.4514418840408325,
        -2.4396398067474365,
        1.5
      ],
      "color": [
        1.0,
        0.0,
        1.0,
        1.0
      ],
      "rotation": 0.0,
      "material": "Rubber",
      "size": 1.5,
      "pixel_coords": [
        49,
        62,
        8.324419975280762
      ],
      "shape": "SmoothCube_v2"
    },
    {
      "3d_coords": [
        1.824571132659912,
        1.5198034048080444,
        2.0
      ],
      "color": [
        1.0,
        1.0,
        0.0,
        1.0
      ],
      "rotation": 0.0,
      "material": "MyMetal",
      "size": 2.0,
      "pixel_coords": [
        96,
        42,
        10.153977394104004
      ],
      "shape": "Sphere"
    }
  ],
  "Lamp_Fill": [
    -4.553847789764404,
    -3.7190608978271484,
    2.034525156021118
  ]
}