{
  "objects": [
    {
      "shape": "SmoothCube_v2",
      "material": "Rubber",
      "rotation": 0.0,
      "3d_coords": [
        -0.8102847337722778,
        2.378638744354248,
        1.0
      ],
      "color": [
        0.0,
        1.0,
        1.0,
        1.0
      ],
      "size": 1.0,
      "pixel_coords": [
        78,
        43,
        12.906696319580078
      ]
    },
    {
      "shape": "SmoothCylinder",
      "material": "MyMetal",
      "rotation": 0.0,
      "3d_coords": [
        0.587770402431488,
        -1.806983232498169,
        1.5
      ],
      "color": [
        0.0,
        0.0,
        1.0,
        1.0
      ],
      "size": 1.5,
      "pixel_coords": [
        50,
        56,
        9.322012901306152
      ]
    }
  ],
  "image_filename": "000012016681831986",
  "Lamp_Back": [
    -1.312786340713501,
    1.9708607196807861,
    5.6875128746032715
  ],
  "Camera": [
    7.532664775848389,
    -6.652858734130859,
    5.548480987548828
  ],
  "Lamp_Key": [
    6.839970111846924,
    -2.116424560546875,
    4.592799663543701
  ],
  "Lamp_Fill": [
    -4.989011764526367,
    -4.69127082824707,
    2.306281328201294
  ]
}