{
  "image_filename": "000015896562068897",
  "objects": [
    {
      "shape": "Cone",
      "size": 1.0,
      "material": "data/materials/PoliigonBricksFlemishRed001.blend",
      "3d_coords": [
        0.7778546810150146,
        -2.8916778564453125,
        1.0
      ],
      "rotation": 0.0,
      "pixel_coords": [
        36,
        71,
        8.45841121673584
      ]
    },
    {
      "shape": "Suzanne",
      "size": 1.0,
      "material": "data/materials/PoliigonFabricDenim003.blend",
      "3d_coords": [
        -1.9925005435943604,
        0.6000056266784668,
        1.0
      ],
      "rotation": 0.0,
      "pixel_coords": [
        54,
        43,
        12.205348014831543
      ]
    }
  ],
  "ground_material": "data/materials/PoliigonChainmailCopperRoundedThin001.blend",
  "Lamp_Key": [
    5.640244483947754,
    -3.8118669986724854,
    4.796510219573975
  ],
  "Lamp_Back": [
    -0.7669233679771423,
    2.9182820320129395,
    4.936864376068115
  ],
  "Lamp_Fill": [
    -3.7622411251068115,
    -4.216758728027344,
    2.600079298019409
  ],
  "Camera": [
    7.186896800994873,
    -6.2058515548706055,
    5.742437839508057
  ]
}