{
  "image_filename": "000002903100586056",
  "Lamp_Back": [
    -1.3491401672363281,
    3.268436908721924,
    5.326234340667725
  ],
  "objects": [
    {
      "rotation": 0.0,
      "3d_coords": [
        -0.2713793218135834,
        -0.6793957352638245,
        1.0
      ],
      "color": [
        1.0,
        0.0,
        1.0,
        1.0
      ],
      "shape": "Sphere",
      "pixel_coords": [
        55,
        54,
        10.825457572937012
      ],
      "material": "Rubber",
      "size": 1.0
    },
    {
      "rotation": 0.0,
      "3d_coords": [
        -0.9833025336265564,
        2.8135666847229004,
        1.5
      ],
      "color": [
        1.0,
        1.0,
        0.0,
        1.0
      ],
      "shape": "Sphere",
      "pixel_coords": [
        81,
        37,
        13.02684497833252
      ],
      "material": "MyMetal",
      "size": 1.5
    }
  ],
  "Lamp_Key": [
    6.413975238800049,
    -3.753025531768799,
    3.390712261199951
  ],
  "Camera": [
    7.8286213874816895,
    -6.425508499145508,
    5.433070182800293
  ],
  "Lamp_Fill": [
    -5.376636505126953,
    -4.506326675415039,
    3.217046022415161
  ]
}