{
  "Camera": [
    7.548830509185791,
    -6.843883991241455,
    5.1703033447265625
  ],
  "objects": [
    {
      "3d_coords": [
        -2.6705479621887207,
        -1.4315849542617798,
        2.0
      ],
      "rotation": 0.0,
      "shape": "SmoothCube_v2",
      "pixel_coords": [
        29,
        37,
        11.427957534790039
      ],
      "size": 2.0,
      "color": [
        0.0,
        1.0,
        1.0,
        1.0
      ],
      "material": "Rubber"
    },
    {
      "3d_coords": [
        -0.01631355844438076,
        1.012637972831726,
        1.0
      ],
      "rotation": 0.0,
      "shape": "Suzanne",
      "pixel_coords": [
        73,
        49,
        11.590910911560059
      ],
      "size": 1.0,
      "color": [
        0.0,
        1.0,
        0.0,
        1.0
      ],
      "material": "Rubber"
    }
  ],
  "image_filename": "000005862143165215",
  "Lamp_Back": [
    -0.29444313049316406,
    2.886934518814087,
    5.328716278076172
  ],
  "Lamp_Key": [
    5.467872619628906,
    -3.3394033908843994,
    3.7280452251434326
  ],
  "Lamp_Fill": [
    -5.190913677215576,
    -4.945443630218506,
    2.3769965171813965
  ]
}