{
  "image_filename": "000008752038507040",
  "Lamp_Fill": [
    -4.639865875244141,
    -4.478764057159424,
    2.3504998683929443
  ],
  "objects": [
    {
      "3d_coords": [
        2.366431713104248,
        -2.7546370029449463,
        1.5
      ],
      "pixel_coords": [
        58,
        74,
        7.440818786621094
      ],
      "shape": "SmoothCube_v2",
      "material": "MyMetal",
      "color": [
        0.0,
        1.0,
        1.0,
        1.0
      ],
      "rotation": 0.0,
      "size": 1.5
    },
    {
      "3d_coords": [
        -1.5463056564331055,
        -2.881439447402954,
        2.0
      ],
      "pixel_coords": [
        18,
        45,
        9.53788948059082
      ],
      "shape": "Sphere",
      "material": "MyMetal",
      "color": [
        1.0,
        0.0,
        0.0,
        1.0
      ],
      "rotation": 0.0,
      "size": 2.0
    }
  ],
  "Camera": [
    7.018646240234375,
    -6.777884006500244,
    5.735678672790527
  ],
  "Lamp_Back": [
    -1.8901333808898926,
    2.864452362060547,
    5.293529510498047
  ],
  "Lamp_Key": [
    5.49619197845459,
    -1.9382506608963013,
    3.382951021194458
  ]
}