{
  "image_filename": "00000095",
  "objects": [
    {
      "shape": "square",
      "size": 0.425,
      "rotation": 0.0,
      "2d_coords": [
        0.2797511162056686,
        0.32872366111119333
      ],
      "color": [
        255,
        127,
        0
      ]
    },
    {
      "shape": "triangle",
      "size": 0.325,
      "rotation": 0.0,
      "2d_coords": [
        0.29319094180259314,
        0.6551783977653372
      ],
      "color": [
        0,
        127,
        255
      ]
    }
  ]
}