{
  "Lamp_Back": [
    -2.14435076713562,
    2.0649161338806152,
    5.214025974273682
  ],
  "Lamp_Key": [
    6.353531837463379,
    -3.8285441398620605,
    3.8427069187164307
  ],
  "Camera": [
    7.732959270477295,
    -6.5894293785095215,
    5.245839595794678
  ],
  "objects": [
    {
      "material": "MyMetal",
      "shape": "SmoothCube_v2",
      "size": 2.0,
      "color": [
        1.0,
        1.0,
        0.0,
        1.0
      ],
      "3d_coords": [
        -2.347114324569702,
        2.9381496906280518,
        2.0
      ],
      "rotation": 0.0,
      "pixel_coords": [
        71,
        29,
        13.797114372253418
      ]
    },
    {
      "material": "MyMetal",
      "shape": "Sphere",
      "size": 1.5,
      "color": [
        0.0,
        1.0,
        1.0,
        1.0
      ],
      "3d_coords": [
        -2.47601056098938,
        -0.8507722616195679,
        1.5
      ],
      "rotation": 0.0,
      "pixel_coords": [
        38,
        41,
        11.930136680603027
      ]
    }
  ],
  "image_filename": "000001614106998742",
  "Lamp_Fill": [
    -4.493065357208252,
    -4.918519496917725,
    2.122770071029663
  ]
}