{
  "image_filename": "000012516555653496",
  "objects": [
    {
      "shape": "NewellTeapot",
      "size": 1.5,
      "material": "data/materials/PoliigonBricksPaintedWhite001.blend",
      "3d_coords": [
        2.9000892639160156,
        2.4936368465423584,
        1.5
      ],
      "rotation": 0.0,
      "pixel_coords": [
        117,
        47,
        10.002106666564941
      ]
    },
    {
      "shape": "Torus",
      "size": 1.5,
      "material": "data/materials/PoliigonMetalSpottyDiscoloration001.blend",
      "3d_coords": [
        -1.392909288406372,
        -0.021769508719444275,
        1.5
      ],
      "rotation": 0.0,
      "pixel_coords": [
        52,
        42,
        11.159222602844238
      ]
    }
  ],
  "ground_material": "data/materials/PoliigonFabricFleece001.blend",
  "Lamp_Key": [
    7.147105693817139,
    -3.705980062484741,
    5.177746772766113
  ],
  "Lamp_Back": [
    -2.1209757328033447,
    3.560023307800293,
    6.508747577667236
  ],
  "Lamp_Fill": [
    -4.5011162757873535,
    -4.4875898361206055,
    3.708826780319214
  ],
  "Camera": [
    6.98279333114624,
    -6.877923488616943,
    4.893821716308594
  ]
}