{
  "image_filename": "000010242040421479",
  "objects": [
    {
      "shape": "Torus",
      "size": 1.5,
      "material": "data/materials/PoliigonWoodFlooring061.blend",
      "3d_coords": [
        2.2088701725006104,
        2.6724936962127686,
        1.5
      ],
      "rotation": 0.0,
      "pixel_coords": [
        110,
        47,
        10.516563415527344
      ]
    },
    {
      "shape": "Cylinder",
      "size": 2.0,
      "material": "data/materials/PoliigonChainmailCopperRoundedThin001.blend",
      "3d_coords": [
        -1.4659525156021118,
        -1.039305567741394,
        2.0
      ],
      "rotation": 0.0,
      "pixel_coords": [
        42,
        38,
        10.811978340148926
      ]
    }
  ],
  "ground_material": "data/materials/PoliigonChainmailCopperRoundedThin001.blend",
  "Lamp_Key": [
    7.1770219802856445,
    -3.28171968460083,
    3.984661817550659
  ],
  "Lamp_Back": [
    -1.2543572187423706,
    3.5821356773376465,
    5.567261695861816
  ],
  "Lamp_Fill": [
    -4.134789943695068,
    -4.313509464263916,
    3.746594190597534
  ],
  "Camera": [
    7.875094890594482,
    -6.20428991317749,
    5.159316062927246
  ]
}