{
  "Camera": [
    7.505467414855957,
    -6.600252628326416,
    5.722438812255859
  ],
  "Lamp_Key": [
    7.307806968688965,
    -3.486095428466797,
    3.328207015991211
  ],
  "objects": [
    {
      "color": [
        1.0,
        0.0,
        1.0,
        1.0
      ],
      "3d_coords": [
        -2.3733909130096436,
        -2.2633402347564697,
        2.0
      ],
      "pixel_coords": [
        22,
        40,
        10.772894859313965
      ],
      "size": 2.0,
      "rotation": 0.0,
      "material": "Rubber",
      "shape": "Sphere"
    },
    {
      "color": [
        0.0,
        1.0,
        1.0,
        1.0
      ],
      "3d_coords": [
        -1.667929768562317,
        0.7646093964576721,
        1.5
      ],
      "pixel_coords": [
        58,
        39,
        12.296869277954102
      ],
      "size": 1.5,
      "rotation": 0.0,
      "material": "MyMetal",
      "shape": "Sphere"
    }
  ],
  "Lamp_Fill": [
    -4.868766784667969,
    -4.977950096130371,
    2.4593214988708496
  ],
  "Lamp_Back": [
    -1.845191240310669,
    2.865316152572632,
    5.108663082122803
  ],
  "image_filename": "000008127650819343"
}