{
  "Camera": [
    7.171669960021973,
    -6.445675373077393,
    5.400641441345215
  ],
  "Lamp_Back": [
    -1.49280846118927,
    2.340949535369873,
    6.3701491355896
  ],
  "objects": [
    {
      "3d_coords": [
        0.3682164251804352,
        2.4987964630126953,
        1.0
      ],
      "shape": "Suzanne",
      "size": 1.0,
      "material": "Rubber",
      "pixel_coords": [
        89,
        46,
        11.78172779083252
      ],
      "color": [
        1.0,
        0.0,
        0.0,
        1.0
      ],
      "rotation": 0.0
    },
    {
      "3d_coords": [
        1.0537673234939575,
        -1.2190066576004028,
        2.0
      ],
      "shape": "Suzanne",
      "size": 2.0,
      "material": "MyMetal",
      "pixel_coords": [
        61,
        48,
        8.679940223693848
      ],
      "color": [
        1.0,
        1.0,
        0.0,
        1.0
      ],
      "rotation": 0.0
    }
  ],
  "Lamp_Key": [
    7.155300140380859,
    -3.585183620452881,
    4.1586012840271
  ],
  "image_filename": "000007611574731865",
  "Lamp_Fill": [
    -5.227810382843018,
    -4.876908302307129,
    2.4975602626800537
  ]
}