{
  "image_filename": "000010903358402118",
  "objects": [
    {
      "shape": "Icosahedron",
      "size": 2.0,
      "material": "data/materials/PoliigonFabricFleece001.blend",
      "3d_coords": [
        -1.3749501705169678,
        -2.2658703327178955,
        2.0
      ],
      "rotation": 0.0,
      "pixel_coords": [
        29,
        43,
        10.453376770019531
      ]
    },
    {
      "shape": "NewellTeapot",
      "size": 1.5,
      "material": "data/materials/PoliigonMetalSpottyDiscoloration001.blend",
      "3d_coords": [
        1.6937198638916016,
        2.3251280784606934,
        1.5
      ],
      "rotation": 0.0,
      "pixel_coords": [
        100,
        46,
        11.298389434814453
      ]
    }
  ],
  "ground_material": "data/materials/PoliigonWoodFlooring061.blend",
  "Lamp_Key": [
    7.340106964111328,
    -2.272696018218994,
    5.083993911743164
  ],
  "Lamp_Back": [
    -1.5614436864852905,
    3.060506820678711,
    6.723077774047852
  ],
  "Lamp_Fill": [
    -5.163410186767578,
    -3.2437381744384766,
    3.9768054485321045
  ],
  "Camera": [
    7.904638290405273,
    -6.864481449127197,
    5.3649067878723145
  ]
}