{
  "image_filename": "000001430556931712",
  "objects": [
    {
      "shape": "Suzanne",
      "size": 1.5,
      "material": "data/materials/PoliigonRoofTilesTerracotta004.blend",
      "3d_coords": [
        -2.1478044986724854,
        -2.824620485305786,
        1.5
      ],
      "rotation": 0.0,
      "pixel_coords": [
        17,
        48,
        10.472282409667969
      ]
    },
    {
      "shape": "Cone",
      "size": 2.0,
      "material": "data/materials/PoliigonRoofTilesTerracotta004.blend",
      "3d_coords": [
        2.607792615890503,
        0.7640166878700256,
        2.0
      ],
      "rotation": 0.0,
      "pixel_coords": [
        99,
        47,
        9.154420852661133
      ]
    }
  ],
  "ground_material": "data/materials/PoliigonMetalSpottyDiscoloration001.blend",
  "Lamp_Key": [
    7.140231132507324,
    -3.2063329219818115,
    3.4894368648529053
  ],
  "Lamp_Back": [
    -1.7268427610397339,
    2.08998441696167,
    4.819977760314941
  ],
  "Lamp_Fill": [
    -5.211552143096924,
    -4.656808376312256,
    2.265998601913452
  ],
  "Camera": [
    7.603574752807617,
    -6.6308512687683105,
    5.2571539878845215
  ]
}