{
  "objects": [
    {
      "3d_coords": [
        2.6412296295166016,
        0.19878804683685303,
        2.0
      ],
      "pixel_coords": [
        96,
        49,
        8.531928062438965
      ],
      "rotation": 0.0,
      "color": [
        1.0,
        0.0,
        0.0,
        1.0
      ],
      "shape": "SmoothCube_v2",
      "material": "Rubber",
      "size": 2.0
    },
    {
      "3d_coords": [
        -2.3473241329193115,
        -2.9274110794067383,
        1.5
      ],
      "pixel_coords": [
        12,
        47,
        10.125593185424805
      ],
      "rotation": 0.0,
      "color": [
        0.0,
        1.0,
        0.0,
        1.0
      ],
      "shape": "Sphere",
      "material": "MyMetal",
      "size": 1.5
    }
  ],
  "Lamp_Key": [
    6.740779399871826,
    -2.142127752304077,
    3.6525745391845703
  ],
  "Lamp_Fill": [
    -4.532872200012207,
    -3.7622251510620117,
    3.302354097366333
  ],
  "Lamp_Back": [
    -0.19721251726150513,
    3.639685869216919,
    6.2844719886779785
  ],
  "image_filename": "000007548260397945",
  "Camera": [
    7.181040287017822,
    -6.645612716674805,
    5.156459808349609
  ]
}