{
  "Camera": [
    7.698992729187012,
    -6.44340705871582,
    5.812796115875244
  ],
  "Lamp_Back": [
    -1.0025568008422852,
    3.201408624649048,
    6.7772088050842285
  ],
  "objects": [
    {
      "rotation": 0.0,
      "3d_coords": [
        -1.1838263273239136,
        1.300275444984436,
        1.5
      ],
      "material": "MyMetal",
      "color": [
        1.0,
        1.0,
        0.0,
        1.0
      ],
      "size": 1.5,
      "pixel_coords": [
        67,
        39,
        12.357147216796875
      ],
      "shape": "Suzanne"
    },
    {
      "rotation": 0.0,
      "3d_coords": [
        1.1660867929458618,
        -2.704596996307373,
        1.5
      ],
      "material": "MyMetal",
      "color": [
        1.0,
        1.0,
        0.0,
        1.0
      ],
      "size": 1.5,
      "pixel_coords": [
        42,
        64,
        8.573212623596191
      ],
      "shape": "Sphere"
    }
  ],
  "image_filename": "000008851257941217",
  "Lamp_Fill": [
    -4.587296962738037,
    -4.1962995529174805,
    3.535623788833618
  ],
  "Lamp_Key": [
    6.758843898773193,
    -3.365572929382324,
    4.48354434967041
  ]
}