{
  "image_filename": "000001393390091950",
  "Lamp_Fill": [
    -3.975891351699829,
    -3.397444486618042,
    3.83866024017334
  ],
  "Lamp_Back": [
    -2.1644463539123535,
    2.609168529510498,
    6.716950416564941
  ],
  "Lamp_Key": [
    5.478298187255859,
    -2.051628589630127,
    4.211636543273926
  ],
  "Camera": [
    7.489318370819092,
    -6.939948081970215,
    5.463658809661865
  ],
  "objects": [
    {
      "material": "Rubber",
      "shape": "SmoothCube_v2",
      "pixel_coords": [
        55,
        40,
        12.472407341003418
      ],
      "size": 1.5,
      "color": [
        1.0,
        0.0,
        0.0,
        1.0
      ],
      "3d_coords": [
        -1.8643584251403809,
        0.6575153470039368,
        1.5
      ],
      "rotation": 0.0
    },
    {
      "material": "Rubber",
      "shape": "SmoothCube_v2",
      "pixel_coords": [
        85,
        49,
        11.831549644470215
      ],
      "size": 1.0,
      "color": [
        1.0,
        0.0,
        0.0,
        1.0
      ],
      "3d_coords": [
        0.6284197568893433,
        1.8846174478530884,
        1.0
      ],
      "rotation": 0.0
    }
  ]
}