{
  "Lamp_Key": [
    5.827670097351074,
    -2.585362195968628,
    4.487059593200684
  ],
  "image_filename": "000004437010464892",
  "Lamp_Back": [
    -0.7032609581947327,
    2.5976474285125732,
    4.913888454437256
  ],
  "Camera": [
    7.606233596801758,
    -6.169058799743652,
    5.772099018096924
  ],
  "Lamp_Fill": [
    -4.89705753326416,
    -4.833852291107178,
    2.4556827545166016
  ],
  "objects": [
    {
      "material": "MyMetal",
      "size": 2.0,
      "shape": "Sphere",
      "color": [
        0.0,
        0.0,
        1.0,
        1.0
      ],
      "3d_coords": [
        0.630875289440155,
        2.784099817276001,
        2.0
      ],
      "rotation": 0.0,
      "pixel_coords": [
        95,
        35,
        11.441133499145508
      ]
    },
    {
      "material": "MyMetal",
      "size": 1.0,
      "shape": "Sphere",
      "color": [
        1.0,
        0.0,
        1.0,
        1.0
      ],
      "3d_coords": [
        -2.001516342163086,
        -0.6916153430938721,
        1.0
      ],
      "rotation": 0.0,
      "pixel_coords": [
        43,
        47,
        11.82403564453125
      ]
    }
  ]
}