{
  "Camera": [
    7.6880011558532715,
    -6.6115827560424805,
    5.7545647621154785
  ],
  "image_filename": "000010184226682389",
  "Lamp_Key": [
    6.698945045471191,
    -2.6596031188964844,
    4.1913018226623535
  ],
  "objects": [
    {
      "3d_coords": [
        -2.5473880767822266,
        2.6202542781829834,
        1.5
      ],
      "pixel_coords": [
        67,
        33,
        14.084331512451172
      ],
      "color": [
        0.0,
        1.0,
        1.0,
        1.0
      ],
      "size": 1.5,
      "material": "MyMetal",
      "shape": "Suzanne",
      "rotation": 0.0
    },
    {
      "3d_coords": [
        2.6547937393188477,
        1.4295916557312012,
        1.0
      ],
      "pixel_coords": [
        103,
        59,
        10.22558879852295
      ],
      "color": [
        1.0,
        1.0,
        0.0,
        1.0
      ],
      "size": 1.0,
      "material": "Rubber",
      "shape": "Suzanne",
      "rotation": 0.0
    }
  ],
  "Lamp_Back": [
    -0.7446969151496887,
    2.717567205429077,
    6.774053573608398
  ],
  "Lamp_Fill": [
    -4.126499176025391,
    -4.8876118659973145,
    2.476525068283081
  ]
}