{
  "image_filename": "000007218786086163",
  "objects": [
    {
      "shape": "Sphere",
      "size": 1.0,
      "material": "data/materials/PoliigonRoofTilesTerracotta004.blend",
      "3d_coords": [
        -1.672599196434021,
        0.48349952697753906,
        1.0
      ],
      "rotation": 0.0,
      "pixel_coords": [
        55,
        44,
        11.65037727355957
      ]
    },
    {
      "shape": "Torus",
      "size": 1.5,
      "material": "data/materials/PoliigonWoodFlooring061.blend",
      "3d_coords": [
        0.864991307258606,
        -2.1450066566467285,
        1.5
      ],
      "rotation": 0.0,
      "pixel_coords": [
        46,
        59,
        8.22530746459961
      ]
    }
  ],
  "ground_material": "data/materials/PoliigonBricksPaintedWhite001.blend",
  "Lamp_Key": [
    6.943380832672119,
    -3.5730764865875244,
    4.245031356811523
  ],
  "Lamp_Back": [
    -2.1135714054107666,
    2.2922918796539307,
    5.6667962074279785
  ],
  "Lamp_Fill": [
    -4.615633964538574,
    -4.389435768127441,
    3.5426483154296875
  ],
  "Camera": [
    7.062811374664307,
    -6.206861972808838,
    5.230964183807373
  ]
}