{
  "image_filename": "00000028",
  "objects": [
    {
      "shape": "circle",
      "size": 0.325,
      "rotation": 0.0,
      "2d_coords": [
        0.30761500230098504,
        0.24879872863908975
      ],
      "color": [
        0,
        255,
        0
      ]
    },
    {
      "shape": "circle",
      "size": 0.425,
      "rotation": 0.0,
      "2d_coords": [
        0.6956183731814389,
        0.8030499580032469
      ],
      "color": [
        255,
        0,
        255
      ]
    }
  ]
}