{
  "image_filename": "00000012",
  "objects": [
    {
      "shape": "square",
      "size": 0.225,
      "rotation": 0.0,
      "2d_coords": [
        0.9287639479337383,
        0.6058921244862923
      ],
      "color": [
        255,
        127,
        0
      ]
    },
    {
      "shape": "star_4",
      "size": 0.125,
      "rotation": 0.0,
      "2d_coords": [
        0.5348489955085258,
        0.7907831358547858
      ],
      "color": [
        0,
        255,
        0
      ]
    }
  ]
}