{
  "Camera": [
    7.733005046844482,
    -6.40531063079834,
    5.258229732513428
  ],
  "Lamp_Back": [
    -1.1784119606018066,
    1.6702221632003784,
    5.801763534545898
  ],
  "Lamp_Key": [
    6.214318752288818,
    -3.2034690380096436,
    4.125320911407471
  ],
  "image_filename": "000012014033877639",
  "objects": [
    {
      "3d_coords": [
        -1.1305100917816162,
        2.9355010986328125,
        2.0
      ],
      "pixel_coords": [
        81,
        31,
        12.837077140808105
      ],
      "color": [
        1.0,
        0.0,
        1.0,
        1.0
      ],
      "rotation": 0.0,
      "shape": "SmoothCube_v2",
      "size": 2.0,
      "material": "Rubber"
    },
    {
      "3d_coords": [
        -2.393519163131714,
        -1.9279975891113281,
        1.5
      ],
      "pixel_coords": [
        26,
        44,
        11.182318687438965
      ],
      "color": [
        0.0,
        1.0,
        0.0,
        1.0
      ],
      "rotation": 0.0,
      "shape": "Suzanne",
      "size": 1.5,
      "material": "MyMetal"
    }
  ],
  "Lamp_Fill": [
    -5.403223514556885,
    -3.59212327003479,
    2.096543550491333
  ]
}