{
  "image_filename": "000010112924968567",
  "objects": [
    {
      "shape": "Cube",
      "size": 1.0,
      "material": "data/materials/PoliigonBricksPaintedWhite001.blend",
      "3d_coords": [
        -2.408036231994629,
        -0.3292091190814972,
        1.0
      ],
      "rotation": 0.0,
      "pixel_coords": [
        42,
        46,
        12.085899353027344
      ]
    },
    {
      "shape": "Sphere",
      "size": 1.5,
      "material": "data/materials/PoliigonRoofTilesTerracotta004.blend",
      "3d_coords": [
        -2.708183526992798,
        2.9863500595092773,
        1.5
      ],
      "rotation": 0.0,
      "pixel_coords": [
        68,
        33,
        14.066425323486328
      ]
    }
  ],
  "ground_material": "data/materials/PoliigonChainmailCopperRoundedThin001.blend",
  "Lamp_Key": [
    6.367300510406494,
    -2.8720765113830566,
    5.0077314376831055
  ],
  "Lamp_Back": [
    -0.21899279952049255,
    3.570021629333496,
    6.6216607093811035
  ],
  "Lamp_Fill": [
    -4.510466575622559,
    -4.023268699645996,
    2.1461005210876465
  ],
  "Camera": [
    7.338150978088379,
    -6.747120380401611,
    4.989723205566406
  ]
}