{
  "Lamp_Fill": [
    -5.5666022300720215,
    -3.205291748046875,
    3.9913079738616943
  ],
  "Lamp_Back": [
    -2.0844807624816895,
    2.1212120056152344,
    5.628713607788086
  ],
  "image_filename": "000007722294738000",
  "Camera": [
    7.686779022216797,
    -6.064776420593262,
    5.553617477416992
  ],
  "Lamp_Key": [
    7.22052526473999,
    -3.6128971576690674,
    5.183207988739014
  ],
  "objects": [
    {
      "pixel_coords": [
        103,
        49,
        8.918575286865234
      ],
      "3d_coords": [
        2.7717742919921875,
        1.0050207376480103,
        2.0
      ],
      "rotation": 0.0,
      "shape": "Sphere",
      "color": [
        0.0,
        1.0,
        0.0,
        1.0
      ],
      "size": 2.0,
      "material": "Rubber"
    },
    {
      "pixel_coords": [
        43,
        63,
        9.306191444396973
      ],
      "3d_coords": [
        0.4509381353855133,
        -2.132791519165039,
        1.0
      ],
      "rotation": 0.0,
      "shape": "SmoothCube_v2",
      "color": [
        0.0,
        1.0,
        0.0,
        1.0
      ],
      "size": 1.0,
      "material": "Rubber"
    }
  ]
}