{
  "image_filename": "00000010",
  "objects": [
    {
      "shape": "triangle",
      "size": 0.225,
      "rotation": 0.0,
      "2d_coords": [
        0.7853667480442321,
        0.7520015461545086
      ],
      "color": [
        255,
        0,
        255
      ]
    },
    {
      "shape": "triangle",
      "size": 0.425,
      "rotation": 0.0,
      "2d_coords": [
        0.5456064874856316,
        0.43874097616915975
      ],
      "color": [
        255,
        127,
        0
      ]
    }
  ]
}