{
  "image_filename": "000011380890281200",
  "objects": [
    {
      "shape": "NewellTeapot",
      "size": 2.0,
      "material": "data/materials/PoliigonFabricFleece001.blend",
      "3d_coords": [
        1.2230112552642822,
        2.2885327339172363,
        2.0
      ],
      "rotation": 0.0,
      "pixel_coords": [
        97,
        38,
        10.796780586242676
      ]
    },
    {
      "shape": "Icosahedron",
      "size": 2.0,
      "material": "data/materials/PoliigonFabricDenim003.blend",
      "3d_coords": [
        2.487298011779785,
        -1.6116925477981567,
        2.0
      ],
      "rotation": 0.0,
      "pixel_coords": [
        70,
        59,
        7.782795429229736
      ]
    }
  ],
  "ground_material": "data/materials/PoliigonWoodFlooring061.blend",
  "Lamp_Key": [
    7.116445541381836,
    -3.465874671936035,
    3.3646326065063477
  ],
  "Lamp_Back": [
    -0.2583369314670563,
    2.8395917415618896,
    5.230355739593506
  ],
  "Lamp_Fill": [
    -5.175662040710449,
    -3.207960844039917,
    3.388517141342163
  ],
  "Camera": [
    7.557857990264893,
    -6.30517578125,
    5.610778331756592
  ]
}