{
  "image_filename": "00000088",
  "objects": [
    {
      "shape": "square",
      "size": 0.325,
      "rotation": 0.0,
      "2d_coords": [
        0.6044383694724504,
        0.6598641599302885
      ],
      "color": [
        255,
        0,
        255
      ]
    },
    {
      "shape": "triangle",
      "size": 0.125,
      "rotation": 0.0,
      "2d_coords": [
        0.10073494590711718,
        0.9303383620950881
      ],
      "color": [
        255,
        127,
        0
      ]
    }
  ]
}