{
  "Camera": [
    7.747427463531494,
    -6.511035919189453,
    5.318752288818359
  ],
  "objects": [
    {
      "color": [
        1.0,
        1.0,
        0.0,
        1.0
      ],
      "rotation": 0.0,
      "pixel_coords": [
        90,
        62,
        8.493311882019043
      ],
      "3d_coords": [
        2.9373981952667236,
        -0.44062507152557373,
        1.5
      ],
      "shape": "Sphere",
      "size": 1.5,
      "material": "MyMetal"
    },
    {
      "color": [
        0.0,
        0.0,
        1.0,
        1.0
      ],
      "rotation": 0.0,
      "pixel_coords": [
        75,
        34,
        13.723610877990723
      ],
      "3d_coords": [
        -1.9217952489852905,
        2.961275339126587,
        1.5
      ],
      "shape": "Sphere",
      "size": 1.5,
      "material": "MyMetal"
    }
  ],
  "Lamp_Key": [
    5.708597660064697,
    -2.5173890590667725,
    3.990471601486206
  ],
  "image_filename": "000017543945073389",
  "Lamp_Back": [
    -0.46578943729400635,
    3.2733240127563477,
    5.922832012176514
  ],
  "Lamp_Fill": [
    -5.369992256164551,
    -4.184872150421143,
    3.668213367462158
  ]
}