{
  "Lamp_Back": [
    -0.5396765470504761,
    2.572077989578247,
    6.179661750793457
  ],
  "image_filename": "000009813185120244",
  "Lamp_Fill": [
    -4.634047031402588,
    -4.049551010131836,
    2.7238571643829346
  ],
  "objects": [
    {
      "3d_coords": [
        -2.253633499145508,
        2.059445381164551,
        1.0
      ],
      "pixel_coords": [
        64,
        41,
        13.582173347473145
      ],
      "color": [
        1.0,
        0.0,
        0.0,
        1.0
      ],
      "rotation": 0.0,
      "material": "MyMetal",
      "size": 1.0,
      "shape": "Suzanne"
    },
    {
      "3d_coords": [
        0.6757342219352722,
        1.9543404579162598,
        1.5
      ],
      "pixel_coords": [
        87,
        43,
        11.38253116607666
      ],
      "color": [
        0.0,
        0.0,
        1.0,
        1.0
      ],
      "rotation": 0.0,
      "material": "MyMetal",
      "size": 1.5,
      "shape": "Suzanne"
    }
  ],
  "Lamp_Key": [
    5.876044750213623,
    -3.5987040996551514,
    3.908862590789795
  ],
  "Camera": [
    7.373569965362549,
    -6.872409820556641,
    5.148486614227295
  ]
}