{
  "image_filename": "000010104465187637",
  "objects": [
    {
      "shape": "Sphere",
      "size": 1.0,
      "material": "data/materials/PoliigonBricksFlemishRed001.blend",
      "3d_coords": [
        -0.6515321135520935,
        -1.7408394813537598,
        1.0
      ],
      "rotation": 0.0,
      "pixel_coords": [
        38,
        55,
        9.414349555969238
      ]
    },
    {
      "shape": "NewellTeapot",
      "size": 2.0,
      "material": "data/materials/PoliigonWoodFlooring061.blend",
      "3d_coords": [
        -1.8085923194885254,
        2.301004648208618,
        2.0
      ],
      "rotation": 0.0,
      "pixel_coords": [
        71,
        28,
        12.054638862609863
      ]
    }
  ],
  "ground_material": "data/materials/PoliigonWoodFlooring061.blend",
  "Lamp_Key": [
    5.990907669067383,
    -3.6594622135162354,
    4.85883903503418
  ],
  "Lamp_Back": [
    -0.9768273234367371,
    3.0349197387695312,
    6.7818450927734375
  ],
  "Lamp_Fill": [
    -5.167422771453857,
    -3.270702600479126,
    3.2282261848449707
  ],
  "Camera": [
    6.994799613952637,
    -6.033870697021484,
    4.887645721435547
  ]
}