{
  "Lamp_Fill": [
    -5.493966579437256,
    -4.996279716491699,
    3.906064510345459
  ],
  "Lamp_Key": [
    6.37261962890625,
    -3.0062553882598877,
    3.9956815242767334
  ],
  "Lamp_Back": [
    -2.096013069152832,
    1.6496471166610718,
    4.841513156890869
  ],
  "Camera": [
    7.281721591949463,
    -6.8669867515563965,
    5.500615119934082
  ],
  "image_filename": "000004416152133226",
  "objects": [
    {
      "rotation": 0.0,
      "3d_coords": [
        -2.5786349773406982,
        -1.4835230112075806,
        2.0
      ],
      "material": "Rubber",
      "color": [
        0.0,
        1.0,
        1.0,
        1.0
      ],
      "pixel_coords": [
        28,
        37,
        11.20968246459961
      ],
      "shape": "Suzanne",
      "size": 2.0
    },
    {
      "rotation": 0.0,
      "3d_coords": [
        -1.092193365097046,
        1.4929192066192627,
        1.0
      ],
      "material": "MyMetal",
      "color": [
        1.0,
        0.0,
        0.0,
        1.0
      ],
      "pixel_coords": [
        68,
        44,
        12.533223152160645
      ],
      "shape": "SmoothCube_v2",
      "size": 1.0
    }
  ]
}