{
  "image_filename": "000004783677763237",
  "objects": [
    {
      "shape": "Icosahedron",
      "size": 1.5,
      "material": "data/materials/PoliigonFabricFleece001.blend",
      "3d_coords": [
        -0.2936144173145294,
        1.338545322418213,
        1.5
      ],
      "rotation": 0.0,
      "pixel_coords": [
        75,
        40,
        10.81910514831543
      ]
    },
    {
      "shape": "Cube",
      "size": 1.5,
      "material": "data/materials/PoliigonBricksPaintedWhite001.blend",
      "3d_coords": [
        2.1998307704925537,
        -2.9926607608795166,
        1.5
      ],
      "rotation": 0.0,
      "pixel_coords": [
        46,
        71,
        6.645686626434326
      ]
    }
  ],
  "ground_material": "data/materials/PoliigonBricksPaintedWhite001.blend",
  "Lamp_Key": [
    5.860224723815918,
    -3.568925619125366,
    4.226722717285156
  ],
  "Lamp_Back": [
    -0.7162438035011292,
    2.4259867668151855,
    4.950518608093262
  ],
  "Lamp_Fill": [
    -4.5607709884643555,
    -3.4383318424224854,
    2.8396170139312744
  ],
  "Camera": [
    7.14226770401001,
    -6.047403335571289,
    4.85562801361084
  ]
}