{
  "image_filename": "000002436761168064",
  "objects": [
    {
      "shape": "Sphere",
      "size": 2.0,
      "material": "data/materials/PoliigonRoofTilesTerracotta004.blend",
      "3d_coords": [
        -0.3962274491786957,
        -2.675171136856079,
        2.0
      ],
      "rotation": 0.0,
      "pixel_coords": [
        31,
        47,
        9.57458209991455
      ]
    },
    {
      "shape": "Icosahedron",
      "size": 2.0,
      "material": "data/materials/PoliigonBricksPaintedWhite001.blend",
      "3d_coords": [
        2.00034499168396,
        0.9623163938522339,
        2.0
      ],
      "rotation": 0.0,
      "pixel_coords": [
        92,
        45,
        10.110761642456055
      ]
    }
  ],
  "ground_material": "data/materials/PoliigonWoodFlooring061.blend",
  "Lamp_Key": [
    6.610378265380859,
    -2.3322465419769287,
    4.171751022338867
  ],
  "Lamp_Back": [
    -2.110278606414795,
    3.261547327041626,
    5.845904350280762
  ],
  "Lamp_Fill": [
    -5.109866142272949,
    -4.221742630004883,
    2.704667329788208
  ],
  "Camera": [
    7.933880805969238,
    -6.963079929351807,
    5.219247817993164
  ]
}