{
  "Lamp_Back": [
    -0.920163631439209,
    3.2779879570007324,
    6.086526393890381
  ],
  "Camera": [
    7.172228813171387,
    -6.163212299346924,
    5.503524303436279
  ],
  "Lamp_Key": [
    6.884509086608887,
    -3.440641164779663,
    3.9753615856170654
  ],
  "image_filename": "000007400431188636",
  "objects": [
    {
      "rotation": 0.0,
      "color": [
        0.0,
        0.0,
        1.0,
        1.0
      ],
      "shape": "SmoothCube_v2",
      "size": 1.5,
      "material": "Rubber",
      "pixel_coords": [
        83,
        67,
        7.657833099365234
      ],
      "3d_coords": [
        2.9046847820281982,
        -1.1096268892288208,
        1.5
      ]
    },
    {
      "rotation": 0.0,
      "color": [
        1.0,
        0.0,
        1.0,
        1.0
      ],
      "shape": "SmoothCylinder",
      "size": 2.0,
      "material": "MyMetal",
      "pixel_coords": [
        12,
        41,
        9.746891975402832
      ],
      "3d_coords": [
        -2.213306427001953,
        -2.9103684425354004,
        2.0
      ]
    }
  ],
  "Lamp_Fill": [
    -4.8235931396484375,
    -3.18121337890625,
    2.511195182800293
  ]
}