{
  "image_filename": "000010258507480494",
  "objects": [
    {
      "pixel_coords": [
        46,
        39,
        12.379858016967773
      ],
      "size": 1.5,
      "shape": "SmoothCube_v2",
      "3d_coords": [
        -2.507887363433838,
        -0.04389093816280365,
        1.5
      ],
      "color": [
        1.0,
        0.0,
        1.0,
        1.0
      ],
      "rotation": 0.0,
      "material": "Rubber"
    },
    {
      "pixel_coords": [
        111,
        53,
        10.82744026184082
      ],
      "size": 1.0,
      "shape": "Suzanne",
      "3d_coords": [
        2.28006649017334,
        2.870509386062622,
        1.0
      ],
      "color": [
        0.0,
        1.0,
        1.0,
        1.0
      ],
      "rotation": 0.0,
      "material": "MyMetal"
    }
  ],
  "Lamp_Fill": [
    -5.342404842376709,
    -4.470701694488525,
    2.873913288116455
  ],
  "Camera": [
    7.962083339691162,
    -6.149659633636475,
    5.215296268463135
  ],
  "Lamp_Back": [
    -1.2261428833007812,
    2.658006191253662,
    6.57279634475708
  ],
  "Lamp_Key": [
    5.650144100189209,
    -2.607783317565918,
    3.7619731426239014
  ]
}