{
  "image_filename": "00000077",
  "objects": [
    {
      "shape": "square",
      "size": 0.325,
      "rotation": 0.0,
      "2d_coords": [
        0.3814197208469607,
        0.6683357476726351
      ],
      "color": [
        0,
        127,
        255
      ]
    },
    {
      "shape": "square",
      "size": 0.125,
      "rotation": 0.0,
      "2d_coords": [
        0.5761333191993103,
        0.7309883455784634
      ],
      "color": [
        0,
        255,
        0
      ]
    }
  ]
}